cycle_count,cycle_phase,pressure,temperature,flow,specimen_temp,injected_anomaly,anomaly_type,isolation_forest_detected,isolation_forest_score,local_outlier_factor_detected,local_outlier_factor_score,one_class_svm_detected,one_class_svm_score,elliptic_envelope_detected,elliptic_envelope_score,zscore_detected,zscore_score
0,0.0,0.0,42.7,0.41,18.9,False,,False,46.6,False,10.3,False,60.1,False,0.8,False,26.4
0,0.025,16.1,42.8,0.32,18.1,False,,False,46.0,False,29.5,False,36.2,False,0.5,False,25.0
0,0.05,31.5,43.5,0.277,19.7,False,,False,38.8,False,12.5,False,29.7,False,0.3,False,23.7
0,0.075,43.1,46.8,0.509,21.4,False,,False,31.5,False,17.1,False,65.7,False,0.2,False,22.3
0,0.1,52.2,46.2,0.484,20.9,False,,False,25.8,False,6.3,False,45.0,False,0.1,False,21.0
0,0.125,61.4,46.3,10.281,23.4,True,FLOW_SPIKE,False,69.3,True,100.0,True,100.0,True,29.2,False,48.1
0,0.15,68.8,47.0,12.615,22.1,True,FLOW_SPIKE,False,63.9,True,100.0,True,100.0,True,44.5,True,60.3
0,0.175,74.4,47.7,19.914,20.2,True,FLOW_SPIKE,False,64.9,True,100.0,True,100.0,True,100.0,True,98.6
0,0.2,79.6,47.6,14.532,21.4,True,FLOW_SPIKE,False,59.9,True,100.0,True,100.0,True,59.5,True,70.4
0,0.225,83.7,47.7,10.01,24.5,True,FLOW_SPIKE,False,63.9,True,100.0,True,100.0,True,27.5,False,46.7
0,0.25,87.6,47.8,21.309,22.1,True,FLOW_SPIKE,False,61.8,True,100.0,True,100.0,True,100.0,True,100.0
0,0.275,90.8,47.7,17.15,23.0,True,FLOW_SPIKE,False,64.6,True,100.0,True,100.0,True,83.6,True,84.1
0,0.3,93.1,48.6,9.139,21.3,True,FLOW_SPIKE,False,51.6,True,100.0,True,100.0,True,22.8,False,42.1
0,0.325,95.1,47.4,0.442,20.6,True,,False,10.7,False,12.2,False,32.4,False,0.0,False,12.2
0,0.35,96.2,48.4,0.42,19.4,False,,False,9.7,False,15.0,False,22.6,False,0.0,False,12.6
0,0.375,98.1,49.8,0.333,21.0,False,,False,5.2,False,4.8,False,22.6,False,0.0,False,17.0
0,0.4,99.2,48.6,0.542,19.5,False,,False,17.3,False,27.8,False,18.2,False,0.0,False,13.7
0,0.425,99.8,48.4,0.493,20.0,False,,False,10.5,False,14.1,False,15.3,False,0.0,False,13.9
0,0.45,102.2,48.9,0.254,20.5,False,,False,9.6,False,7.3,False,15.4,False,0.0,False,14.7
0,0.475,101.4,49.5,0.414,22.7,False,,False,0.7,False,6.2,False,12.9,False,0.0,False,15.6
0,0.5,102.6,48.6,0.258,23.0,False,,False,7.0,False,8.2,False,17.9,False,0.0,False,14.9
0,0.525,103.5,47.6,0.482,20.2,False,,False,14.3,False,25.4,False,34.4,False,0.0,False,15.2
0,0.55,103.2,48.3,0.276,23.2,False,,False,8.7,False,13.1,False,26.9,False,0.0,False,15.1
0,0.575,103.3,50.1,0.467,23.5,False,,False,9.2,False,11.5,False,30.8,False,0.0,False,18.4
0,0.6,104.7,50.2,0.273,21.7,False,,False,12.1,False,7.7,False,36.2,False,0.0,False,18.9
0,0.625,104.9,48.5,0.353,22.4,False,,False,6.7,False,5.4,False,41.0,False,0.0,False,15.7
0,0.65,104.6,50.8,0.379,20.4,False,,False,19.5,False,23.4,False,61.9,False,0.0,False,21.8
0,0.675,104.5,48.0,0.363,20.5,False,,False,17.2,False,17.5,False,61.9,False,0.0,False,15.6
0,0.7,104.5,49.5,18.497,-24.5,False,,True,96.3,False,1.7,False,68.5,True,100.0,True,91.2
0,0.725,0.2,41.7,6.969,-12.8,False,,True,72.3,False,2.7,False,58.8,True,16.1,False,45.5
0,0.75,0.4,42.6,2.892,-0.8,False,,False,52.5,False,34.7,False,24.5,False,4.4,False,27.2
0,0.775,0.0,43.2,1.434,3.4,False,,False,43.0,False,18.6,False,33.5,False,2.7,False,21.3
0,0.8,0.0,41.9,0.763,8.0,False,,False,24.6,False,2.2,False,7.7,False,2.3,False,21.3
0,0.825,0.0,44.3,0.571,13.4,False,,False,34.0,False,42.8,False,28.6,False,2.3,False,21.3
0,0.85,0.0,41.4,0.382,14.3,False,,False,14.2,False,4.2,False,3.3,False,2.3,False,23.2
0,0.875,0.0,42.3,0.312,16.6,False,,False,14.7,False,4.9,False,10.2,False,2.3,False,21.3
0,0.9,0.1,42.3,0.479,16.0,False,,False,16.5,False,3.8,False,14.6,False,2.4,False,22.3
0,0.925,0.2,43.1,0.417,18.9,False,,False,23.9,False,11.6,False,43.4,False,2.4,False,23.7
0,0.95,0.0,42.0,0.317,18.0,False,,False,19.9,False,1.7,False,40.9,False,2.5,False,25.0
1,0.975,0.3,40.4,0.426,20.1,False,,False,38.7,False,33.1,True,80.7,False,2.6,False,27.9
1,0.0,8.2,43.2,0.529,22.8,True,OVERPRESSURE,False,59.2,False,36.4,False,62.5,False,0.6,False,26.4
1,0.025,26.3,42.8,0.502,20.6,True,OVERPRESSURE,False,41.1,False,45.5,False,37.6,False,0.3,False,25.0
1,0.05,38.2,44.7,0.483,20.9,True,OVERPRESSURE,False,32.3,False,5.9,False,41.8,False,0.2,False,23.7
1,0.075,53.4,45.4,0.449,24.1,True,OVERPRESSURE,False,40.0,False,46.8,False,66.5,False,0.1,False,22.3
1,0.1,62.7,47.0,0.433,21.6,True,OVERPRESSURE,False,19.2,False,9.4,False,63.3,False,0.0,False,21.0
1,0.125,70.1,47.3,0.418,21.5,True,OVERPRESSURE,False,16.8,False,6.0,False,61.3,False,0.0,False,19.6
1,0.15,75.1,46.5,0.788,21.2,True,OVERPRESSURE,False,40.3,False,24.5,False,58.0,False,0.1,False,18.3
1,0.175,82.8,48.0,0.498,23.1,True,OVERPRESSURE,False,18.1,False,27.8,False,62.9,False,0.0,False,16.9
1,0.2,87.7,47.9,0.234,21.8,True,OVERPRESSURE,False,17.2,False,27.7,False,56.9,False,0.0,False,15.6
1,0.225,83.8,47.0,0.418,22.9,True,,False,12.4,False,10.1,False,45.0,False,0.0,False,14.2
1,0.25,87.9,47.0,0.458,20.7,False,,False,12.0,False,7.4,False,41.7,False,0.0,False,12.9
1,0.275,90.8,48.4,0.41,17.9,False,,False,19.1,False,43.9,False,42.6,False,0.0,False,11.5
1,0.3,92.8,49.9,0.384,21.4,False,,False,9.5,False,9.7,False,38.5,False,0.0,False,17.5
1,0.325,95.1,49.0,0.353,20.7,False,,False,6.7,False,8.0,False,23.9,False,0.0,False,13.2
1,0.35,96.1,49.6,0.288,22.6,False,,False,9.1,False,8.7,False,24.2,False,0.0,False,16.0
1,0.375,98.1,48.9,0.481,24.0,False,,False,11.7,False,18.1,False,23.2,False,0.0,False,13.3
1,0.4,100.5,48.2,0.357,19.9,False,,False,6.6,False,21.6,False,22.8,False,0.0,False,14.1
1,0.425,99.8,48.8,0.473,21.0,False,,False,4.2,False,6.1,False,11.2,False,0.0,False,13.9
1,0.45,100.8,50.1,0.432,21.3,False,,False,5.7,False,10.2,False,18.7,False,0.0,False,18.4
1,0.475,102.8,48.3,0.424,20.8,False,,False,3.6,False,6.2,False,18.8,False,0.0,False,15.0
1,0.5,103.5,48.8,0.333,20.2,False,,False,4.7,False,7.1,False,18.0,False,0.0,False,15.2
1,0.525,103.6,49.0,0.25,19.2,False,,False,15.7,False,28.1,False,23.0,False,0.0,False,15.2
1,0.55,103.8,49.8,0.566,23.3,False,,False,15.3,False,17.2,False,24.8,False,0.0,False,17.0
1,0.575,104.1,49.4,0.515,22.9,False,,False,4.9,False,8.4,False,25.3,False,0.0,False,15.4
1,0.6,104.6,48.7,0.204,21.4,False,,False,13.6,False,8.1,False,32.0,False,0.0,False,15.6
1,0.625,112.0,49.0,0.333,18.9,True,OVERPRESSURE,False,24.4,False,50.5,False,63.7,False,0.0,False,18.2
1,0.65,112.0,51.6,0.358,24.8,True,OVERPRESSURE,False,43.8,True,68.7,True,100.0,False,0.0,False,25.6
1,0.675,111.5,46.9,0.403,22.4,True,OVERPRESSURE,False,27.0,False,51.7,True,100.0,False,0.0,False,18.0
1,0.7,115.5,48.1,18.086,-22.4,True,OVERPRESSURE,True,100.0,True,100.0,True,98.0,True,96.0,True,89.0
1,0.725,7.4,42.9,7.046,-13.8,True,OVERPRESSURE,True,78.8,False,19.0,False,69.3,True,16.3,False,47.0
1,0.75,9.1,41.9,2.922,-1.6,True,OVERPRESSURE,False,61.7,True,68.1,False,27.7,False,4.2,False,28.4
1,0.775,7.0,39.8,1.082,0.4,True,OVERPRESSURE,False,64.5,True,73.5,True,100.0,False,2.5,False,30.8
1,0.8,6.4,40.7,0.486,7.7,True,OVERPRESSURE,False,41.9,False,15.4,False,31.4,False,2.1,False,26.5
1,0.825,10.4,40.4,0.281,12.8,True,OVERPRESSURE,False,44.5,True,78.5,False,21.4,False,1.9,False,27.9
1,0.85,0.1,40.6,0.454,13.6,True,,False,20.9,False,17.1,False,17.1,False,2.3,False,27.0
1,0.875,0.0,41.6,0.419,14.2,False,,False,14.7,False,6.2,False,7.7,False,2.3,False,22.2
1,0.9,0.0,41.5,0.321,15.4,False,,False,19.2,False,9.2,False,17.9,False,2.4,False,22.7
1,0.925,0.0,42.5,0.229,18.4,False,,False,24.8,False,10.0,False,36.3,False,2.4,False,23.7
1,0.95,0.0,42.4,0.538,17.0,False,,False,25.5,False,7.1,False,36.2,False,2.5,False,25.0
2,0.975,0.4,41.9,0.291,18.8,False,,False,31.3,False,5.4,False,55.4,False,2.5,False,26.4
2,0.0,0.0,41.3,0.019,19.5,False,,False,59.0,False,12.2,False,70.4,False,0.8,False,26.4
2,0.025,17.5,43.3,0.354,21.3,False,,False,34.0,False,7.4,False,38.3,False,0.5,False,25.0
2,0.05,30.3,44.0,0.194,21.4,False,,False,47.4,False,4.3,False,34.2,False,0.3,False,23.7
2,0.075,43.1,46.6,0.441,23.1,False,,False,34.7,False,17.6,False,68.1,False,0.2,False,22.3
2,0.1,53.5,46.0,0.461,22.6,False,,False,24.9,False,8.9,False,49.2,False,0.1,False,21.0
2,0.125,61.6,48.4,0.372,20.6,False,,False,23.7,False,44.7,False,71.6,False,0.1,False,19.6
2,0.15,68.4,47.4,0.311,19.6,False,,False,23.0,False,13.1,False,48.9,False,0.0,False,18.3
2,0.175,74.6,47.7,0.171,21.5,False,,False,27.6,False,6.7,False,46.0,False,0.0,False,16.9
2,0.2,79.2,46.7,0.193,22.2,False,,False,29.7,False,5.4,False,45.5,False,0.0,False,15.6
2,0.225,84.3,46.2,0.314,22.7,False,,False,23.4,False,12.1,False,56.1,False,0.0,False,14.2
2,0.25,88.4,48.4,0.355,23.6,False,,False,11.9,False,16.0,False,41.9,False,0.0,False,12.9
2,0.275,91.0,48.1,0.412,20.0,False,,False,8.7,False,11.6,False,33.0,False,0.0,False,11.5
2,0.3,93.5,50.0,0.386,25.1,False,,False,26.2,False,47.3,False,55.2,False,0.0,False,17.9
2,0.325,94.4,49.1,0.461,23.2,False,,False,7.0,False,10.2,False,26.1,False,0.0,False,13.6
2,0.35,95.9,50.7,11.432,22.0,True,FLOW_SPIKE,False,65.6,True,100.0,True,100.0,True,36.3,True,54.1
2,0.375,97.4,48.7,10.293,22.2,True,FLOW_SPIKE,False,52.6,True,100.0,True,100.0,True,29.2,False,48.2
2,0.4,100.0,48.9,15.571,24.6,True,FLOW_SPIKE,False,68.5,True,100.0,True,100.0,True,68.6,True,75.8
2,0.425,100.7,49.2,15.101,22.8,True,FLOW_SPIKE,False,58.5,True,100.0,True,100.0,True,64.4,True,73.4
2,0.45,101.4,50.8,15.924,23.6,True,FLOW_SPIKE,True,70.3,True,100.0,True,100.0,True,71.8,True,77.7
2,0.475,102.7,48.8,14.346,24.0,True,FLOW_SPIKE,False,64.1,True,100.0,True,100.0,True,57.9,True,69.4
2,0.5,102.8,49.6,18.271,21.9,True,FLOW_SPIKE,False,60.3,True,100.0,True,100.0,True,95.1,True,90.0
2,0.525,103.7,47.6,0.565,21.9,True,,False,18.1,False,18.7,False,34.4,False,0.0,False,15.3
2,0.55,104.3,48.7,0.458,20.8,False,,False,4.6,False,3.7,False,22.6,False,0.0,False,15.5
2,0.575,105.2,49.8,0.383,23.7,False,,False,10.5,False,13.7,False,32.4,False,0.0,False,17.0
2,0.6,104.4,49.0,0.414,22.0,False,,False,1.5,False,5.0,False,29.4,False,0.0,False,15.5
2,0.625,104.3,49.9,0.237,22.3,False,,False,14.6,False,6.7,False,38.5,False,0.0,False,17.5
2,0.65,105.7,50.1,0.347,22.2,False,,False,13.4,False,4.9,False,50.1,False,0.0,False,18.4
2,0.675,105.1,46.4,0.288,22.2,False,,False,29.6,True,79.8,True,100.0,False,0.0,False,15.8
2,0.7,103.5,50.6,18.405,-23.3,False,,True,100.0,True,55.7,True,89.0,True,99.4,True,90.7
2,0.725,0.0,43.5,7.236,-14.5,False,,True,77.5,False,48.6,True,87.0,True,17.3,False,48.1
2,0.75,0.0,41.7,3.024,-5.0,False,,False,51.8,False,5.3,False,42.2,False,4.8,False,33.6
2,0.775,0.0,42.7,1.304,-0.0,False,,False,41.6,False,25.8,False,59.5,False,2.8,False,26.0
2,0.8,0.0,39.7,0.721,8.8,False,,False,42.2,False,38.9,False,51.3,False,2.3,False,31.3
2,0.825,0.3,40.9,0.422,10.5,False,,False,22.8,False,29.7,False,16.2,False,2.3,False,25.6
2,0.85,0.0,43.1,0.405,13.6,False,,False,18.6,False,9.2,False,8.5,False,2.3,False,21.3
2,0.875,0.4,43.1,0.461,15.7,False,,False,22.2,False,5.3,False,13.9,False,2.3,False,21.1
2,0.9,0.0,42.3,0.396,19.6,False,,False,16.2,False,32.0,False,31.2,False,2.4,False,22.3
2,0.925,0.0,42.2,0.418,18.2,False,,False,16.2,False,4.1,False,31.2,False,2.4,False,23.7
2,0.95,0.1,40.5,0.443,17.1,False,,False,28.0,False,18.7,False,53.1,False,2.5,False,27.5
3,0.975,0.0,41.9,0.208,19.3,False,,False,33.8,False,11.2,False,59.7,False,2.6,False,26.4
3,0.0,0.2,91.3,0.37,20.9,True,THERMAL,False,67.5,True,100.0,True,100.0,True,8.0,True,100.0
3,0.025,16.8,88.6,0.479,19.6,True,THERMAL,False,64.0,True,100.0,True,100.0,True,6.6,True,100.0
3,0.05,30.3,92.8,0.469,21.4,True,THERMAL,False,59.8,True,100.0,True,100.0,True,7.4,True,100.0
3,0.075,42.9,80.2,0.58,22.3,True,THERMAL,False,62.9,True,100.0,True,100.0,False,3.9,True,100.0
3,0.1,54.2,87.8,0.362,20.0,True,THERMAL,False,49.6,True,100.0,True,100.0,False,5.4,True,100.0
3,0.125,62.2,81.4,0.328,22.1,True,THERMAL,False,46.4,True,100.0,True,100.0,False,3.7,True,100.0
3,0.15,68.7,91.5,0.355,21.8,True,THERMAL,False,44.1,True,100.0,True,100.0,True,6.0,True,100.0
3,0.175,74.5,95.5,0.54,22.4,True,THERMAL,False,48.5,True,100.0,True,100.0,True,7.0,True,100.0
3,0.2,79.5,46.5,0.138,22.2,True,,False,33.1,False,8.8,False,48.4,False,0.0,False,15.6
3,0.225,83.3,46.7,0.431,20.0,False,,False,17.5,False,9.0,False,43.3,False,0.0,False,14.2
3,0.25,88.2,49.1,0.424,21.4,False,,False,9.9,False,6.0,False,40.3,False,0.0,False,13.6
3,0.275,90.4,48.0,0.357,21.5,False,,False,4.1,False,4.7,False,30.6,False,0.0,False,11.5
3,0.3,93.1,48.9,0.425,23.3,False,,False,6.7,False,10.3,False,31.4,False,0.0,False,12.7
3,0.325,94.4,49.0,0.371,22.9,False,,False,5.8,False,7.3,False,24.5,False,0.0,False,13.2
3,0.35,96.4,48.3,0.073,23.0,False,,False,23.1,False,23.2,False,24.2,False,0.0,False,12.7
3,0.375,98.8,50.5,0.425,22.3,False,,False,12.7,False,19.6,False,36.7,False,0.0,False,20.3
3,0.4,99.8,48.5,0.399,24.4,False,,False,10.8,False,14.5,False,26.0,False,0.0,False,13.9
3,0.425,100.0,48.6,0.291,25.7,False,,False,26.2,False,48.4,False,32.7,False,0.0,False,14.0
3,0.45,101.2,48.0,0.29,20.1,False,,False,12.8,False,13.6,False,20.9,False,0.0,False,14.4
3,0.475,103.0,48.1,0.503,23.0,False,,False,9.1,False,9.8,False,24.4,False,0.0,False,15.0
3,0.5,102.8,50.1,0.293,20.5,False,,False,8.4,False,5.4,False,21.7,False,0.0,False,18.4
3,0.525,103.1,50.4,0.459,20.0,False,,False,11.2,False,8.9,False,29.5,False,0.0,False,19.9
3,0.55,104.2,50.5,0.163,18.5,False,,False,36.7,True,54.4,False,44.5,False,0.0,False,20.3
3,0.575,105.2,48.5,0.493,23.1,False,,False,9.5,False,6.6,False,32.8,False,0.0,False,15.8
3,0.6,104.2,48.8,0.4,22.1,False,,False,2.2,False,7.1,False,30.0,False,0.0,False,15.4
3,0.625,104.0,46.8,0.415,23.9,False,,False,25.8,False,35.8,True,79.3,False,0.0,False,15.4
3,0.65,103.8,49.4,0.243,23.5,False,,False,16.7,False,6.8,False,45.2,False,0.0,False,15.3
3,0.675,104.9,49.6,0.577,23.1,False,,False,22.4,False,12.1,False,55.2,False,0.0,False,16.0
3,0.7,103.7,49.6,18.431,-22.4,False,,True,99.9,False,29.1,True,78.2,True,99.6,True,90.8
3,0.725,0.0,38.9,7.137,-15.2,False,,True,87.2,True,100.0,True,100.0,True,17.0,False,49.1
3,0.75,0.0,41.3,3.072,-3.3,False,,False,54.3,False,2.1,False,37.6,False,4.8,False,31.0
3,0.775,0.0,41.8,1.36,2.7,False,,False,36.9,False,5.3,False,32.1,False,2.7,False,21.9
3,0.8,0.0,41.6,0.814,6.1,False,,False,30.8,False,15.2,False,22.6,False,2.4,False,22.2
3,0.825,0.0,41.6,0.475,10.7,False,,False,15.4,False,9.5,False,4.3,False,2.3,False,22.2
3,0.85,0.1,42.9,0.657,13.1,False,,False,24.4,False,14.9,False,2.4,False,2.3,False,21.2
3,0.875,0.0,41.8,0.331,14.1,False,,False,17.4,False,4.2,False,8.3,False,2.3,False,21.3
3,0.9,0.0,41.2,0.396,16.8,False,,False,16.3,False,4.9,False,22.5,False,2.4,False,24.1
3,0.925,0.2,41.2,0.623,17.9,False,,False,32.8,False,6.7,False,32.7,False,2.4,False,24.1
3,0.95,0.1,42.0,0.487,18.5,False,,False,21.4,False,0.3,False,41.3,False,2.5,False,25.0
4,0.975,0.6,43.4,0.434,18.5,False,,False,36.0,False,9.1,False,67.5,False,2.5,False,26.4
4,0.0,0.0,41.1,0.49,22.1,False,,False,56.7,False,32.9,True,78.7,False,0.8,False,26.4
4,0.025,17.0,43.7,0.527,22.3,False,,False,45.6,False,24.1,False,46.0,False,0.5,False,25.0
4,0.05,31.5,42.1,13.155,22.5,True,FLOW_SPIKE,True,83.3,True,100.0,True,100.0,True,48.8,True,63.2
4,0.075,42.3,46.0,9.261,20.2,True,FLOW_SPIKE,False,65.3,True,100.0,True,100.0,True,23.6,False,42.7
4,0.1,54.3,46.4,11.029,20.0,True,FLOW_SPIKE,False,65.2,True,100.0,True,100.0,True,33.8,True,52.0
4,0.125,60.8,46.0,14.361,23.3,True,FLOW_SPIKE,True,74.4,True,100.0,True,100.0,True,58.1,True,69.5
4,0.15,68.1,45.8,12.735,19.5,True,FLOW_SPIKE,False,68.7,True,100.0,True,100.0,True,45.4,True,61.0
4,0.175,75.1,46.7,19.737,20.2,True,FLOW_SPIKE,False,65.4,True,100.0,True,100.0,True,100.0,True,97.7
4,0.2,79.5,46.4,21.142,21.3,True,FLOW_SPIKE,False,65.7,True,100.0,True,100.0,True,100.0,True,100.0
4,0.225,83.9,48.5,17.399,18.3,True,FLOW_SPIKE,True,71.4,True,100.0,True,100.0,True,86.1,True,85.4
4,0.25,87.9,47.8,12.055,23.4,True,FLOW_SPIKE,False,63.3,True,100.0,True,100.0,True,40.5,True,57.4
4,0.275,89.7,48.6,15.508,19.2,True,FLOW_SPIKE,False,65.8,True,100.0,True,100.0,True,68.0,True,75.5
4,0.3,94.2,47.6,9.171,20.0,True,FLOW_SPIKE,False,57.5,True,100.0,True,100.0,True,23.0,False,42.3
4,0.325,95.4,49.0,0.341,22.8,True,,False,6.4,False,8.6,False,26.1,False,0.0,False,13.2
4,0.35,96.5,49.9,0.317,20.1,False,,False,11.6,False,16.7,False,30.0,False,0.0,False,17.5
4,0.375,99.5,48.6,0.37,21.2,False,,False,1.5,False,7.2,False,19.8,False,0.0,False,13.8
4,0.4,98.3,48.3,0.472,21.3,False,,False,3.5,False,5.8,False,13.7,False,0.0,False,13.4
4,0.425,101.1,49.3,0.457,19.1,False,,False,12.6,False,26.2,False,21.0,False,0.0,False,14.6
4,0.45,101.6,49.2,0.377,22.2,False,,False,0.0,False,4.3,False,12.9,False,0.0,False,14.5
4,0.475,101.3,48.2,0.484,21.0,False,,False,3.7,False,6.3,False,15.6,False,0.0,False,14.4
4,0.5,103.5,50.6,0.317,23.0,False,,False,11.9,False,13.1,False,32.1,False,0.0,False,20.8
4,0.525,103.4,49.7,0.432,19.6,False,,False,7.6,False,22.8,False,22.3,False,0.0,False,16.5
4,0.55,104.0,50.4,0.359,23.7,False,,False,12.1,False,13.8,False,34.1,False,0.0,False,19.9
4,0.575,102.2,49.5,0.638,21.6,False,,False,20.0,False,10.2,False,20.3,False,0.0,False,15.6
4,0.6,104.8,48.8,0.381,20.7,False,,False,5.8,False,6.5,False,31.9,False,0.0,False,15.7
4,0.625,104.3,48.4,0.555,19.3,False,,False,25.4,False,18.7,False,44.5,False,0.0,False,15.5
4,0.65,105.2,48.1,0.483,24.0,False,,False,21.8,False,14.4,False,60.2,False,0.0,False,15.8
4,0.675,105.4,49.1,0.417,23.2,False,,False,11.8,False,8.0,False,55.9,False,0.0,False,15.9
4,0.7,104.3,49.3,18.465,-25.8,False,,True,96.5,False,1.5,False,66.9,True,100.0,True,91.0
4,0.725,0.0,43.5,7.062,-14.1,False,,True,75.1,False,47.9,True,80.4,True,16.6,False,47.5
4,0.75,0.1,41.6,2.778,-3.9,False,,False,50.3,False,0.5,False,43.0,False,4.4,False,31.9
4,0.775,0.1,42.9,1.348,3.3,False,,False,39.5,False,6.6,False,31.6,False,2.7,False,21.2
4,0.8,0.0,40.7,0.654,6.0,False,,False,31.9,False,14.8,False,42.1,False,2.4,False,26.5
4,0.825,0.0,41.4,0.547,12.9,False,,False,20.3,False,10.2,False,0.0,False,2.3,False,23.2
4,0.85,0.0,42.2,0.245,13.6,False,,False,19.6,False,6.2,False,3.5,False,2.3,False,21.3
4,0.875,0.0,41.1,0.509,12.1,False,,False,24.1,False,19.0,False,16.3,False,2.4,False,24.6
4,0.9,0.0,41.4,0.61,14.2,False,,False,29.1,False,35.3,False,14.5,False,2.4,False,23.2
4,0.925,0.0,42.3,0.503,18.8,False,,False,20.8,False,6.9,False,33.9,False,2.4,False,23.7
4,0.95,0.0,43.8,0.268,15.2,False,,False,34.6,True,53.8,False,61.1,False,2.5,False,25.0
5,0.975,0.0,42.1,0.259,18.7,False,,False,28.5,False,7.4,False,55.8,False,2.6,False,26.4
5,0.0,0.2,42.6,0.298,19.2,False,,False,48.5,False,6.8,False,59.6,False,0.8,False,26.4
5,0.025,16.6,42.7,0.42,23.1,False,,False,45.5,False,40.8,False,47.6,False,0.5,False,25.0
5,0.05,31.3,44.8,0.223,22.1,False,,False,44.8,False,14.5,False,45.0,False,0.3,False,23.7
5,0.075,43.6,45.2,0.417,20.1,False,,False,28.3,False,2.4,False,38.7,False,0.2,False,22.3
5,0.1,53.2,47.9,0.491,21.6,False,,False,26.8,False,46.0,True,75.4,False,0.1,False,21.0
5,0.125,60.8,45.7,0.552,21.8,False,,False,31.5,False,9.3,False,43.7,False,0.1,False,19.6
5,0.15,69.2,47.3,0.529,21.7,False,,False,22.1,False,3.7,False,48.3,False,0.0,False,18.3
5,0.175,73.1,47.8,0.439,22.1,False,,False,11.8,False,6.0,False,45.1,False,0.0,False,16.9
5,0.2,78.8,46.6,0.284,22.4,False,,False,18.8,False,5.7,False,45.6,False,0.0,False,15.6
5,0.225,83.3,47.6,0.42,21.0,False,,False,7.7,False,4.3,False,36.5,False,0.0,False,14.2
5,0.25,87.4,48.3,0.465,22.2,False,,False,7.0,False,4.3,False,34.8,False,0.0,False,12.9
5,0.275,90.7,48.0,0.378,22.3,False,,False,4.9,False,4.5,False,32.4,False,0.0,False,11.5
5,0.3,93.0,47.7,0.444,22.9,False,,False,6.9,False,10.6,False,33.3,False,0.0,False,11.5
5,0.325,95.2,48.0,0.495,24.2,False,,False,19.3,False,21.0,False,34.9,False,0.0,False,12.3
5,0.35,97.8,49.0,0.418,21.4,False,,False,2.7,False,5.2,False,21.6,False,0.0,False,13.2
5,0.375,99.0,49.5,0.389,20.0,False,,False,7.8,False,14.3,False,23.2,False,0.0,False,15.6
5,0.4,99.5,48.6,0.43,21.9,False,,False,0.7,False,4.6,False,15.0,False,0.0,False,13.8
5,0.425,101.5,49.1,0.419,20.2,False,,False,4.6,False,17.7,False,16.7,False,0.0,False,14.5
5,0.45,101.7,48.7,0.379,22.1,False,,False,0.0,False,6.9,False,13.9,False,0.0,False,14.6
5,0.475,102.7,49.0,0.397,23.0,False,,False,1.0,False,4.8,False,15.8,False,0.0,False,14.9
5,0.5,102.3,48.5,0.619,21.8,False,,False,17.1,False,7.5,False,15.6,False,0.0,False,14.8
5,0.525,104.1,50.8,0.429,22.3,False,,False,12.1,False,16.6,False,36.8,False,0.0,False,21.8
5,0.55,102.5,49.6,0.353,25.4,False,,False,21.7,False,42.9,False,33.1,False,0.0,False,16.0
5,0.575,103.4,48.2,0.36,24.1,False,,False,11.6,False,33.2,False,36.6,False,0.0,False,15.2
5,0.6,104.0,50.2,0.311,22.9,False,,False,8.9,False,4.8,False,36.2,False,0.0,False,18.9
5,0.625,103.9,48.6,0.311,22.8,False,,False,8.5,False,9.0,False,38.5,False,0.0,False,15.3
5,0.65,105.6,49.0,0.285,23.3,False,,False,15.1,False,4.9,False,48.8,False,0.0,False,15.9
5,0.675,105.0,49.3,0.356,21.5,False,,False,9.2,False,10.9,False,52.1,False,0.0,False,15.7
5,0.7,103.6,51.3,18.397,-23.7,False,,True,100.0,True,100.0,True,100.0,True,99.3,True,90.6
5,0.725,0.1,42.3,6.992,-15.2,False,,True,71.6,False,4.5,False,70.5,True,16.4,False,49.1
5,0.75,0.0,41.9,2.785,-3.2,False,,False,49.6,False,5.6,False,36.7,False,4.3,False,30.9
5,0.775,0.0,41.4,1.195,2.4,False,,False,38.1,False,7.1,False,42.7,False,2.6,False,23.2
5,0.8,0.4,41.2,0.567,5.3,False,,False,31.8,False,24.1,False,41.2,False,2.4,False,24.1
5,0.825,0.2,41.8,0.262,15.8,False,,False,18.2,False,44.3,False,0.0,False,2.2,False,21.3
5,0.85,0.1,40.7,0.434,11.2,False,,False,22.6,False,36.6,False,22.3,False,2.3,False,26.5
5,0.875,0.0,43.8,0.437,17.1,False,,False,22.5,False,19.0,False,32.2,False,2.3,False,21.3
5,0.9,0.0,41.1,0.461,15.2,False,,False,19.0,False,9.5,False,20.3,False,2.4,False,24.6
5,0.925,0.0,41.1,0.434,18.5,False,,False,19.5,False,6.8,False,38.7,False,2.4,False,24.6
5,0.95,9.5,40.6,0.433,17.8,True,OVERPRESSURE,False,42.7,True,72.4,False,52.3,False,2.2,False,27.0
6,0.975,9.1,41.6,0.353,19.1,True,OVERPRESSURE,False,40.9,True,100.0,False,54.4,False,2.2,False,26.4
6,0.0,8.2,43.1,0.346,19.1,True,OVERPRESSURE,False,47.2,False,21.4,False,51.1,False,0.6,False,26.4
6,0.025,27.6,44.1,0.301,19.3,True,OVERPRESSURE,False,38.8,False,11.1,False,41.6,False,0.3,False,25.0
6,0.05,38.5,44.1,0.583,21.2,True,OVERPRESSURE,False,43.3,False,7.9,False,39.4,False,0.2,False,23.7
6,0.075,54.7,46.0,0.361,19.3,True,OVERPRESSURE,False,27.2,False,22.8,False,58.2,False,0.1,False,22.3
6,0.1,62.7,45.1,0.194,24.0,True,OVERPRESSURE,False,52.8,False,33.9,False,72.2,False,0.1,False,21.0
6,0.125,72.2,44.7,0.302,23.1,True,OVERPRESSURE,False,35.3,False,37.9,True,84.8,False,0.0,False,19.6
6,0.15,79.9,46.7,0.24,21.8,True,OVERPRESSURE,False,23.7,False,24.3,False,67.5,False,0.0,False,18.3
6,0.175,81.6,45.3,0.309,23.7,True,OVERPRESSURE,False,33.6,True,59.6,True,87.4,False,0.0,False,16.9
6,0.2,79.9,48.2,0.24,22.8,True,,False,20.5,False,9.8,False,46.8,False,0.0,False,15.6
6,0.225,82.4,47.4,0.269,21.3,False,,False,11.6,False,4.0,False,35.8,False,0.0,False,14.2
6,0.25,86.7,48.5,0.567,21.9,False,,False,18.7,False,6.0,False,34.0,False,0.0,False,12.9
6,0.275,90.6,49.2,0.55,20.1,False,,False,23.4,False,12.2,False,36.7,False,0.0,False,14.1
6,0.3,93.5,47.6,0.392,22.8,False,,False,7.8,False,9.3,False,35.3,False,0.0,False,11.7
6,0.325,95.2,50.0,0.444,22.4,False,,False,8.7,False,10.2,False,35.8,False,0.0,False,17.9
6,0.35,96.4,50.1,0.357,21.0,False,,False,9.1,False,8.3,False,31.2,False,0.0,False,18.4
6,0.375,97.9,50.0,0.54,23.7,False,,False,18.1,False,18.7,False,30.1,False,0.0,False,17.9
6,0.4,98.6,50.7,0.419,20.7,False,,False,16.8,False,23.0,False,36.1,False,0.0,False,21.3
6,0.425,100.5,48.1,0.469,20.0,False,,False,9.0,False,18.4,False,20.0,False,0.0,False,14.1
6,0.45,101.2,48.3,0.369,20.4,False,,False,4.3,False,9.1,False,16.4,False,0.0,False,14.4
6,0.475,102.2,48.6,0.532,20.9,False,,False,8.5,False,3.9,False,14.5,False,0.0,False,14.7
6,0.5,103.0,48.3,0.401,20.9,False,,False,2.5,False,5.9,False,19.2,False,0.0,False,15.0
6,0.525,103.8,49.6,0.464,21.1,False,,False,2.5,False,6.6,False,18.2,False,0.0,False,16.0
6,0.55,103.9,48.6,0.422,24.1,False,,False,9.9,False,28.7,False,29.3,False,0.0,False,15.3
6,0.575,103.8,50.5,0.518,19.8,False,,False,19.1,False,23.1,False,38.9,False,0.0,False,20.3
6,0.6,103.6,48.6,0.544,21.6,False,,False,11.0,False,3.4,False,29.8,False,0.0,False,15.2
6,0.625,105.7,49.5,0.45,22.9,False,,False,8.4,False,3.6,False,39.8,False,0.0,False,16.0
6,0.65,105.6,50.3,0.359,21.9,False,,False,13.0,False,7.8,False,52.4,False,0.0,False,19.4
6,0.675,104.6,50.9,0.209,25.7,False,,False,52.1,True,91.0,True,86.2,False,0.0,False,22.2
6,0.7,104.7,49.2,18.332,-25.3,False,,True,93.1,False,0.0,False,66.7,True,98.8,True,90.3
6,0.725,0.1,42.2,6.979,-15.1,False,,True,71.6,False,4.5,False,69.4,True,16.3,False,49.0
6,0.75,0.0,40.2,2.859,-18.5,True,UNDERCOOLING,True,74.1,True,100.0,True,100.0,True,5.6,True,54.2
6,0.775,0.2,42.8,1.285,-9.3,True,UNDERCOOLING,False,55.6,True,100.0,True,100.0,False,3.3,False,40.2
6,0.8,0.5,39.6,0.602,-8.7,True,UNDERCOOLING,False,65.6,True,100.0,True,100.0,False,3.1,False,39.2
6,0.825,0.0,41.0,0.433,-0.5,True,UNDERCOOLING,False,37.9,True,100.0,True,100.0,False,2.7,False,26.8
6,0.85,0.0,41.5,0.39,1.7,True,UNDERCOOLING,False,34.6,True,100.0,True,91.0,False,2.6,False,23.4
6,0.875,0.4,43.0,0.328,0.0,True,UNDERCOOLING,False,46.6,True,100.0,True,100.0,False,2.8,False,26.0
6,0.9,0.0,41.8,0.216,-3.4,True,UNDERCOOLING,False,50.2,True,100.0,True,100.0,False,3.0,False,31.2
6,0.925,0.1,41.9,0.307,2.0,True,UNDERCOOLING,False,44.0,True,100.0,True,100.0,False,2.8,False,23.7
6,0.95,0.0,42.8,0.411,4.4,True,UNDERCOOLING,False,40.4,True,100.0,True,97.9,False,2.8,False,25.0
7,0.975,0.0,40.6,0.477,15.8,True,,False,32.9,False,50.4,False,57.7,False,2.6,False,27.0
7,0.0,0.0,42.6,0.359,20.7,False,,False,44.9,False,0.0,False,61.4,False,0.8,False,26.4
7,0.025,16.9,42.8,0.511,20.8,False,,False,40.5,False,1.6,False,35.5,False,0.5,False,25.0
7,0.05,32.0,45.6,0.361,20.0,False,,False,34.3,False,22.7,False,53.4,False,0.3,False,23.7
7,0.075,43.4,43.7,0.236,22.7,False,,False,48.2,False,12.1,False,44.0,False,0.2,False,22.3
7,0.1,53.3,45.6,0.34,22.6,False,,False,26.4,False,11.7,False,46.8,False,0.1,False,21.0
7,0.125,61.1,46.1,0.318,18.4,False,,False,34.4,False,23.3,False,47.0,False,0.1,False,19.6
7,0.15,68.3,46.7,0.357,19.9,False,,False,18.9,False,7.3,False,44.2,False,0.0,False,18.3
7,0.175,73.8,46.7,0.443,21.5,False,,False,13.1,False,4.3,False,42.6,False,0.0,False,16.9
7,0.2,80.3,46.7,0.198,23.0,False,,False,30.2,False,7.3,False,50.9,False,0.0,False,15.6
7,0.225,83.8,48.3,0.523,22.3,False,,False,14.8,False,5.4,False,39.8,False,0.0,False,14.2
7,0.25,85.8,47.8,0.414,22.8,False,,False,8.4,False,4.3,False,34.0,False,0.0,False,12.9
7,0.275,90.5,48.9,0.558,22.8,False,,False,19.8,False,7.7,False,34.5,False,0.0,False,12.7
7,0.3,92.4,48.1,0.44,19.5,False,,False,9.5,False,14.4,False,29.0,False,0.0,False,11.3
7,0.325,94.0,49.3,0.442,21.4,False,,False,5.2,False,5.0,False,23.3,False,0.0,False,14.6
7,0.35,97.0,50.8,0.35,23.9,False,,False,22.6,False,37.3,False,53.8,False,0.0,False,21.8
7,0.375,99.3,48.5,0.351,23.3,False,,False,5.5,False,5.9,False,23.7,False,0.0,False,13.7
7,0.4,98.9,50.3,0.479,23.6,False,,False,14.2,False,19.5,False,30.7,False,0.0,False,19.4
7,0.425,101.2,49.5,0.5,23.4,False,,False,7.1,False,4.6,False,19.5,False,0.0,False,15.6
7,0.45,101.8,48.3,0.554,22.9,False,,False,13.5,False,10.2,False,19.6,False,0.0,False,14.6
7,0.475,101.8,49.1,0.604,21.6,False,,False,15.8,False,2.5,False,11.6,False,0.0,False,14.6
7,0.5,102.4,49.1,0.417,20.7,False,,False,0.2,False,6.1,False,13.1,False,0.0,False,14.8
7,0.525,102.0,49.2,0.335,21.9,False,,False,0.0,False,8.3,False,12.7,False,0.0,False,14.7
7,0.55,104.2,49.5,0.413,22.2,False,,False,1.1,False,3.7,False,20.8,False,0.0,False,15.6
7,0.575,103.0,47.4,0.378,23.7,False,,False,17.0,False,18.9,False,48.7,False,0.0,False,15.0
7,0.6,104.1,49.6,0.399,23.7,False,,False,5.8,False,11.8,False,33.6,False,0.0,False,16.0
7,0.625,104.1,49.8,0.541,22.9,False,,False,11.2,False,6.2,False,38.2,False,0.0,False,17.0
7,0.65,105.6,48.2,0.361,19.7,False,,False,18.4,False,29.0,False,55.9,False,0.0,False,15.9
7,0.675,105.4,48.3,0.376,20.2,False,,False,17.6,False,22.6,False,60.8,False,0.0,False,15.9
7,0.7,104.4,50.0,18.208,-25.3,False,,True,100.0,False,14.5,False,72.1,True,97.5,True,89.6
7,0.725,0.0,40.3,7.026,-12.4,False,,True,76.6,True,57.9,True,91.3,True,16.3,False,44.9
7,0.75,0.0,41.2,2.843,-5.9,False,,False,54.2,False,10.6,False,59.4,False,4.6,False,35.0
7,0.775,0.0,41.5,1.245,2.8,False,,False,35.8,False,7.8,False,36.7,False,2.6,False,22.7
7,0.8,0.4,41.0,0.757,5.7,False,,False,35.9,False,15.8,False,35.3,False,2.4,False,25.1
7,0.825,0.9,41.2,0.524,10.4,False,,False,34.1,False,20.8,False,8.7,False,2.3,False,24.1
7,0.85,0.0,41.8,0.402,14.5,False,,False,11.9,False,3.8,False,0.0,False,2.3,False,21.3
7,0.875,0.0,41.6,0.447,15.4,False,,False,13.2,False,10.4,False,7.3,False,2.3,False,22.2
7,0.9,0.0,43.1,0.199,17.7,False,,False,30.2,False,24.7,False,31.7,False,2.4,False,22.3
7,0.925,0.2,43.4,0.362,17.7,False,,False,25.1,False,8.0,False,43.9,False,2.4,False,23.7
7,0.95,0.0,40.8,0.26,18.9,False,,False,30.0,False,12.5,False,56.9,False,2.5,False,26.0
8,0.975,0.6,42.6,0.373,19.7,False,,False,32.4,False,18.9,False,62.8,False,2.5,False,26.4
8,0.0,0.0,43.8,0.367,19.6,False,,False,44.9,False,29.7,False,73.2,False,0.8,False,26.4
8,0.025,16.9,42.9,0.533,20.7,False,,False,43.4,False,1.6,False,35.2,False,0.5,False,25.0
8,0.05,30.8,45.3,0.325,19.3,False,,False,37.7,False,20.8,False,48.2,False,0.3,False,23.7
8,0.075,42.7,44.2,0.252,21.7,False,,False,37.4,False,2.7,False,36.6,False,0.2,False,22.3
8,0.1,52.7,44.5,0.324,18.7,False,,False,38.8,False,20.9,False,41.0,False,0.1,False,21.0
8,0.125,62.5,45.7,0.401,19.2,False,,False,25.0,False,10.8,False,45.9,False,0.1,False,19.6
8,0.15,68.7,46.1,0.332,17.6,False,,False,34.7,False,47.8,False,53.6,False,0.0,False,18.3
8,0.175,73.9,47.6,0.303,18.9,False,,False,23.4,False,22.4,False,47.6,False,0.0,False,16.9
8,0.2,80.7,46.6,0.374,20.8,False,,False,12.1,False,6.3,False,47.0,False,0.0,False,15.6
8,0.225,84.0,46.7,0.274,20.2,False,,False,19.9,False,8.5,False,45.2,False,0.0,False,14.2
8,0.25,87.8,47.6,0.435,19.2,False,,False,14.1,False,20.5,False,39.7,False,0.0,False,12.9
8,0.275,90.1,47.4,0.321,21.9,False,,False,8.2,False,5.4,False,34.9,False,0.0,False,11.5
8,0.3,92.7,49.1,0.489,21.8,False,,False,7.4,False,2.2,False,28.1,False,0.0,False,13.6
8,0.325,94.7,47.5,0.42,22.8,False,,False,9.2,False,8.9,False,32.4,False,0.0,False,12.1
8,0.35,98.1,48.1,0.43,20.9,False,,False,5.1,False,8.2,False,25.5,False,0.0,False,13.3
8,0.375,98.2,49.9,0.507,22.9,False,,False,9.4,False,11.8,False,25.9,False,0.0,False,17.5
8,0.4,99.5,48.9,0.432,24.7,False,,False,13.3,False,25.8,False,25.7,False,0.0,False,13.8
8,0.425,100.8,48.1,0.443,23.0,False,,False,5.4,False,7.1,False,21.8,False,0.0,False,14.3
8,0.45,100.8,49.1,0.406,22.6,False,,False,0.8,False,5.6,False,11.7,False,0.0,False,14.3
8,0.475,102.2,49.2,0.419,18.6,False,,False,11.3,False,39.5,False,21.8,False,0.0,False,14.7
8,0.5,101.9,49.0,0.436,20.7,False,,False,0.6,False,5.8,False,12.0,False,0.0,False,14.6
8,0.525,103.5,50.9,0.34,23.5,False,,False,16.3,False,24.0,False,41.2,False,0.0,False,22.2
8,0.55,104.7,49.8,0.373,20.1,False,,False,8.4,False,12.5,False,26.2,False,0.0,False,17.0
8,0.575,103.6,49.4,0.321,24.3,False,,False,11.6,False,22.4,False,30.4,False,0.0,False,15.2
8,0.6,104.6,48.9,0.416,22.2,False,,False,1.9,False,5.4,False,30.5,False,0.0,False,15.6
8,0.625,104.8,49.3,0.405,21.8,False,,False,3.6,False,3.7,False,35.8,False,0.0,False,15.7
8,0.65,104.3,49.3,0.397,22.9,False,,False,7.3,False,5.4,False,43.8,False,0.0,False,15.5
8,0.675,103.9,47.9,0.507,19.9,False,,False,26.6,False,40.7,False,63.1,False,0.0,False,15.3
8,0.7,105.4,50.3,18.278,-22.9,False,,True,100.0,False,42.6,True,84.3,True,98.0,True,90.0
8,0.725,0.3,43.3,6.896,-15.0,False,,True,79.1,False,32.9,True,78.0,True,16.0,False,48.8
8,0.75,0.0,41.9,2.689,-5.2,False,,False,51.3,False,9.5,False,51.5,False,4.3,False,33.9
8,0.775,0.1,42.6,1.397,1.9,False,,False,39.1,False,0.0,False,38.8,False,2.7,False,23.1
8,0.8,0.0,40.1,0.791,9.0,False,,False,40.8,False,29.0,False,34.3,False,2.3,False,29.4
8,0.825,0.0,42.3,0.703,10.4,False,,False,23.2,False,5.4,False,0.0,False,2.3,False,21.3
8,0.85,0.4,41.2,0.567,10.6,False,,False,27.9,False,23.7,False,12.9,False,2.3,False,24.1
8,0.875,0.0,42.2,0.287,16.0,False,,False,16.7,False,5.3,False,9.1,False,2.3,False,21.3
8,0.9,0.5,42.4,0.193,17.0,False,,False,29.7,False,5.5,False,21.3,False,2.4,False,22.3
8,0.925,0.0,42.3,0.456,17.8,False,,False,15.9,False,2.2,False,29.4,False,2.4,False,23.7
8,0.95,0.5,43.3,0.494,20.5,False,,False,38.4,False,28.9,False,66.7,False,2.5,False,25.0
9,0.975,0.3,41.7,0.487,16.5,False,,False,29.1,False,18.1,False,44.9,False,2.6,False,26.4
9,0.0,0.1,42.8,0.262,22.5,False,,False,54.8,False,19.8,False,70.3,False,0.8,False,26.4
9,0.025,17.3,42.5,0.467,19.1,False,,False,42.1,False,15.0,False,34.5,False,0.5,False,25.0
9,0.05,31.1,43.4,0.424,22.1,False,,False,36.6,False,23.6,False,35.1,False,0.3,False,23.7
9,0.075,42.3,45.8,0.2,21.7,False,,False,43.0,False,5.8,False,48.9,False,0.2,False,22.3
9,0.1,52.1,46.4,0.408,23.8,False,,False,33.4,False,29.2,False,59.1,False,0.1,False,21.0
9,0.125,61.4,44.6,0.375,20.6,False,,False,25.7,False,13.0,False,48.3,False,0.1,False,19.6
9,0.15,69.4,46.1,0.529,17.9,False,,False,37.3,False,41.8,False,53.1,False,0.0,False,18.3
9,0.175,73.7,46.9,0.566,20.6,False,,False,24.3,False,6.1,False,41.5,False,0.0,False,16.9
9,0.2,79.4,49.5,0.574,23.2,False,,False,35.4,False,27.2,False,65.4,False,0.0,False,15.6
9,0.225,82.7,48.1,0.446,20.2,False,,False,11.3,False,9.7,False,36.5,False,0.0,False,14.2
9,0.25,87.8,47.3,0.487,22.1,False,,False,9.8,False,3.8,False,39.4,False,0.0,False,12.9
9,0.275,90.6,47.9,0.53,19.8,False,,False,18.4,False,15.3,False,33.4,False,0.0,False,11.5
9,0.3,92.8,48.8,0.54,22.0,False,,False,10.2,False,4.5,False,27.0,False,0.0,False,12.2
9,0.325,94.5,49.0,0.422,24.4,False,,False,16.1,False,34.9,False,32.1,False,0.0,False,13.2
9,0.35,97.0,49.2,0.311,20.5,False,,False,6.6,False,9.3,False,22.0,False,0.0,False,14.1
9,0.375,98.2,48.7,0.439,23.0,False,,False,3.4,False,4.9,False,19.0,False,0.0,False,13.3
9,0.4,98.6,48.3,0.364,22.4,False,,False,2.5,False,5.6,False,15.7,False,0.0,False,13.5
9,0.425,101.1,50.1,0.351,19.7,False,,False,12.1,False,16.1,False,26.6,False,0.0,False,18.4
9,0.45,100.7,50.4,0.34,20.4,False,,False,12.4,False,13.0,False,25.6,False,0.0,False,19.9
9,0.475,102.1,49.1,0.461,19.6,False,,False,6.2,False,22.2,False,16.1,False,0.0,False,14.7
9,0.5,102.8,48.8,0.443,21.8,False,,False,0.0,False,2.5,False,14.2,False,0.0,False,15.0
9,0.525,102.9,49.5,0.364,21.9,False,,False,0.0,False,6.9,False,15.4,False,0.0,False,15.6
9,0.55,102.3,48.9,0.402,22.8,False,,False,1.9,False,6.0,False,17.8,False,0.0,False,14.8
9,0.575,104.0,49.6,0.454,21.2,False,,False,0.6,False,5.4,False,24.2,False,0.0,False,16.0
9,0.6,104.7,48.1,0.595,21.2,False,,False,22.2,False,22.6,False,38.9,False,0.0,False,15.6
9,0.625,103.9,49.3,0.334,21.4,False,,False,3.7,False,4.8,False,33.9,False,0.0,False,15.3
9,0.65,105.2,48.7,0.192,23.8,False,,False,27.3,False,8.3,False,52.4,False,0.0,False,15.8
9,0.675,105.6,47.5,0.339,23.8,False,,False,26.1,False,16.4,True,80.1,False,0.0,False,15.9
9,0.7,104.9,47.4,18.367,-24.0,False,,True,99.8,True,95.3,True,100.0,True,99.1,True,90.5
9,0.725,0.0,41.1,7.041,-13.9,False,,True,72.5,False,7.9,True,75.2,True,16.5,False,47.2
9,0.75,0.3,42.2,2.553,-3.9,False,,False,51.5,False,4.4,False,46.1,False,4.1,False,31.9
9,0.775,11.8,41.9,1.448,2.1,True,OVERPRESSURE,False,52.6,True,82.0,False,35.3,False,2.4,False,22.8
9,0.8,8.7,40.9,0.623,7.0,True,OVERPRESSURE,False,45.7,False,25.2,False,29.3,False,2.1,False,25.6
9,0.825,9.8,42.1,0.466,10.9,True,OVERPRESSURE,False,31.0,True,87.7,False,0.0,False,2.0,False,19.8
9,0.85,11.0,40.4,0.258,12.8,True,OVERPRESSURE,False,46.1,True,74.1,False,27.8,False,2.0,False,27.9
9,0.875,8.7,41.9,0.45,15.9,True,OVERPRESSURE,False,32.1,True,100.0,False,1.8,False,2.0,False,21.0
9,0.9,8.0,42.5,0.443,14.7,True,OVERPRESSURE,False,33.8,True,74.6,False,10.2,False,2.1,False,22.3
9,0.925,11.8,41.4,0.264,18.1,True,OVERPRESSURE,False,43.4,True,100.0,False,32.8,False,2.0,False,23.7
9,0.95,11.1,42.4,0.43,19.1,True,OVERPRESSURE,False,34.7,True,100.0,False,41.3,False,2.1,False,25.0
10,0.975,0.0,40.9,0.473,17.4,True,,False,30.2,False,14.6,False,55.9,False,2.6,False,26.4
10,0.0,0.4,41.8,0.487,18.3,False,,False,49.6,False,11.5,False,61.8,False,0.8,False,26.4
10,0.025,16.3,46.0,0.271,20.1,False,,False,45.2,True,100.0,True,92.2,False,0.5,False,25.0
10,0.05,31.1,43.5,0.639,19.7,False,,False,49.3,False,11.5,False,28.9,False,0.3,False,23.7
10,0.075,42.9,45.9,0.364,22.1,False,,False,29.2,False,7.4,False,51.1,False,0.2,False,22.3
10,0.1,52.6,44.0,0.24,21.2,False,,False,37.8,False,11.1,False,44.0,False,0.1,False,21.0
10,0.125,61.6,46.0,0.664,21.0,False,,False,38.0,False,3.8,False,43.9,False,0.1,False,19.6
10,0.15,68.0,46.8,0.593,23.0,False,,False,35.2,False,10.5,False,49.4,False,0.0,False,18.3
10,0.175,75.1,47.6,0.306,19.6,False,,False,17.8,False,10.0,False,46.9,False,0.0,False,16.9
10,0.2,79.9,47.8,0.267,20.6,False,,False,13.7,False,7.2,False,41.9,False,0.0,False,15.6
10,0.225,84.5,47.7,0.449,18.9,False,,False,18.3,False,20.5,False,43.5,False,0.0,False,14.2
10,0.25,87.1,48.8,0.333,20.5,False,,False,10.9,False,7.6,False,36.5,False,0.0,False,12.9
10,0.275,89.6,48.5,0.637,22.8,False,,False,30.3,False,16.6,False,31.7,False,0.0,False,11.5
10,0.3,93.8,47.3,0.319,20.8,False,,False,12.5,False,11.6,False,37.3,False,0.0,False,11.8
10,0.325,96.0,48.8,0.489,25.2,False,,False,25.3,False,42.8,False,40.6,False,0.0,False,12.6
10,0.35,96.5,47.8,0.383,20.3,False,,False,7.8,False,10.8,False,25.2,False,0.0,False,12.7
10,0.375,97.5,48.4,0.327,21.1,False,,False,3.7,False,5.4,False,15.9,False,0.0,False,13.1
10,0.4,98.6,49.7,0.274,21.5,False,,False,7.9,False,5.7,False,16.7,False,0.0,False,16.5
10,0.425,100.4,48.6,0.462,21.2,False,,False,2.8,False,5.0,False,13.3,False,0.0,False,14.1
10,0.45,103.0,50.9,0.275,22.7,False,,False,18.9,False,24.6,False,40.8,False,0.0,False,22.2
10,0.475,102.7,48.0,0.654,23.8,False,,False,29.7,False,28.8,False,29.3,False,0.0,False,14.9
10,0.5,103.1,50.1,0.466,22.0,False,,False,2.7,False,4.1,False,20.7,False,0.0,False,18.4
10,0.525,103.3,49.0,0.205,22.7,False,,False,10.3,False,5.8,False,17.8,False,0.0,False,15.1
10,0.55,103.2,47.6,0.564,21.1,False,,False,19.0,False,17.8,False,35.0,False,0.0,False,15.1
10,0.575,103.7,49.2,0.408,20.0,False,,False,4.6,False,13.1,False,25.0,False,0.0,False,15.3
10,0.6,104.4,49.4,14.446,21.0,True,FLOW_SPIKE,False,54.5,True,100.0,True,100.0,True,58.8,True,69.9
10,0.625,104.4,50.4,19.23,20.6,True,FLOW_SPIKE,False,65.9,True,100.0,True,100.0,True,100.0,True,95.0
10,0.65,106.1,49.0,19.488,19.8,True,FLOW_SPIKE,True,71.5,True,100.0,True,100.0,True,100.0,True,96.4
10,0.675,105.0,51.0,13.055,23.0,True,FLOW_SPIKE,True,69.7,True,100.0,True,100.0,True,47.7,True,62.6
10,0.7,104.9,48.7,38.52,-24.6,True,FLOW_SPIKE,True,96.6,True,100.0,True,100.0,True,100.0,True,100.0
10,0.725,0.0,40.7,21.997,-15.1,True,FLOW_SPIKE,True,88.1,True,100.0,True,100.0,True,100.0,True,100.0
10,0.75,0.0,43.5,17.936,-5.1,True,FLOW_SPIKE,True,83.2,True,100.0,True,100.0,True,94.3,True,88.2
10,0.775,0.5,41.8,19.868,1.9,True,FLOW_SPIKE,True,78.9,True,100.0,True,100.0,True,100.0,True,98.3
10,0.8,0.0,42.1,9.167,6.6,True,FLOW_SPIKE,False,64.1,True,100.0,True,100.0,True,25.2,False,42.3
10,0.825,0.0,43.4,18.85,11.5,True,FLOW_SPIKE,True,78.4,True,100.0,True,100.0,True,100.0,True,93.0
10,0.85,0.4,40.1,10.352,12.6,True,FLOW_SPIKE,True,75.7,True,100.0,True,100.0,True,31.7,False,48.5
10,0.875,0.1,42.1,0.231,17.7,True,,False,21.2,False,18.5,False,14.4,False,2.3,False,21.2
10,0.9,0.6,43.6,0.327,18.8,False,,False,29.9,False,17.3,False,43.5,False,2.4,False,22.3
10,0.925,0.0,42.8,0.442,17.8,False,,False,18.8,False,3.6,False,33.7,False,2.4,False,23.7
10,0.95,0.1,40.6,0.413,18.7,False,,False,26.4,False,15.0,False,57.9,False,2.5,False,27.0
11,0.975,0.0,41.5,0.394,15.9,False,,False,25.2,False,24.1,False,46.3,False,2.6,False,26.4
11,0.0,0.5,42.9,0.482,22.8,False,,False,55.7,False,21.9,False,71.6,False,0.8,False,26.4
11,0.025,16.4,41.8,0.426,20.2,False,,False,44.5,False,24.5,False,41.8,False,0.5,False,25.0
11,0.05,31.5,42.3,0.336,20.6,False,,False,40.6,False,46.3,False,38.5,False,0.3,False,23.7
11,0.075,43.7,44.7,0.462,22.3,False,,False,30.6,False,12.2,False,40.8,False,0.2,False,22.3
11,0.1,53.0,44.4,0.372,19.5,False,,False,30.8,False,17.1,False,40.3,False,0.1,False,21.0
11,0.125,61.4,47.7,0.47,22.2,False,,False,23.4,False,22.8,False,60.3,False,0.1,False,19.6
11,0.15,68.8,45.6,0.178,21.1,False,,False,37.3,False,7.9,False,49.1,False,0.0,False,18.3
11,0.175,74.0,47.8,0.526,20.7,False,,False,19.7,False,3.5,False,44.8,False,0.0,False,16.9
11,0.2,80.3,48.3,0.422,22.9,False,,False,13.4,False,9.1,False,47.9,False,0.0,False,15.6
11,0.225,83.3,47.7,0.271,20.5,False,,False,12.2,False,6.3,False,37.0,False,0.0,False,14.2
11,0.25,87.0,47.7,0.393,18.9,False,,False,14.8,False,19.8,False,38.8,False,0.0,False,12.9
11,0.275,90.6,48.1,0.542,21.9,False,,False,12.9,False,5.0,False,31.2,False,0.0,False,11.5
11,0.3,91.8,48.0,0.249,21.7,False,,False,12.4,False,7.5,False,25.6,False,0.0,False,11.1
11,0.325,95.4,48.5,0.421,23.5,False,,False,7.2,False,6.2,False,28.5,False,0.0,False,12.3
11,0.35,97.5,50.1,0.294,24.3,False,,False,21.9,False,25.8,False,40.9,False,0.0,False,18.4
11,0.375,97.3,48.0,0.323,19.6,False,,False,12.0,False,17.2,False,21.8,False,0.0,False,13.0
11,0.4,99.4,48.6,0.423,20.8,False,,False,3.3,False,7.9,False,14.9,False,0.0,False,13.8
11,0.425,100.1,50.8,0.433,20.8,False,,False,15.0,False,14.3,False,36.4,False,0.0,False,21.8
11,0.45,101.4,50.2,0.365,20.5,False,,False,8.3,False,10.9,False,22.9,False,0.0,False,18.9
11,0.475,102.5,49.6,0.448,22.0,False,,False,0.0,False,5.2,False,14.7,False,0.0,False,16.0
11,0.5,101.7,48.3,0.505,19.9,False,,False,11.1,False,20.0,False,17.9,False,0.0,False,14.6
11,0.525,104.1,49.1,0.422,22.1,False,,False,0.0,False,3.4,False,17.7,False,0.0,False,15.4
11,0.55,104.1,48.7,0.716,20.7,False,,False,27.1,False,15.4,False,23.4,False,0.0,False,15.4
11,0.575,104.6,49.0,0.407,20.8,False,,False,2.1,False,5.4,False,25.4,False,0.0,False,15.6
11,0.6,103.7,49.9,0.33,23.1,False,,False,5.7,False,8.5,False,32.7,False,0.0,False,17.5
11,0.625,104.1,50.1,0.417,21.8,False,,False,7.0,False,2.5,False,39.5,False,0.0,False,18.4
11,0.65,75.5,49.1,0.283,21.0,True,PRESSURE_DROP,False,22.9,True,100.0,False,13.4,False,0.2,False,13.6
11,0.675,76.4,50.2,0.324,22.7,True,PRESSURE_DROP,False,31.3,True,100.0,False,44.6,False,0.2,False,18.9
11,0.7,85.4,49.5,18.505,-23.8,True,PRESSURE_DROP,True,100.0,True,100.0,True,91.4,True,100.0,True,91.2
11,0.725,0.0,39.7,6.89,-13.0,True,PRESSURE_DROP,True,83.2,True,100.0,True,100.0,True,15.8,False,45.8
11,0.75,0.0,41.9,2.729,-5.6,True,PRESSURE_DROP,False,52.8,False,16.0,False,53.0,False,4.4,False,34.5
11,0.775,0.0,42.3,1.109,0.8,True,PRESSURE_DROP,False,39.3,False,9.7,False,56.3,False,2.7,False,24.8
11,0.8,0.0,40.3,0.957,11.1,True,PRESSURE_DROP,False,44.1,False,41.9,False,15.7,False,2.3,False,28.4
11,0.825,0.0,41.5,0.451,10.2,True,PRESSURE_DROP,False,16.8,False,13.6,False,8.4,False,2.3,False,22.7
11,0.85,0.0,41.1,0.525,13.8,True,PRESSURE_DROP,False,20.6,False,6.2,False,5.5,False,2.3,False,24.6
11,0.875,0.0,42.2,0.611,14.3,True,PRESSURE_DROP,False,21.7,False,5.5,False,3.4,False,2.4,False,21.3
11,0.9,0.0,41.8,0.546,16.3,True,PRESSURE_DROP,False,20.2,False,1.7,False,14.3,False,2.4,False,22.3
11,0.925,0.0,42.4,0.516,17.9,True,,False,21.3,False,2.8,False,29.7,False,2.4,False,23.7
11,0.95,0.0,40.6,0.445,19.7,False,,False,28.9,False,19.7,False,63.9,False,2.5,False,27.0
12,0.975,0.3,43.5,0.413,19.9,False,,False,34.9,False,25.0,True,78.1,False,2.6,False,26.4
12,0.0,0.5,42.3,0.305,19.8,False,,False,45.8,False,0.1,False,58.9,False,0.8,False,26.4
12,0.025,16.9,43.6,0.512,19.5,False,,False,40.0,False,6.3,False,37.3,False,0.5,False,25.0
12,0.05,31.1,43.9,0.372,19.9,False,,False,30.7,False,0.0,False,30.2,False,0.3,False,23.7
12,0.075,43.3,44.3,0.386,21.2,False,,False,27.3,False,1.0,False,35.3,False,0.2,False,22.3
12,0.1,53.2,47.5,0.382,19.9,False,,False,26.3,False,37.9,False,66.1,False,0.1,False,21.0
12,0.125,61.9,46.4,0.397,21.2,False,,False,16.2,False,2.7,False,45.3,False,0.0,False,19.6
12,0.15,67.7,48.6,0.436,23.6,False,,False,27.8,False,48.6,False,70.4,False,0.0,False,18.3
12,0.175,74.3,47.4,0.228,22.0,False,,False,22.3,False,5.6,False,44.9,False,0.0,False,16.9
12,0.2,79.2,46.3,0.297,23.8,False,,False,27.1,False,15.7,False,56.4,False,0.0,False,15.6
12,0.225,83.6,47.9,0.437,21.9,False,,False,7.4,False,2.5,False,37.5,False,0.0,False,14.2
12,0.25,86.8,47.8,0.384,20.3,False,,False,7.6,False,9.1,False,33.6,False,0.0,False,12.9
12,0.275,90.0,49.6,0.366,22.3,False,,False,11.7,False,8.2,False,40.1,False,0.0,False,16.0
12,0.3,92.1,49.0,0.368,22.9,False,,False,6.7,False,7.4,False,28.7,False,0.0,False,13.2
12,0.325,94.9,48.5,0.488,22.7,False,,False,6.2,False,2.7,False,24.3,False,0.0,False,12.2
12,0.35,97.3,47.4,0.323,23.8,False,,False,16.8,False,26.5,False,39.6,False,0.0,False,13.0
12,0.375,98.4,49.0,0.337,23.2,False,,False,5.5,False,11.8,False,20.1,False,0.0,False,13.4
12,0.4,100.0,50.3,0.232,24.8,False,,False,27.7,False,39.4,False,39.6,False,0.0,False,19.4
12,0.425,101.0,47.6,9.669,21.5,True,FLOW_SPIKE,False,57.1,True,100.0,True,100.0,True,25.6,False,44.9
12,0.45,101.1,48.9,19.17,19.5,True,FLOW_SPIKE,False,67.4,True,100.0,True,100.0,True,100.0,True,94.7
12,0.475,101.9,50.8,12.26,20.5,True,FLOW_SPIKE,False,64.6,True,100.0,True,100.0,True,41.9,True,58.5
12,0.5,102.3,47.8,10.624,23.6,True,FLOW_SPIKE,False,60.8,True,100.0,True,100.0,True,31.2,False,49.9
12,0.525,103.2,48.5,21.147,23.6,True,FLOW_SPIKE,False,64.9,True,100.0,True,100.0,True,100.0,True,100.0
12,0.55,103.9,50.0,0.307,23.4,True,,False,7.1,False,12.8,False,27.1,False,0.0,False,17.9
12,0.575,104.2,47.8,0.271,23.5,False,,False,13.4,False,21.3,False,42.7,False,0.0,False,15.4
12,0.6,104.7,48.6,0.307,20.8,False,,False,7.9,False,7.6,False,33.1,False,0.0,False,15.6
12,0.625,104.4,49.1,0.554,22.8,False,,False,13.6,False,5.9,False,36.9,False,0.0,False,15.5
12,0.65,105.5,49.3,0.433,21.6,False,,False,6.9,False,5.2,False,44.7,False,0.0,False,15.9
12,0.675,105.1,49.5,0.581,20.7,False,,False,24.4,False,13.7,False,53.9,False,0.0,False,15.8
12,0.7,104.6,49.2,18.446,-24.9,False,,True,91.7,False,0.0,False,67.2,True,100.0,True,90.9
12,0.725,0.4,42.4,6.963,-13.4,False,,True,72.6,False,1.1,False,58.9,True,16.1,False,46.4
12,0.75,0.0,41.6,2.885,-2.6,False,,False,50.9,False,6.1,False,33.8,False,4.5,False,30.0
12,0.775,0.0,43.7,1.366,1.1,False,,False,47.5,True,61.3,False,65.0,False,2.8,False,24.3
12,0.8,0.0,42.0,0.861,8.6,False,,False,29.4,False,5.1,False,1.4,False,2.3,False,21.3
12,0.825,0.3,38.9,0.355,9.9,False,,False,43.6,True,100.0,True,91.7,False,2.3,False,35.1
12,0.85,0.0,42.7,0.389,11.8,False,,False,16.3,False,11.6,False,8.8,False,2.3,False,21.3
12,0.875,0.1,41.1,0.458,16.0,False,,False,16.7,False,9.8,False,13.7,False,2.3,False,24.6
12,0.9,0.2,42.0,0.491,16.9,False,,False,17.8,False,2.1,False,15.9,False,2.4,False,22.3
12,0.925,0.0,42.3,0.21,17.3,False,,False,25.2,False,6.3,False,30.9,False,2.5,False,23.7
12,0.95,0.0,41.2,0.431,19.0,False,,False,22.0,False,6.2,False,49.4,False,2.5,False,25.0
13,0.975,0.0,41.2,0.287,16.5,False,,False,32.5,False,16.0,False,51.6,False,2.6,False,26.4
13,0.0,0.3,41.3,0.479,20.2,False,,False,50.5,False,8.2,False,67.9,False,0.8,False,26.4
13,0.025,17.2,42.5,0.302,19.8,False,,False,41.0,False,7.1,False,35.1,False,0.5,False,25.0
13,0.05,30.6,45.9,0.419,18.6,False,,False,42.2,False,48.3,False,62.7,False,0.3,False,23.7
13,0.075,43.1,44.5,0.216,19.0,False,,False,44.8,False,7.6,False,35.5,False,0.2,False,22.3
13,0.1,53.5,45.4,0.274,22.9,False,,False,34.1,False,24.0,False,48.2,False,0.1,False,21.0
13,0.125,61.0,46.7,0.449,21.0,False,,False,16.5,False,3.7,False,45.9,False,0.1,False,19.6
13,0.15,68.2,46.9,0.444,22.7,False,,False,17.3,False,5.7,False,48.2,False,0.0,False,18.3
13,0.175,75.7,44.7,0.403,20.6,False,,False,28.2,False,40.3,False,70.2,False,0.0,False,16.9
13,0.2,79.1,46.7,0.44,21.1,False,,False,12.9,False,5.0,False,42.5,False,0.0,False,15.6
13,0.225,82.6,49.4,0.363,22.3,False,,False,15.6,False,11.8,False,50.6,False,0.0,False,15.1
13,0.25,88.1,48.3,0.383,23.3,False,,False,10.8,False,13.8,False,39.8,False,0.0,False,12.9
13,0.275,88.8,47.3,0.544,23.3,False,,False,22.5,False,11.5,False,37.5,False,0.0,False,11.5
13,0.3,92.9,50.9,0.479,22.6,False,,False,23.2,True,53.8,False,64.8,False,0.0,False,22.2
13,0.325,95.3,48.4,12.254,21.7,True,FLOW_SPIKE,False,56.0,True,100.0,True,100.0,True,41.9,True,58.4
13,0.35,97.0,48.0,19.857,19.9,True,FLOW_SPIKE,False,68.1,True,100.0,True,100.0,True,100.0,True,98.3
13,0.375,97.7,49.8,19.289,21.3,True,FLOW_SPIKE,False,63.9,True,100.0,True,100.0,True,100.0,True,95.3
13,0.4,99.0,49.0,22.056,20.7,True,FLOW_SPIKE,False,63.5,True,100.0,True,100.0,True,100.0,True,100.0
13,0.425,100.2,49.3,12.79,22.3,True,FLOW_SPIKE,False,56.2,True,100.0,True,100.0,True,45.7,True,61.2
13,0.45,102.0,48.5,22.401,23.7,True,FLOW_SPIKE,False,64.5,True,100.0,True,100.0,True,100.0,True,100.0
13,0.475,101.2,48.6,8.907,21.6,True,FLOW_SPIKE,False,50.1,True,100.0,True,100.0,True,21.6,False,40.9
13,0.5,103.0,47.6,0.505,19.6,True,,False,19.3,False,37.5,False,33.3,False,0.0,False,15.0
13,0.525,102.7,47.9,0.533,22.1,False,,False,10.7,False,8.8,False,25.9,False,0.0,False,14.9
13,0.55,104.0,51.4,0.379,19.4,False,,False,28.0,True,60.1,False,61.5,False,0.0,False,24.6
13,0.575,103.1,48.5,0.455,21.2,False,,False,3.5,False,4.4,False,24.4,False,0.0,False,15.1
13,0.6,104.3,48.7,0.391,21.1,False,,False,3.1,False,5.4,False,30.7,False,0.0,False,15.5
13,0.625,103.5,48.6,0.231,21.4,False,,False,13.4,False,9.9,False,36.0,False,0.0,False,15.2
13,0.65,104.1,49.4,0.669,23.9,False,,False,29.5,False,17.5,False,48.2,False,0.0,False,15.4
13,0.675,105.1,48.9,0.506,20.3,False,,False,17.7,False,11.9,False,54.8,False,0.0,False,15.8
13,0.7,104.8,49.9,18.502,-23.7,False,,True,97.1,False,12.9,True,74.3,True,100.0,True,91.2
13,0.725,0.0,42.4,7.028,-11.0,False,,True,69.6,False,39.3,False,54.1,True,16.2,False,42.7
13,0.75,0.2,42.7,2.862,-2.8,False,,False,53.9,False,5.1,False,34.9,False,4.4,False,30.3
13,0.775,0.0,42.0,1.239,2.5,False,,False,35.6,False,1.9,False,36.3,False,2.6,False,22.2
13,0.8,0.9,40.6,0.798,7.8,False,,False,44.9,False,12.5,False,26.5,False,2.3,False,27.0
13,0.825,0.0,40.5,0.38,11.2,False,,False,24.6,False,37.2,False,23.2,False,2.3,False,27.5
13,0.85,0.4,43.5,0.324,12.5,False,,False,27.1,False,10.1,False,20.2,False,2.3,False,21.1
13,0.875,0.5,42.5,0.404,13.8,False,,False,19.9,False,7.2,False,8.0,False,2.3,False,21.1
13,0.9,0.2,40.2,0.375,16.9,False,,False,28.7,False,19.7,False,44.4,False,2.4,False,28.9
13,0.925,0.9,43.3,0.487,19.0,False,,False,34.7,False,12.0,False,45.9,False,2.4,False,23.7
13,0.95,0.0,42.6,0.417,17.8,False,,False,19.0,False,2.5,False,41.9,False,2.5,False,25.0
14,0.975,0.0,41.9,0.344,17.5,False,,False,23.5,False,9.2,False,49.3,False,2.6,False,26.4
14,0.0,0.0,42.5,0.488,22.9,False,,False,55.1,False,22.0,False,71.6,False,0.8,False,26.4
14,0.025,17.1,45.2,0.641,20.0,False,,False,52.0,True,59.4,False,67.0,False,0.5,False,25.0
14,0.05,30.9,45.8,0.404,20.8,False,,False,32.0,False,33.4,False,58.8,False,0.3,False,23.7
14,0.075,43.2,46.6,0.348,21.4,False,,False,27.6,False,13.4,False,61.5,False,0.2,False,22.3
14,0.1,62.2,44.6,0.341,21.7,True,OVERPRESSURE,False,28.1,False,16.2,False,62.4,False,0.1,False,21.0
14,0.125,73.6,47.9,0.484,19.2,True,OVERPRESSURE,False,25.1,False,30.4,True,73.4,False,0.0,False,19.6
14,0.15,75.6,46.8,0.443,21.3,True,OVERPRESSURE,False,13.3,False,4.8,False,56.6,False,0.0,False,18.3
14,0.175,83.3,46.0,0.258,20.6,True,OVERPRESSURE,False,26.2,False,25.8,False,71.7,False,0.0,False,16.9
14,0.2,90.8,47.2,0.377,23.0,True,OVERPRESSURE,False,12.4,True,53.7,False,70.9,False,0.0,False,15.6
14,0.225,95.4,48.1,0.401,22.3,True,OVERPRESSURE,False,8.3,True,80.2,False,63.4,False,0.0,False,14.2
14,0.25,96.8,49.5,0.463,21.5,True,OVERPRESSURE,False,9.4,True,53.7,False,60.1,False,0.0,False,15.6
14,0.275,99.1,49.7,0.379,21.7,True,OVERPRESSURE,False,7.8,False,38.2,False,56.4,False,0.0,False,16.5
14,0.3,103.9,48.6,0.556,22.0,True,OVERPRESSURE,False,18.6,True,100.0,False,54.0,False,0.0,False,15.3
14,0.325,95.5,48.9,0.381,21.0,True,,False,3.3,False,4.7,False,24.0,False,0.0,False,12.7
14,0.35,97.7,48.5,0.383,21.9,False,,False,1.2,False,3.5,False,22.0,False,0.0,False,13.2
14,0.375,97.6,49.9,0.456,24.9,False,,False,19.4,False,21.6,False,35.1,False,0.0,False,17.5
14,0.4,99.9,48.4,0.43,22.4,False,,False,1.1,False,5.2,False,18.1,False,0.0,False,13.9
14,0.425,100.6,50.1,0.35,23.7,False,,False,9.0,False,12.7,False,26.1,False,0.0,False,18.4
14,0.45,101.8,50.2,0.564,22.1,False,,False,17.0,False,9.5,False,22.6,False,0.0,False,18.9
14,0.475,102.8,47.4,0.393,25.0,False,,False,25.5,True,65.7,False,48.6,False,0.0,False,15.0
14,0.5,103.1,49.2,0.417,22.1,False,,False,0.0,False,4.4,False,14.3,False,0.0,False,15.1
14,0.525,104.0,51.1,0.65,21.5,False,,False,33.2,False,27.6,False,45.2,False,0.0,False,23.2
14,0.55,104.0,49.6,0.458,24.0,False,,False,8.6,False,23.9,False,26.7,False,0.0,False,16.0
14,0.575,103.6,49.3,0.276,24.3,False,,False,13.9,False,21.0,False,30.4,False,0.0,False,15.2
14,0.6,104.6,48.2,0.332,21.4,False,,False,5.3,False,10.7,False,36.9,False,0.0,False,15.6
14,0.625,104.4,47.9,0.442,22.9,False,,False,11.2,False,11.7,False,49.6,False,0.0,False,15.5
14,0.65,104.7,50.2,0.345,23.3,False,,False,12.4,False,4.7,False,51.8,False,0.0,False,18.9
14,0.675,105.2,48.3,0.384,20.3,False,,False,16.9,False,20.3,False,60.0,False,0.0,False,15.8
14,0.7,104.7,51.6,18.411,-24.4,False,,True,100.0,True,100.0,True,100.0,True,99.6,True,90.7
14,0.725,0.0,41.6,7.043,-12.7,False,,False,69.6,False,2.7,False,61.5,True,16.4,False,45.3
14,0.75,0.5,41.2,2.855,-4.7,False,,False,55.6,False,1.2,False,51.3,False,4.5,False,33.2
14,0.775,0.5,42.4,1.314,1.1,False,,False,41.8,False,5.3,False,46.7,False,2.7,False,24.3
14,0.8,0.0,42.4,0.478,8.0,False,,False,19.4,False,9.7,False,15.3,False,2.3,False,21.3
14,0.825,0.0,40.5,0.299,9.0,False,,False,29.2,False,30.6,False,37.9,False,2.3,False,27.5
14,0.85,7.0,42.5,0.214,11.7,True,OVERPRESSURE,False,38.4,False,41.6,False,7.0,False,2.1,False,19.6
14,0.875,13.0,40.1,0.229,14.8,True,OVERPRESSURE,False,52.9,True,100.0,False,42.0,False,1.9,False,29.4
14,0.9,9.1,40.6,0.218,16.0,True,OVERPRESSURE,False,49.2,True,54.8,False,33.0,False,2.1,False,27.0
14,0.925,6.0,40.2,0.367,18.7,True,OVERPRESSURE,False,43.8,False,35.6,False,58.1,False,2.2,False,28.9
14,0.95,12.1,40.1,0.508,18.7,True,OVERPRESSURE,False,53.5,True,76.5,False,70.9,False,2.1,False,29.4
15,0.975,11.5,40.7,0.534,19.8,True,OVERPRESSURE,False,54.6,True,100.0,False,71.1,False,2.1,False,26.5
15,0.0,8.0,41.2,0.473,17.5,True,OVERPRESSURE,False,59.6,False,31.5,False,65.3,False,0.6,False,26.4
15,0.025,23.3,42.0,0.592,20.6,True,OVERPRESSURE,False,54.0,False,21.5,False,43.0,False,0.4,False,25.0
15,0.05,41.3,45.1,0.443,21.5,True,OVERPRESSURE,False,30.3,False,8.7,False,49.4,False,0.2,False,23.7
15,0.075,44.0,47.2,0.336,19.0,True,,False,36.8,False,37.0,True,75.9,False,0.2,False,22.3
15,0.1,53.8,46.2,0.33,20.3,False,,False,24.6,False,8.3,False,46.2,False,0.1,False,21.0
15,0.125,61.7,46.5,0.294,18.5,False,,False,34.5,False,16.4,False,49.7,False,0.1,False,19.6
15,0.15,68.7,45.9,0.334,22.5,False,,False,22.6,False,11.8,False,49.8,False,0.0,False,18.3
15,0.175,74.5,47.5,0.454,21.0,False,,False,11.1,False,4.1,False,43.6,False,0.0,False,16.9
15,0.2,79.4,48.0,0.374,18.9,False,,False,18.1,False,15.7,False,46.2,False,0.0,False,15.6
15,0.225,82.9,49.7,0.337,21.2,False,,False,16.4,False,25.7,False,55.8,False,0.0,False,16.5
15,0.25,87.3,47.5,0.399,21.4,False,,False,5.3,False,3.4,False,35.6,False,0.0,False,12.9
15,0.275,89.8,48.3,0.301,22.4,False,,False,9.2,False,5.6,False,30.3,False,0.0,False,11.5
15,0.3,93.0,49.2,0.366,20.3,False,,False,8.3,False,7.1,False,30.6,False,0.0,False,14.1
15,0.325,93.8,46.6,0.318,19.9,False,,False,22.4,False,39.5,False,44.5,False,0.0,False,11.8
15,0.35,97.3,49.5,0.313,23.5,False,,False,8.2,False,13.9,False,28.3,False,0.0,False,15.6
15,0.375,98.9,49.5,0.427,22.7,False,,False,2.9,False,6.9,False,21.9,False,0.0,False,15.6
15,0.4,98.4,49.0,0.525,22.2,False,,False,7.0,False,4.2,False,12.3,False,0.0,False,13.4
15,0.425,99.9,51.5,0.377,18.7,False,,False,36.2,True,75.4,False,67.3,False,0.0,False,25.1
15,0.45,101.0,48.7,0.365,21.3,False,,False,0.4,False,7.4,False,11.7,False,0.0,False,14.3
15,0.475,102.2,48.3,0.305,23.3,False,,False,6.3,False,9.9,False,20.9,False,0.0,False,14.7
15,0.5,102.5,50.1,0.464,23.7,False,,False,9.4,False,8.8,False,24.0,False,0.0,False,18.4
15,0.525,104.0,49.1,0.302,22.1,False,,False,1.3,False,4.6,False,17.7,False,0.0,False,15.4
15,0.55,103.9,50.2,0.34,21.8,False,,False,4.2,False,5.9,False,26.4,False,0.0,False,18.9
15,0.575,104.1,48.9,0.331,24.5,False,,False,12.7,False,21.3,False,33.7,False,0.0,False,15.4
15,0.6,104.9,48.4,0.307,22.8,False,,False,9.4,False,5.1,False,37.1,False,0.0,False,15.7
15,0.625,103.9,49.9,0.226,24.6,False,,False,26.4,False,14.8,False,46.4,False,0.0,False,17.5
15,0.65,104.8,49.5,0.383,21.3,False,,False,6.2,False,1.5,False,43.6,False,0.0,False,15.7
15,0.675,106.8,49.1,0.329,19.7,False,,False,21.6,False,15.9,False,60.3,False,0.0,False,16.4
15,0.7,105.6,48.7,18.52,-22.4,False,,True,99.1,False,43.6,True,80.7,True,100.0,True,91.3
15,0.725,0.6,41.8,6.936,-15.7,False,,True,79.1,False,21.5,True,75.0,True,16.2,False,49.9
15,0.75,0.0,41.6,2.784,-5.4,False,,False,51.3,False,4.9,False,52.2,False,4.5,False,34.2
15,0.775,0.0,42.3,1.085,2.6,False,,False,35.6,False,0.0,False,40.1,False,2.6,False,22.0
15,0.8,0.5,40.9,0.66,-2.5,True,UNDERCOOLING,False,47.0,True,100.0,True,100.0,False,2.7,False,29.8
15,0.825,0.4,41.8,0.302,-2.4,True,UNDERCOOLING,False,41.5,True,100.0,True,100.0,False,2.8,False,29.7
15,0.85,0.0,43.0,0.557,0.4,True,UNDERCOOLING,False,41.7,True,100.0,True,100.0,False,2.7,False,25.4
15,0.875,0.1,42.8,0.451,5.0,True,UNDERCOOLING,False,33.8,True,100.0,False,63.5,False,2.6,False,21.2
15,0.9,0.0,39.9,0.495,-0.1,True,UNDERCOOLING,False,55.9,True,100.0,True,100.0,False,2.9,False,30.3
15,0.925,0.1,41.9,0.528,3.9,True,UNDERCOOLING,False,39.0,True,100.0,True,83.5,False,2.7,False,23.7
15,0.95,0.0,41.0,0.326,4.8,True,UNDERCOOLING,False,42.8,True,100.0,True,98.8,False,2.8,False,25.1
16,0.975,0.5,41.1,0.303,-0.5,True,UNDERCOOLING,False,57.9,True,100.0,True,100.0,False,3.0,False,26.8
16,0.0,0.7,41.2,0.384,7.4,True,UNDERCOOLING,False,61.3,True,100.0,True,100.0,False,1.0,False,26.4
16,0.025,17.1,42.4,0.515,20.4,True,,False,45.4,False,5.4,False,36.0,False,0.5,False,25.0
16,0.05,30.8,44.6,0.481,18.9,False,,False,37.3,False,12.3,False,37.0,False,0.3,False,23.7
16,0.075,42.7,46.1,0.586,19.6,False,,False,42.9,False,5.0,False,50.9,False,0.2,False,22.3
16,0.1,53.9,46.7,0.449,20.2,False,,False,22.4,False,22.5,False,52.0,False,0.1,False,21.0
16,0.125,60.8,46.7,0.193,23.0,False,,False,41.8,False,12.6,False,52.6,False,0.1,False,19.6
16,0.15,68.7,46.4,0.499,22.6,False,,False,22.6,False,8.1,False,48.2,False,0.0,False,18.3
16,0.175,74.1,47.2,0.374,19.3,False,,False,17.5,False,14.7,False,44.6,False,0.0,False,16.9
16,0.2,78.8,48.0,0.221,23.6,False,,False,26.5,False,21.4,False,48.1,False,0.0,False,15.6
16,0.225,84.2,47.2,0.299,22.6,False,,False,13.9,False,7.8,False,43.3,False,0.0,False,14.2
16,0.25,88.0,46.3,0.522,22.7,False,,False,22.2,False,13.0,False,56.3,False,0.0,False,12.9
16,0.275,90.3,48.4,0.327,22.4,False,,False,7.2,False,6.7,False,31.1,False,0.0,False,11.5
16,0.3,93.0,48.3,0.534,21.6,False,,False,11.0,False,5.8,False,26.7,False,0.0,False,11.5
16,0.325,95.1,49.9,0.436,19.4,False,,False,16.3,False,36.7,False,38.0,False,0.0,False,17.5
16,0.35,96.2,50.2,0.498,20.1,False,,False,19.2,False,18.1,False,35.0,False,0.0,False,18.9
16,0.375,98.9,46.4,0.314,22.8,False,,False,22.3,False,42.2,False,58.6,False,0.0,False,13.6
16,0.4,98.5,50.1,0.452,22.5,False,,False,7.1,False,9.6,False,22.9,False,0.0,False,18.4
16,0.425,100.3,48.5,0.222,23.8,False,,False,16.0,False,10.7,False,20.5,False,0.0,False,14.1
16,0.45,101.5,48.9,0.452,22.7,False,,False,1.6,False,8.0,False,13.8,False,0.0,False,14.5
16,0.475,103.0,49.3,0.491,20.7,False,,False,3.9,False,5.5,False,15.2,False,0.0,False,15.0
16,0.5,102.8,49.3,0.285,23.6,False,,False,4.9,False,7.5,False,18.2,False,0.0,False,15.0
16,0.525,103.2,49.9,0.353,22.2,False,,False,0.2,False,4.1,False,19.4,False,0.0,False,17.5
16,0.55,103.7,48.7,0.268,23.5,False,,False,8.5,False,16.1,False,25.2,False,0.0,False,15.3
16,0.575,104.2,49.4,0.482,22.3,False,,False,1.3,False,6.3,False,24.2,False,0.0,False,15.4
16,0.6,104.4,48.5,0.477,21.0,False,,False,5.8,False,6.0,False,32.8,False,0.0,False,15.5
16,0.625,105.1,50.6,0.239,20.7,False,,False,25.0,False,16.3,False,51.0,False,0.0,False,20.8
16,0.65,106.8,50.6,0.424,21.3,False,,False,21.1,False,15.1,False,59.9,False,0.0,False,20.8
16,0.675,105.0,48.3,0.509,22.6,False,,False,17.7,False,14.2,False,59.7,False,0.0,False,15.7
16,0.7,105.2,48.1,18.399,-25.4,False,,True,96.9,False,33.3,True,80.3,True,99.6,True,90.6
16,0.725,0.0,43.4,7.035,-13.5,False,,True,74.4,False,37.4,True,74.3,True,16.4,False,46.5
16,0.75,0.5,43.3,2.865,-4.4,False,,False,58.9,False,9.0,False,52.2,False,4.5,False,32.7
16,0.775,0.0,42.0,1.515,2.8,False,,False,38.9,False,3.9,False,26.8,False,2.8,False,21.7
16,0.8,0.0,39.1,0.737,9.8,False,,False,47.6,True,86.8,False,71.8,False,2.3,False,34.2
16,0.825,0.5,41.9,0.522,12.0,False,,False,20.8,False,8.7,False,0.0,False,2.2,False,21.1
16,0.85,0.1,42.0,0.394,13.0,False,,False,13.4,False,5.0,False,1.4,False,2.3,False,21.2
16,0.875,0.0,43.7,0.264,16.7,False,,False,24.7,False,16.8,False,31.2,False,2.3,False,21.3
16,0.9,0.0,41.9,0.561,16.7,False,,False,19.7,False,1.4,False,14.9,False,2.4,False,22.3
16,0.925,0.3,42.7,0.45,15.4,False,,False,25.0,False,11.2,False,26.4,False,2.4,False,23.7
16,0.95,0.6,41.1,0.24,19.5,False,,False,38.8,False,11.1,False,55.6,False,2.5,False,25.0
17,0.975,0.3,42.6,0.233,20.9,False,,False,41.9,False,35.4,True,73.6,False,2.6,False,26.4
17,0.0,0.3,42.0,0.311,20.0,False,,False,46.8,False,0.5,False,60.5,False,0.8,False,26.4
17,0.025,17.0,44.8,0.309,23.2,False,,False,49.2,True,69.9,False,69.4,False,0.5,False,25.0
17,0.05,30.7,44.8,0.393,19.1,False,,False,34.3,False,10.2,False,39.6,False,0.3,False,23.7
17,0.075,43.4,45.3,0.544,22.4,False,,False,39.0,False,17.5,False,45.2,False,0.2,False,22.3
17,0.1,53.6,46.6,0.284,22.9,False,,False,31.7,False,20.5,False,57.1,False,0.1,False,21.0
17,0.125,61.4,45.2,0.385,20.9,False,,False,21.1,False,7.7,False,44.3,False,0.1,False,19.6
17,0.15,68.4,46.6,0.155,17.4,False,,False,50.5,False,31.2,False,55.6,False,0.1,False,18.3
17,0.175,74.2,46.6,0.377,21.1,False,,False,11.7,False,5.5,False,43.3,False,0.0,False,16.9
17,0.2,78.7,46.9,0.449,19.5,False,,False,17.4,False,18.4,False,42.1,False,0.0,False,15.6
17,0.225,84.0,46.5,0.367,21.2,False,,False,13.4,False,5.7,False,47.1,False,0.0,False,14.2
17,0.25,86.6,46.1,14.265,22.8,True,FLOW_SPIKE,False,68.3,True,100.0,True,100.0,True,57.3,True,69.0
17,0.275,90.1,48.2,13.96,23.6,True,FLOW_SPIKE,False,64.1,True,100.0,True,100.0,True,54.8,True,67.4
17,0.3,92.4,48.2,10.17,21.0,True,FLOW_SPIKE,False,52.4,True,100.0,True,100.0,True,28.5,False,47.5
17,0.325,94.2,47.7,8.684,20.4,True,FLOW_SPIKE,False,55.8,True,100.0,True,100.0,True,20.5,False,39.7
17,0.35,97.0,48.7,21.217,18.7,True,FLOW_SPIKE,True,70.4,True,100.0,True,100.0,True,100.0,True,100.0
17,0.375,98.8,49.3,20.06,24.0,True,FLOW_SPIKE,False,67.2,True,100.0,True,100.0,True,100.0,True,99.4
17,0.4,99.2,49.6,10.208,21.4,True,FLOW_SPIKE,False,51.9,True,100.0,True,100.0,True,28.7,False,47.7
17,0.425,100.6,48.4,12.17,21.3,True,FLOW_SPIKE,False,57.0,True,100.0,True,100.0,True,41.3,True,58.0
17,0.45,100.7,47.3,19.547,21.6,True,FLOW_SPIKE,False,69.6,True,100.0,True,100.0,True,100.0,True,96.7
17,0.475,103.5,50.6,18.156,19.4,True,FLOW_SPIKE,True,74.4,True,100.0,True,100.0,True,93.9,True,89.4
17,0.5,102.0,49.6,13.164,21.7,True,FLOW_SPIKE,False,54.4,True,100.0,True,100.0,True,48.5,True,63.2
17,0.525,103.1,51.2,0.483,24.8,True,,False,29.0,False,48.3,False,55.5,False,0.0,False,23.7
17,0.55,105.0,50.1,0.37,24.1,False,,False,15.0,False,16.7,False,33.5,False,0.0,False,18.4
17,0.575,104.0,48.9,0.502,22.1,False,,False,2.7,False,4.5,False,24.1,False,0.0,False,15.4
17,0.6,104.7,50.3,0.331,23.5,False,,False,12.0,False,5.3,False,40.9,False,0.0,False,19.4
17,0.625,103.4,50.8,0.366,20.5,False,,False,17.1,False,18.6,False,52.6,False,0.0,False,21.8
17,0.65,105.4,49.6,0.36,21.9,False,,False,7.6,False,0.0,False,45.3,False,0.0,False,16.0
17,0.675,105.3,48.3,0.472,21.5,False,,False,15.4,False,8.2,False,59.0,False,0.0,False,15.8
17,0.7,105.7,48.5,18.498,-25.2,False,,True,98.0,False,10.6,False,73.1,True,100.0,True,91.2
17,0.725,0.0,41.8,6.976,-12.2,False,,True,70.9,False,7.5,False,56.1,True,16.1,False,44.6
17,0.75,0.0,42.5,2.97,-3.5,False,,False,50.4,False,3.6,False,34.6,False,4.6,False,31.3
17,0.775,0.0,42.0,1.483,4.4,False,,False,37.4,False,19.5,False,15.5,False,2.7,False,21.3
17,0.8,0.4,43.2,0.93,6.8,False,,False,40.2,False,40.4,False,21.9,False,2.4,False,21.1
17,0.825,0.0,42.0,0.409,9.5,False,,False,17.0,False,5.5,False,11.0,False,2.3,False,21.3
17,0.85,0.0,42.3,0.358,11.8,False,,False,14.3,False,7.0,False,6.7,False,2.3,False,21.3
17,0.875,0.0,42.2,0.284,14.1,False,,False,19.7,False,6.7,False,9.0,False,2.4,False,21.3
17,0.9,0.6,40.4,0.561,17.5,False,,False,38.1,False,15.9,False,38.7,False,2.4,False,27.9
17,0.925,0.1,44.5,0.499,16.4,False,,False,35.5,False,49.5,False,69.3,False,2.5,False,23.7
17,0.95,0.4,41.5,0.454,17.8,False,,False,24.1,False,8.3,False,39.9,False,2.5,False,25.0
18,0.975,0.6,41.6,0.387,17.7,False,,False,30.4,False,10.6,False,49.9,False,2.5,False,26.4
18,0.0,0.0,40.8,0.507,20.1,False,,False,54.9,False,14.8,True,77.9,False,0.8,False,26.4
18,0.025,16.9,44.2,13.977,18.2,True,FLOW_SPIKE,True,81.8,True,100.0,True,100.0,True,55.4,True,67.5
18,0.05,30.8,43.2,14.049,20.6,True,FLOW_SPIKE,True,74.5,True,100.0,True,100.0,True,55.8,True,67.8
18,0.075,43.0,44.1,13.388,21.2,True,FLOW_SPIKE,True,70.1,True,100.0,True,100.0,True,50.4,True,64.4
18,0.1,53.5,45.5,21.586,20.0,True,FLOW_SPIKE,True,70.3,True,100.0,True,100.0,True,100.0,True,100.0
18,0.125,61.6,46.6,16.033,21.3,True,FLOW_SPIKE,False,66.2,True,100.0,True,100.0,True,72.9,True,78.2
18,0.15,68.4,45.4,15.647,22.1,True,FLOW_SPIKE,True,72.4,True,100.0,True,100.0,True,69.3,True,76.2
18,0.175,74.7,48.0,17.446,21.3,True,FLOW_SPIKE,False,63.1,True,100.0,True,100.0,True,86.6,True,85.7
18,0.2,79.9,46.7,9.49,22.3,True,FLOW_SPIKE,False,56.0,True,100.0,True,100.0,True,24.6,False,43.9
18,0.225,84.7,50.8,21.535,20.4,True,FLOW_SPIKE,True,76.4,True,100.0,True,100.0,True,100.0,True,100.0
18,0.25,87.4,48.9,14.361,23.0,True,FLOW_SPIKE,False,63.4,True,100.0,True,100.0,True,58.1,True,69.5
18,0.275,90.4,46.9,18.272,21.0,True,FLOW_SPIKE,False,68.9,True,100.0,True,100.0,True,95.2,True,90.0
18,0.3,93.4,49.4,0.446,22.6,True,,False,5.4,False,4.2,False,33.4,False,0.0,False,15.1
18,0.325,94.7,49.8,0.322,20.7,False,,False,11.2,False,11.0,False,31.6,False,0.0,False,17.0
18,0.35,96.9,50.1,0.381,22.2,False,,False,7.1,False,9.5,False,32.1,False,0.0,False,18.4
18,0.375,97.4,47.2,0.312,21.9,False,,False,12.5,False,19.2,False,31.9,False,0.0,False,13.1
18,0.4,98.8,49.0,0.354,20.2,False,,False,6.2,False,13.0,False,14.3,False,0.0,False,13.5
18,0.425,101.3,48.2,0.47,22.7,False,,False,4.5,False,4.8,False,20.9,False,0.0,False,14.4
18,0.45,102.0,49.1,0.207,22.1,False,,False,10.0,False,7.2,False,14.1,False,0.0,False,14.7
18,0.475,101.8,47.7,0.477,20.9,False,,False,8.7,False,15.3,False,24.7,False,0.0,False,14.6
18,0.5,102.6,50.1,0.381,21.1,False,,False,3.2,False,1.9,False,20.0,False,0.0,False,18.4
18,0.525,103.2,47.7,0.527,22.9,False,,False,13.6,False,18.9,False,33.1,False,0.0,False,15.1
18,0.55,103.4,48.8,0.383,19.9,False,,False,4.6,False,14.0,False,22.0,False,0.0,False,15.2
18,0.575,103.1,49.9,0.388,22.6,False,,False,3.1,False,6.7,False,25.4,False,0.0,False,17.5
18,0.6,104.4,48.1,0.384,22.1,False,,False,5.4,False,10.2,False,38.3,False,0.0,False,15.5
18,0.625,104.8,49.4,0.472,20.1,False,,False,9.4,False,10.1,False,38.4,False,0.0,False,15.7
18,0.65,104.8,50.2,0.281,22.7,False,,False,14.4,False,4.2,False,50.6,False,0.0,False,18.9
18,0.675,104.3,47.8,0.282,23.6,False,,False,21.8,False,12.6,False,69.5,False,0.0,False,15.5
18,0.7,104.8,48.6,18.479,-24.9,False,,True,95.6,False,5.5,False,71.8,True,100.0,True,91.1
18,0.725,0.0,43.2,7.161,-13.4,False,,True,74.7,False,23.2,False,73.1,True,16.9,False,46.4
18,0.75,0.0,40.7,2.688,-5.0,False,,False,54.7,False,14.8,False,68.9,False,4.3,False,33.6
18,0.775,0.0,43.1,1.434,4.8,False,,False,41.7,False,23.2,False,21.4,False,2.7,False,21.3
18,0.8,0.6,42.5,0.674,8.0,False,,False,28.7,False,9.4,False,10.2,False,2.3,False,21.1
18,0.825,0.0,43.5,0.421,12.2,False,,False,20.4,False,10.3,False,13.0,False,2.3,False,21.3
18,0.85,0.0,41.2,0.415,16.5,False,,False,13.9,False,24.7,False,7.3,False,2.3,False,24.1
18,0.875,0.1,41.6,0.396,15.4,False,,False,13.5,False,10.3,False,8.0,False,2.3,False,22.2
18,0.9,0.0,42.2,0.356,15.6,False,,False,16.8,False,5.5,False,15.6,False,2.4,False,22.3
18,0.925,0.0,40.9,0.353,18.0,False,,False,21.9,False,10.2,False,40.4,False,2.4,False,25.6
18,0.95,0.2,43.7,0.302,18.0,False,,False,30.4,False,11.8,False,62.9,False,2.5,False,25.0
19,0.975,0.1,42.6,0.421,17.6,False,,False,23.8,False,17.4,False,52.0,False,2.6,False,26.4
19,0.0,0.4,43.8,0.376,21.8,False,,False,48.6,False,35.0,True,77.6,False,0.8,False,26.4
19,0.025,17.1,43.0,0.424,21.3,False,,False,35.6,False,2.4,False,37.2,False,0.5,False,25.0
19,0.05,31.7,45.0,0.495,24.4,False,,False,51.8,True,81.2,False,62.9,False,0.3,False,23.7
19,0.075,49.7,44.6,0.43,23.0,True,OVERPRESSURE,False,33.4,False,23.5,False,52.6,False,0.1,False,22.3
19,0.1,62.8,46.1,0.213,20.4,True,OVERPRESSURE,False,34.1,False,9.5,False,57.4,False,0.1,False,21.0
19,0.125,72.2,44.7,0.356,20.6,True,OVERPRESSURE,False,28.9,False,23.5,True,77.3,False,0.0,False,19.6
19,0.15,78.6,47.0,0.405,21.2,True,OVERPRESSURE,False,11.8,False,17.3,False,62.1,False,0.0,False,18.3
19,0.175,82.6,45.7,0.489,23.5,True,OVERPRESSURE,False,28.4,False,40.8,True,81.6,False,0.0,False,16.9
19,0.2,89.6,48.6,0.299,21.6,True,OVERPRESSURE,False,10.2,False,48.9,False,61.9,False,0.0,False,15.6
19,0.225,93.9,47.6,0.259,22.0,True,OVERPRESSURE,False,12.0,True,57.9,False,62.3,False,0.0,False,14.2
19,0.25,95.3,48.2,0.265,19.4,True,OVERPRESSURE,False,15.6,False,42.6,False,55.0,False,0.0,False,12.9
19,0.275,100.9,46.8,0.427,22.4,True,OVERPRESSURE,False,15.3,True,53.4,True,77.7,False,0.0,False,14.3
19,0.3,103.3,49.5,0.395,25.2,True,OVERPRESSURE,False,24.3,True,86.3,False,67.9,False,0.0,False,15.6
19,0.325,94.0,47.5,0.23,21.7,True,,False,18.7,False,8.9,False,28.5,False,0.0,False,11.9
19,0.35,96.2,48.9,0.357,21.5,False,,False,1.9,False,3.3,False,18.0,False,0.0,False,12.7
19,0.375,98.5,48.2,0.384,19.7,False,,False,8.0,False,16.2,False,22.7,False,0.0,False,13.4
19,0.4,98.8,47.3,0.465,23.1,False,,False,13.0,False,24.4,False,33.2,False,0.0,False,13.5
19,0.425,100.1,49.6,0.373,20.1,False,,False,5.5,False,21.5,False,16.6,False,0.0,False,16.0
19,0.45,101.5,49.2,0.376,22.4,False,,False,0.0,False,4.6,False,13.0,False,0.0,False,14.5
19,0.475,102.1,48.0,0.304,24.2,False,,False,15.6,False,21.8,False,29.4,False,0.0,False,14.7
19,0.5,102.6,49.4,0.279,21.3,False,,False,2.6,False,4.5,False,13.6,False,0.0,False,15.1
19,0.525,104.2,49.0,0.418,26.0,False,,False,26.0,True,65.4,False,39.7,False,0.0,False,15.4
19,0.55,103.9,47.8,0.416,22.5,False,,False,6.6,False,6.1,False,34.3,False,0.0,False,15.3
19,0.575,104.4,49.2,0.36,22.0,False,,False,0.0,False,3.4,False,24.1,False,0.0,False,15.5
19,0.6,104.8,50.3,0.567,20.4,False,,False,21.5,False,16.0,False,39.9,False,0.0,False,19.4
19,0.625,104.6,48.6,0.226,22.5,False,,False,12.7,False,7.3,False,39.9,False,0.0,False,15.6
19,0.65,105.5,50.2,0.412,21.0,False,,False,13.9,False,13.7,False,51.3,False,0.0,False,18.9
19,0.675,104.0,48.9,0.557,20.7,False,,False,23.2,False,11.4,False,51.5,False,0.0,False,15.4
19,0.7,105.4,47.6,18.423,-24.2,False,,True,98.6,True,71.2,True,95.7,True,99.7,True,90.8
19,0.725,0.4,41.2,6.914,-17.1,False,,True,80.8,True,84.7,True,96.3,True,16.3,True,52.0
19,0.75,0.0,42.4,2.676,-2.3,False,,False,49.9,False,7.4,False,34.1,False,4.1,False,29.5
19,0.775,0.2,39.4,1.307,4.7,False,,False,52.8,True,63.0,True,78.6,False,2.6,False,32.7
19,0.8,0.2,74.9,0.867,7.3,True,THERMAL,True,72.4,True,100.0,True,100.0,True,5.6,True,100.0
19,0.825,0.0,80.4,0.307,10.1,True,THERMAL,False,57.6,True,100.0,True,100.0,True,6.7,True,100.0
19,0.85,0.9,80.8,0.299,12.6,True,THERMAL,False,63.5,True,100.0,True,100.0,True,6.7,True,100.0
19,0.875,0.0,82.6,0.455,16.5,True,THERMAL,False,53.9,True,100.0,True,100.0,True,7.2,True,100.0
19,0.9,0.3,71.5,0.592,15.6,True,THERMAL,False,66.0,True,100.0,True,100.0,False,5.0,True,100.0
19,0.925,0.2,79.2,0.398,18.8,True,THERMAL,False,54.2,True,100.0,True,100.0,True,6.6,True,100.0
19,0.95,0.0,76.2,0.396,17.6,True,THERMAL,False,53.9,True,100.0,True,100.0,True,6.0,True,100.0
20,0.975,0.5,89.3,0.302,18.9,True,THERMAL,False,59.9,True,100.0,True,100.0,True,9.2,True,100.0
20,0.0,0.1,75.4,0.356,21.4,True,THERMAL,False,68.6,True,100.0,True,100.0,False,4.1,True,100.0
20,0.025,17.1,44.1,0.459,18.7,True,,False,41.2,False,11.1,False,44.3,False,0.5,False,25.0
20,0.05,31.1,42.8,0.463,18.5,False,,False,44.0,False,39.1,False,32.1,False,0.3,False,23.7
20,0.075,43.1,44.5,0.345,22.1,False,,False,31.6,False,5.7,False,38.7,False,0.2,False,22.3
20,0.1,53.9,45.3,0.431,19.7,False,,False,26.4,False,9.2,False,40.7,False,0.1,False,21.0
20,0.125,62.0,47.2,0.44,21.0,False,,False,17.5,False,12.8,False,51.6,False,0.1,False,19.6
20,0.15,68.2,46.0,0.346,21.7,False,,False,18.3,False,8.1,False,45.6,False,0.0,False,18.3
20,0.175,74.8,46.8,0.609,20.5,False,,False,29.6,False,9.6,False,43.9,False,0.0,False,16.9
20,0.2,80.0,48.2,0.509,18.9,False,,False,24.7,False,26.7,False,48.3,False,0.0,False,15.6
20,0.225,84.2,49.5,0.327,20.6,False,,False,17.2,False,22.2,False,53.4,False,0.0,False,15.6
20,0.25,88.3,49.3,0.588,21.1,False,,False,27.7,False,14.2,False,43.4,False,0.0,False,14.6
20,0.275,90.8,48.6,0.329,18.6,False,,False,17.5,False,30.0,False,38.9,False,0.0,False,11.5
20,0.3,92.4,47.1,0.417,22.9,False,,False,11.2,False,10.3,False,39.7,False,0.0,False,11.3
20,0.325,95.7,49.1,0.323,24.8,False,,False,20.8,False,33.6,False,37.6,False,0.0,False,13.6
20,0.35,96.8,50.5,0.459,21.6,False,,False,14.8,False,14.7,False,40.1,False,0.0,False,20.3
20,0.375,98.2,49.5,0.337,25.3,False,,False,20.9,False,27.4,False,34.9,False,0.0,False,15.6
20,0.4,100.0,50.4,0.416,21.7,False,,False,7.7,False,10.9,False,30.3,False,0.0,False,19.9
20,0.425,100.5,50.3,0.506,21.6,False,,False,10.4,False,10.0,False,24.8,False,0.0,False,19.4
20,0.45,102.3,50.2,0.489,21.2,False,,False,9.3,False,8.2,False,23.4,False,0.0,False,18.9
20,0.475,101.2,48.9,0.568,21.0,False,,False,12.8,False,7.5,False,10.6,False,0.0,False,14.4
20,0.5,103.1,49.7,0.437,23.4,False,,False,2.7,False,12.0,False,19.6,False,0.0,False,16.5
20,0.525,103.0,48.0,0.434,23.4,False,,False,7.7,False,19.2,False,28.8,False,0.0,False,15.0
20,0.55,103.6,47.9,0.458,22.6,False,,False,8.1,False,4.8,False,31.9,False,0.0,False,15.2
20,0.575,104.1,49.7,0.3,21.8,False,,False,2.4,False,3.3,False,25.0,False,0.0,False,16.5
20,0.6,105.4,49.1,0.404,21.9,False,,False,2.9,False,5.1,False,31.4,False,0.0,False,15.9
20,0.625,105.4,51.8,0.279,23.8,False,,False,38.2,False,45.1,True,87.5,False,0.0,False,26.5
20,0.65,104.4,49.1,0.218,22.4,False,,False,14.8,False,5.2,False,43.6,False,0.0,False,15.5
20,0.675,104.9,49.2,0.345,22.0,False,,False,9.1,False,9.2,False,52.1,False,0.0,False,15.7
20,0.7,105.0,51.4,18.289,-25.4,False,,True,100.0,True,100.0,True,100.0,True,98.4,True,90.1
20,0.725,0.0,43.0,6.857,-17.4,False,,True,79.1,True,67.0,True,94.3,True,16.1,True,52.5
20,0.75,0.0,42.1,2.924,-3.4,False,,False,50.0,False,5.3,False,34.1,False,4.6,False,31.2
20,0.775,0.3,42.9,1.267,6.7,False,,False,38.5,True,57.8,False,7.6,False,2.5,False,21.2
20,0.8,0.0,41.8,0.726,7.4,False,,False,26.1,False,0.7,False,13.3,False,2.3,False,21.3
20,0.825,0.3,42.9,0.388,10.0,False,,False,22.6,False,11.0,False,13.5,False,2.3,False,21.2
20,0.85,0.0,42.2,0.609,14.8,False,,False,18.8,False,9.8,False,0.0,False,2.3,False,21.3
20,0.875,0.1,43.6,0.464,15.4,False,,False,20.8,False,9.3,False,23.9,False,2.3,False,21.2
20,0.9,0.3,41.9,0.282,16.7,False,,False,22.6,False,0.7,False,18.2,False,2.4,False,22.3
20,0.925,0.0,42.1,0.195,17.9,False,,False,26.4,False,5.8,False,32.7,False,2.5,False,23.7
20,0.95,0.1,40.4,0.462,17.8,False,,False,30.5,False,22.5,False,57.8,False,2.5,False,27.9
21,0.975,0.0,41.8,0.478,18.0,False,,False,24.8,False,3.8,False,49.9,False,2.6,False,26.4
21,0.0,0.0,41.0,0.285,19.5,False,,False,53.4,False,11.2,True,73.5,False,0.8,False,26.4
21,0.025,16.7,43.7,0.355,21.5,False,,False,36.2,False,6.0,False,42.5,False,0.5,False,25.0
21,0.05,30.7,42.5,0.429,18.8,False,,False,42.6,False,43.1,False,33.9,False,0.3,False,23.7
21,0.075,42.8,45.2,0.571,22.9,False,,False,45.0,False,24.4,False,46.7,False,0.2,False,22.3
21,0.1,52.8,46.6,0.397,21.8,False,,False,20.9,False,19.6,False,52.0,False,0.1,False,21.0
21,0.125,68.3,46.1,0.335,20.9,True,OVERPRESSURE,False,17.7,False,8.0,False,55.2,False,0.0,False,19.6
21,0.15,80.1,47.9,0.32,21.0,True,OVERPRESSURE,False,13.7,False,22.4,False,66.4,False,0.0,False,18.3
21,0.175,84.5,48.3,0.378,24.0,True,OVERPRESSURE,False,21.4,False,50.0,False,71.4,False,0.0,False,16.9
21,0.2,88.1,48.1,0.453,18.2,True,OVERPRESSURE,False,23.7,False,49.1,False,65.9,False,0.0,False,15.6
21,0.225,93.1,47.4,0.292,23.3,True,OVERPRESSURE,False,16.3,False,49.1,False,65.8,False,0.0,False,14.2
21,0.25,98.6,48.2,0.38,19.1,True,OVERPRESSURE,False,14.6,True,78.2,False,64.8,False,0.0,False,13.5
21,0.275,102.1,48.9,0.275,21.9,True,OVERPRESSURE,False,12.0,True,100.0,False,58.1,False,0.0,False,14.7
21,0.3,103.5,48.3,0.716,23.7,True,OVERPRESSURE,False,37.1,True,100.0,False,60.7,False,0.1,False,15.2
21,0.325,105.0,49.0,0.687,21.6,True,OVERPRESSURE,False,35.5,True,100.0,False,48.4,False,0.1,False,15.7
21,0.35,109.0,48.8,0.212,23.9,True,OVERPRESSURE,False,28.9,True,100.0,False,58.6,False,0.1,False,17.1
21,0.375,107.0,48.8,0.446,23.6,True,OVERPRESSURE,False,14.3,True,93.0,False,44.2,False,0.0,False,16.4
21,0.4,98.4,49.6,0.468,21.3,True,,False,3.5,False,5.2,False,15.0,False,0.0,False,16.0
21,0.425,100.7,47.0,0.407,18.8,False,,False,24.6,True,92.7,False,44.7,False,0.0,False,14.2
21,0.45,101.4,48.6,0.351,22.9,False,,False,3.1,False,7.7,False,15.7,False,0.0,False,14.5
21,0.475,101.7,50.1,0.26,21.6,False,,False,9.2,False,8.3,False,18.7,False,0.0,False,18.4
21,0.5,103.0,50.0,0.409,19.2,False,,False,10.7,False,23.4,False,25.8,False,0.0,False,17.9
21,0.525,102.4,49.4,0.255,21.1,False,,False,7.9,False,7.0,False,14.4,False,0.0,False,15.1
21,0.55,104.4,48.5,0.333,19.8,False,,False,8.3,False,19.2,False,27.3,False,0.0,False,15.5
21,0.575,104.0,48.7,0.453,20.8,False,,False,3.5,False,5.0,False,25.4,False,0.0,False,15.4
21,0.6,104.0,47.7,0.548,24.3,False,,False,25.7,False,18.3,False,53.2,False,0.0,False,15.4
21,0.625,105.9,48.0,0.346,19.3,False,,False,22.1,False,37.2,False,54.2,False,0.0,False,16.0
21,0.65,104.5,48.2,0.579,21.0,False,,False,23.8,False,14.9,False,50.2,False,0.0,False,15.6
21,0.675,103.5,48.9,0.36,24.3,False,,False,21.1,False,9.7,False,57.6,False,0.0,False,15.2
21,0.7,104.4,49.4,18.549,-24.8,False,,True,97.3,False,1.2,False,67.8,True,100.0,True,91.4
21,0.725,0.6,42.0,7.092,-14.1,False,,True,72.3,False,1.5,False,65.9,True,16.7,False,47.5
21,0.75,0.0,41.7,2.787,-5.7,False,,False,51.9,False,10.2,False,53.2,False,4.5,False,34.7
21,0.775,0.1,42.7,1.492,4.2,False,,False,39.7,False,14.1,False,19.4,False,2.7,False,21.2
21,0.8,0.4,41.9,0.553,5.5,False,,False,27.8,False,24.8,False,33.5,False,2.4,False,21.1
21,0.825,0.0,41.3,0.379,11.1,False,,False,18.2,False,15.6,False,7.8,False,2.3,False,23.6
21,0.85,0.1,41.6,0.505,12.8,False,,False,16.8,False,3.8,False,1.6,False,2.3,False,22.2
21,0.875,0.4,42.5,0.509,14.4,False,,False,20.8,False,6.2,False,5.8,False,2.3,False,21.1
21,0.9,0.8,39.8,0.412,16.9,False,,False,39.9,False,38.0,False,56.7,False,2.4,False,30.8
21,0.925,0.6,42.7,0.314,17.6,False,,False,27.0,False,2.0,False,32.7,False,2.4,False,23.7
21,0.95,0.0,42.9,0.205,18.4,False,,False,32.6,False,5.3,False,50.9,False,2.5,False,25.0
22,0.975,0.0,42.1,0.514,18.4,False,,False,27.0,False,5.5,False,51.5,False,2.6,False,26.4
22,0.0,0.0,41.7,0.565,21.8,False,,False,60.1,False,16.5,False,68.6,False,0.8,False,26.4
22,0.025,15.8,43.2,0.407,21.6,False,,False,37.6,False,7.8,False,39.5,False,0.5,False,25.0
22,0.05,30.5,42.0,0.328,20.9,False,,False,43.1,True,59.8,False,42.7,False,0.3,False,23.7
22,0.075,43.6,45.0,0.393,21.1,False,,False,25.7,False,6.0,False,38.2,False,0.2,False,22.3
22,0.1,52.5,45.9,0.414,20.3,False,,False,22.1,False,1.9,False,42.0,False,0.1,False,21.0
22,0.125,62.5,47.2,0.425,23.7,False,,False,29.0,False,22.6,False,61.4,False,0.1,False,19.6
22,0.15,69.1,47.6,0.434,18.4,False,,False,29.2,False,30.8,False,55.7,False,0.0,False,18.3
22,0.175,74.1,46.6,0.538,20.1,False,,False,24.2,False,10.6,False,43.3,False,0.0,False,16.9
22,0.2,79.8,46.8,0.338,21.5,False,,False,12.8,False,4.4,False,43.9,False,0.0,False,15.6
22,0.225,83.6,48.5,0.296,23.9,False,,False,20.6,False,19.5,False,47.3,False,0.0,False,14.2
22,0.25,86.4,48.4,0.476,19.8,False,,False,12.3,False,11.1,False,34.4,False,0.0,False,12.9
22,0.275,90.1,47.5,0.359,20.0,False,,False,10.9,False,13.6,False,34.4,False,0.0,False,11.5
22,0.3,92.7,49.7,0.433,24.2,False,,False,17.4,False,25.4,False,43.1,False,0.0,False,16.5
22,0.325,94.6,50.2,0.26,23.0,False,,False,18.4,False,16.8,False,40.6,False,0.0,False,18.9
22,0.35,96.3,47.7,0.371,24.3,False,,False,15.8,False,25.7,False,35.2,False,0.0,False,12.7
22,0.375,98.3,49.8,0.614,19.7,False,,False,30.3,False,29.0,False,26.9,False,0.0,False,17.0
22,0.4,99.4,49.1,0.417,20.7,False,,False,2.9,False,7.2,False,14.6,False,0.0,False,13.8
22,0.425,100.7,48.7,0.241,20.0,False,,False,15.6,False,10.2,False,16.4,False,0.0,False,14.2
22,0.45,101.6,50.1,0.383,22.6,False,,False,4.4,False,13.2,False,21.1,False,0.0,False,18.4
22,0.475,102.7,50.4,0.412,25.1,False,,False,22.7,False,35.6,False,38.2,False,0.0,False,19.9
22,0.5,103.8,49.5,0.344,22.9,False,,False,1.8,False,8.9,False,18.3,False,0.0,False,15.6
22,0.525,104.6,49.6,0.44,20.9,False,,False,4.4,False,9.1,False,20.3,False,0.0,False,16.0
22,0.55,104.9,95.1,0.403,22.4,True,THERMAL,False,30.2,True,100.0,True,100.0,True,6.3,True,100.0
22,0.575,104.6,86.7,0.446,21.7,True,THERMAL,False,27.6,True,100.0,True,100.0,False,4.2,True,100.0
22,0.6,105.1,87.5,0.403,21.0,True,THERMAL,False,30.4,True,100.0,True,100.0,False,4.4,True,100.0
22,0.625,103.9,90.3,0.282,23.0,True,THERMAL,False,36.6,True,100.0,True,100.0,False,5.1,True,100.0
22,0.65,106.3,95.1,0.52,24.2,True,THERMAL,False,45.6,True,100.0,True,100.0,True,6.3,True,100.0
22,0.675,105.3,98.2,0.433,24.2,True,THERMAL,False,41.2,True,100.0,True,100.0,True,7.2,True,100.0
22,0.7,105.2,86.0,18.257,-23.2,True,THERMAL,True,100.0,True,100.0,True,100.0,True,100.0,True,100.0
22,0.725,0.0,84.7,6.964,-12.6,True,THERMAL,True,94.3,True,100.0,True,100.0,True,21.3,True,100.0
22,0.75,0.0,80.2,2.75,-5.6,True,THERMAL,True,85.3,True,100.0,True,100.0,True,8.7,True,100.0
22,0.775,0.0,87.9,1.392,1.6,True,THERMAL,True,74.8,True,100.0,True,100.0,True,9.0,True,100.0
22,0.8,0.0,42.0,0.696,11.1,True,,False,23.0,False,14.6,False,0.0,False,2.2,False,21.3
22,0.825,0.0,41.9,0.365,9.4,False,,False,18.2,False,7.5,False,13.0,False,2.3,False,21.3
22,0.85,0.0,40.2,0.479,11.4,False,,False,30.3,False,44.8,False,34.0,False,2.3,False,28.9
22,0.875,0.4,42.2,0.206,15.8,False,,False,26.6,False,7.5,False,10.0,False,2.3,False,21.1
22,0.9,1.0,41.6,0.382,13.6,False,,False,32.7,False,30.3,False,16.2,False,2.4,False,22.3
22,0.925,0.3,42.1,0.393,17.0,False,,False,19.0,False,6.8,False,26.3,False,2.4,False,23.7
22,0.95,0.0,42.6,0.475,15.9,False,,False,22.6,False,16.3,False,36.1,False,2.5,False,25.0
23,0.975,0.0,41.5,0.31,19.6,False,,False,29.8,False,7.9,False,61.8,False,2.6,False,26.4
23,0.0,0.3,41.4,0.448,20.5,False,,False,48.4,False,6.8,False,67.0,False,0.8,False,26.4
23,0.025,17.0,43.4,0.352,20.9,False,,False,33.9,False,4.0,False,37.8,False,0.5,False,25.0
23,0.05,31.5,44.2,0.35,21.6,False,,False,33.1,False,4.4,False,36.0,False,0.3,False,23.7
23,0.075,42.9,45.5,0.35,20.7,False,,False,26.4,False,3.8,False,42.1,False,0.2,False,22.3
23,0.1,52.3,44.5,0.354,23.4,False,,False,38.1,False,29.9,False,50.0,False,0.1,False,21.0
23,0.125,61.8,47.1,0.406,21.2,False,,False,16.8,False,9.4,False,50.6,False,0.1,False,19.6
23,0.15,68.7,47.2,0.357,24.9,False,,False,31.0,False,37.9,False,64.0,False,0.0,False,18.3
23,0.175,74.7,48.1,0.378,18.8,False,,False,23.0,False,22.8,False,53.0,False,0.0,False,16.9
23,0.2,78.8,48.3,0.191,20.6,False,,False,27.1,False,8.8,False,43.6,False,0.0,False,15.6
23,0.225,85.4,47.4,0.276,20.5,False,,False,14.3,False,6.7,False,42.3,False,0.0,False,14.2
23,0.25,87.3,48.1,0.463,21.1,False,,False,5.9,False,4.8,False,33.4,False,0.0,False,12.9
23,0.275,89.2,49.8,0.474,22.5,False,,False,16.3,False,10.3,False,43.0,False,0.0,False,17.0
23,0.3,93.5,48.4,0.248,21.2,False,,False,11.5,False,5.9,False,27.7,False,0.0,False,11.7
23,0.325,94.1,49.0,0.427,21.2,False,,False,5.3,False,3.2,False,21.4,False,0.0,False,13.2
23,0.35,97.6,48.3,0.576,20.3,False,,False,19.1,False,11.4,False,23.9,False,0.0,False,13.1
23,0.375,97.7,49.1,0.391,21.9,False,,False,1.9,False,4.1,False,15.6,False,0.0,False,13.6
23,0.4,99.9,49.3,0.48,21.5,False,,False,2.2,False,5.0,False,15.8,False,0.0,False,14.6
23,0.425,99.9,48.6,0.469,22.4,False,,False,2.7,False,6.8,False,13.1,False,0.0,False,13.9
23,0.45,101.4,50.2,0.357,23.1,False,,False,7.6,False,13.8,False,23.6,False,0.0,False,18.9
23,0.475,101.3,48.5,0.287,19.1,False,,False,14.6,False,27.7,False,18.7,False,0.0,False,14.4
23,0.5,102.0,50.1,0.583,22.9,False,,False,19.1,False,8.1,False,20.5,False,0.0,False,18.4
23,0.525,102.9,50.6,0.438,22.5,False,,False,9.1,False,9.7,False,30.4,False,0.0,False,20.8
23,0.55,103.2,48.6,0.418,23.5,False,,False,4.9,False,15.5,False,24.5,False,0.0,False,15.1
23,0.575,103.5,51.0,0.36,26.0,False,,False,33.8,True,76.4,False,64.3,False,0.0,False,22.7
23,0.6,104.4,49.9,0.406,22.6,False,,False,3.2,False,6.2,False,32.7,False,0.0,False,17.5
23,0.625,106.0,50.3,0.402,25.9,False,,False,34.9,False,44.0,False,64.1,False,0.0,False,19.4
23,0.65,81.0,49.3,0.258,23.4,True,PRESSURE_DROP,False,26.3,True,100.0,False,20.8,False,0.1,False,14.6
23,0.675,81.9,50.4,0.369,18.8,True,PRESSURE_DROP,False,38.8,True,100.0,False,51.6,False,0.2,False,19.9
23,0.7,75.4,48.9,18.403,-23.5,True,PRESSURE_DROP,True,100.0,True,100.0,True,100.0,True,99.4,True,90.7
23,0.725,0.0,42.9,7.181,-15.1,True,PRESSURE_DROP,True,74.4,False,14.5,True,78.5,True,17.1,False,49.0
23,0.75,0.0,41.4,2.775,-3.8,True,PRESSURE_DROP,False,51.5,False,0.0,False,45.0,False,4.4,False,31.8
23,0.775,0.0,42.2,1.129,3.0,True,PRESSURE_DROP,False,35.5,False,2.3,False,35.0,False,2.6,False,21.4
23,0.8,0.0,42.0,0.778,7.4,True,,False,26.7,False,1.1,False,11.4,False,2.4,False,21.3
23,0.825,0.3,42.9,0.409,12.2,False,,False,18.8,False,8.4,False,2.3,False,2.3,False,21.2
23,0.85,0.4,43.5,0.369,14.9,False,,False,24.2,False,9.4,False,14.8,False,2.3,False,21.1
23,0.875,0.0,43.1,0.615,17.2,False,,False,26.6,False,20.6,False,16.3,False,2.3,False,21.3
23,0.9,0.0,44.3,0.255,16.2,False,,False,34.9,False,37.2,False,56.2,False,2.4,False,22.3
23,0.925,0.0,42.1,0.457,16.0,False,,False,17.0,False,8.6,False,23.4,False,2.4,False,23.7
23,0.95,0.0,42.9,0.486,16.0,False,,False,25.3,False,17.6,False,39.8,False,2.5,False,25.0
24,0.975,0.0,41.8,0.505,18.5,False,,False,27.6,False,2.6,False,52.1,False,2.6,False,26.4
24,0.0,0.0,42.4,0.444,20.7,False,,False,44.7,False,0.0,False,60.9,False,0.8,False,26.4
24,0.025,17.3,43.4,0.5,21.2,False,,False,38.2,False,9.9,False,38.4,False,0.5,False,25.0
24,0.05,30.8,44.7,0.367,19.8,False,,False,31.2,False,3.1,False,37.7,False,0.3,False,23.7
24,0.075,42.7,45.0,0.469,20.0,False,,False,30.2,False,3.5,False,36.1,False,0.2,False,22.3
24,0.1,53.2,46.2,0.365,24.4,False,,False,37.6,False,40.7,False,62.4,False,0.1,False,21.0
24,0.125,62.2,45.4,0.427,19.9,False,,False,24.3,False,7.2,False,44.8,False,0.1,False,19.6
24,0.15,68.4,47.8,0.423,19.2,False,,False,23.6,False,16.2,False,53.9,False,0.0,False,18.3
24,0.175,74.6,48.3,0.224,20.2,False,,False,25.4,False,10.0,False,51.3,False,0.0,False,16.9
24,0.2,78.2,47.9,0.265,20.6,False,,False,15.1,False,5.4,False,39.7,False,0.0,False,15.6
24,0.225,84.7,47.4,0.578,24.0,False,,False,32.1,False,22.0,False,49.9,False,0.0,False,14.2
24,0.25,87.7,46.6,0.422,21.3,False,,False,11.7,False,6.5,False,46.8,False,0.0,False,12.9
24,0.275,90.0,47.9,0.346,23.3,False,,False,9.8,False,12.8,False,35.0,False,0.0,False,11.5
24,0.3,93.5,48.7,0.34,20.0,False,,False,8.3,False,22.2,False,29.5,False,0.0,False,11.7
24,0.325,94.8,48.7,0.255,22.8,False,,False,9.8,False,6.5,False,24.5,False,0.0,False,12.1
24,0.35,96.4,50.6,0.454,23.7,False,,False,21.6,False,37.0,False,46.8,False,0.0,False,20.8
24,0.375,97.4,51.1,0.35,21.6,False,,False,19.0,False,32.5,False,51.0,False,0.0,False,23.2
24,0.4,100.0,48.9,0.322,21.7,False,,False,2.1,False,5.2,False,15.4,False,0.0,False,14.0
24,0.425,100.1,49.2,0.443,19.3,False,,False,12.1,False,22.4,False,17.3,False,0.0,False,14.1
24,0.45,101.1,50.0,0.322,22.2,False,,False,4.3,False,11.3,False,18.1,False,0.0,False,17.9
24,0.475,102.1,48.5,0.3,23.0,False,,False,4.7,False,7.2,False,17.4,False,0.0,False,14.7
24,0.5,102.7,49.9,0.492,22.1,False,,False,2.2,False,7.6,False,17.5,False,0.0,False,17.5
24,0.525,102.8,48.6,0.375,21.3,False,,False,0.5,False,1.4,False,16.6,False,0.0,False,15.0
24,0.55,103.5,49.6,0.488,21.4,False,,False,2.5,False,3.3,False,19.5,False,0.0,False,16.0
24,0.575,104.2,48.7,0.46,23.5,False,,False,6.9,False,9.3,False,29.8,False,0.0,False,15.4
24,0.6,104.5,50.2,0.413,24.5,False,,False,15.8,False,11.6,False,43.9,False,0.0,False,18.9
24,0.625,104.7,49.9,0.507,23.1,False,,False,10.3,False,5.3,False,40.7,False,0.0,False,17.5
24,0.65,105.1,51.6,0.418,19.6,False,,False,34.7,True,56.8,True,88.4,False,0.0,False,25.6
24,0.675,105.3,50.1,0.316,26.1,False,,False,38.7,True,75.1,True,77.4,False,0.0,False,18.4
24,0.7,105.3,48.0,18.382,-24.3,False,,True,98.6,False,43.6,True,84.1,True,99.3,True,90.6
24,0.725,0.3,40.9,6.972,-12.5,False,,True,75.3,False,18.4,False,72.0,True,16.1,False,45.0
24,0.75,0.2,41.5,2.831,-3.5,False,,False,50.8,False,0.0,False,40.6,False,4.4,False,31.3
24,0.775,0.4,43.5,20.621,3.3,True,FLOW_SPIKE,True,83.3,True,100.0,True,100.0,True,100.0,True,100.0
24,0.8,0.6,41.5,9.82,8.9,True,FLOW_SPIKE,False,68.4,True,100.0,True,100.0,True,28.6,False,45.7
24,0.825,0.0,42.1,15.191,9.8,True,FLOW_SPIKE,True,72.8,True,100.0,True,100.0,True,67.3,True,73.8
24,0.85,0.0,41.6,9.905,13.9,True,FLOW_SPIKE,False,64.0,True,100.0,True,100.0,True,29.1,False,46.1
24,0.875,0.0,44.0,9.539,17.4,True,FLOW_SPIKE,True,70.3,True,100.0,True,100.0,True,27.1,False,44.2
24,0.9,0.0,38.4,13.966,17.1,True,FLOW_SPIKE,True,81.6,True,100.0,True,100.0,True,57.1,True,67.4
24,0.925,0.0,42.4,13.24,20.0,True,FLOW_SPIKE,False,67.8,True,100.0,True,100.0,True,51.4,True,63.6
24,0.95,0.0,42.7,8.409,19.0,True,FLOW_SPIKE,False,64.0,True,100.0,True,100.0,True,21.5,False,38.3
25,0.975,0.0,42.7,13.683,18.4,True,FLOW_SPIKE,True,72.7,True,100.0,True,100.0,True,54.9,True,65.9
25,0.0,0.0,41.1,0.418,22.3,True,,False,53.7,False,39.1,True,79.9,False,0.8,False,26.4
25,0.025,17.8,42.4,0.417,18.8,False,,False,43.6,False,22.0,False,35.5,False,0.5,False,25.0
25,0.05,30.9,42.5,0.25,20.9,False,,False,42.3,False,40.4,False,36.4,False,0.3,False,23.7
25,0.075,43.7,44.7,0.424,23.2,False,,False,37.7,False,23.2,False,46.0,False,0.2,False,22.3
25,0.1,53.1,46.5,0.173,20.0,False,,False,43.3,False,23.6,False,50.2,False,0.1,False,21.0
25,0.125,61.2,45.8,0.395,22.6,False,,False,23.0,False,9.9,False,47.3,False,0.1,False,19.6
25,0.15,68.5,47.9,0.337,20.5,False,,False,18.1,False,10.6,False,52.7,False,0.0,False,18.3
25,0.175,75.5,46.8,0.332,21.6,False,,False,13.3,False,5.1,False,45.8,False,0.0,False,16.9
25,0.2,79.2,46.6,0.561,21.5,False,,False,24.1,False,5.3,False,44.1,False,0.0,False,15.6
25,0.225,84.0,50.3,0.386,21.0,False,,False,21.3,False,50.5,False,71.6,False,0.0,False,19.4
25,0.25,86.8,46.4,0.332,17.7,False,,False,32.0,True,80.2,False,57.6,False,0.0,False,12.9
25,0.275,90.3,49.9,0.354,21.7,False,,False,13.5,False,10.7,False,45.1,False,0.0,False,17.5
25,0.3,92.2,50.7,0.328,21.5,False,,False,20.2,False,30.4,False,56.9,False,0.0,False,21.3
25,0.325,93.9,48.5,0.46,21.4,False,,False,4.7,False,6.0,False,20.0,False,0.0,False,11.8
25,0.35,96.5,46.9,0.367,23.6,False,,False,16.8,False,42.7,False,46.1,False,0.0,False,12.7
25,0.375,97.1,48.8,0.495,20.9,False,,False,7.2,False,6.7,False,14.0,False,0.0,False,12.9
25,0.4,100.8,48.1,0.424,21.9,False,,False,2.3,False,6.9,False,22.6,False,0.0,False,14.3
25,0.425,99.5,49.1,0.381,23.4,False,,False,2.8,False,10.1,False,14.3,False,0.0,False,13.8
25,0.45,101.6,49.6,0.485,21.7,False,,False,2.1,False,8.9,False,14.4,False,0.0,False,16.0
25,0.475,102.8,50.1,0.421,20.9,False,,False,5.5,False,9.7,False,21.2,False,0.0,False,18.4
25,0.5,103.4,47.8,0.477,24.4,False,,False,19.8,False,32.3,False,37.8,False,0.0,False,15.2
25,0.525,103.7,48.7,0.529,24.7,False,,False,20.1,False,36.7,False,29.6,False,0.0,False,15.3
25,0.55,103.2,49.0,0.359,22.1,False,,False,0.0,False,3.6,False,18.2,False,0.0,False,15.1
25,0.575,104.0,49.4,0.416,23.0,False,,False,1.2,False,7.7,False,25.3,False,0.0,False,15.4
25,0.6,103.1,48.9,0.389,25.6,False,,False,23.5,False,35.4,False,44.5,False,0.0,False,15.1
25,0.625,104.1,50.5,0.435,22.9,False,,False,12.1,False,2.0,False,47.1,False,0.0,False,20.3
25,0.65,105.6,50.9,0.415,24.4,False,,False,29.0,False,22.5,False,70.7,False,0.0,False,22.2
25,0.675,105.8,49.7,0.224,20.9,False,,False,23.2,False,12.9,False,56.2,False,0.0,False,16.5
25,0.7,105.5,50.4,18.437,-26.3,False,,True,98.6,False,43.4,True,79.8,True,100.0,True,90.8
25,0.725,0.0,44.3,6.879,-12.7,False,,True,83.3,True,100.0,True,94.8,True,15.7,False,45.3
25,0.75,0.2,42.5,2.863,-4.3,False,,False,51.9,False,1.6,False,41.3,False,4.5,False,32.5
25,0.775,0.3,43.2,1.289,0.5,False,,False,47.0,False,30.2,False,62.0,False,2.7,False,25.2
25,0.8,0.0,41.2,0.624,7.2,False,,False,26.9,False,14.6,False,23.5,False,2.3,False,24.1
25,0.825,0.0,42.6,0.348,11.2,False,,False,16.6,False,4.2,False,5.1,False,2.3,False,21.3
25,0.85,0.1,42.5,0.383,14.5,False,,False,13.2,False,8.3,False,0.8,False,2.3,False,21.2
25,0.875,0.8,43.4,0.369,14.6,False,,False,30.9,False,8.3,False,20.1,False,2.3,False,21.0
25,0.9,0.0,40.3,0.431,14.6,False,,False,27.7,False,24.8,False,37.9,False,2.4,False,28.4
25,0.925,0.0,43.3,0.31,17.1,False,,False,24.2,False,11.0,False,40.9,False,2.4,False,23.7
25,0.95,0.0,41.1,0.25,17.7,False,,False,27.4,False,4.9,False,46.6,False,2.5,False,25.0
26,0.975,0.0,41.6,0.368,17.5,False,,False,23.7,False,13.0,False,49.9,False,2.6,False,26.4
26,0.0,0.5,41.7,0.488,20.7,False,,False,48.9,False,6.0,False,63.5,False,0.8,False,26.4
26,0.025,17.0,42.8,0.347,19.5,False,,False,37.3,False,6.9,False,33.9,False,0.5,False,25.0
26,0.05,30.8,43.4,15.943,21.6,True,FLOW_SPIKE,True,77.0,True,100.0,True,100.0,True,72.3,True,77.8
26,0.075,43.2,43.7,11.061,22.3,True,FLOW_SPIKE,True,75.6,True,100.0,True,100.0,True,34.0,True,52.2
26,0.1,53.3,46.2,10.326,22.8,True,FLOW_SPIKE,True,69.7,True,100.0,True,100.0,True,29.5,False,48.3
26,0.125,62.0,46.4,10.405,20.0,True,FLOW_SPIKE,False,62.8,True,100.0,True,100.0,True,29.9,False,48.7
26,0.15,69.0,47.0,10.995,21.5,True,FLOW_SPIKE,False,62.3,True,100.0,True,100.0,True,33.5,True,51.8
26,0.175,74.3,46.8,18.312,19.4,True,FLOW_SPIKE,False,69.4,True,100.0,True,100.0,True,95.6,True,90.2
26,0.2,80.0,48.8,21.363,21.7,True,FLOW_SPIKE,False,63.6,True,100.0,True,100.0,True,100.0,True,100.0
26,0.225,83.9,46.9,22.452,22.8,True,FLOW_SPIKE,False,67.9,True,100.0,True,100.0,True,100.0,True,100.0
26,0.25,87.0,48.4,18.805,21.3,True,FLOW_SPIKE,False,61.1,True,100.0,True,100.0,True,100.0,True,92.8
26,0.275,91.2,47.3,9.599,19.7,True,FLOW_SPIKE,False,61.4,True,100.0,True,100.0,True,25.3,False,44.5
26,0.3,93.0,47.1,0.326,21.2,True,,False,11.4,False,10.7,False,37.9,False,0.0,False,11.5
26,0.325,94.7,48.2,0.359,21.0,False,,False,4.3,False,6.7,False,23.0,False,0.0,False,12.1
26,0.35,97.0,49.7,0.474,23.4,False,,False,8.6,False,13.4,False,29.5,False,0.0,False,16.5
26,0.375,98.2,48.6,0.402,21.4,False,,False,0.9,False,5.0,False,16.5,False,0.0,False,13.3
26,0.4,98.7,49.1,0.484,18.6,False,,False,17.5,False,52.7,False,21.7,False,0.0,False,13.6
26,0.425,99.8,49.3,0.449,23.2,False,,False,3.2,False,5.3,False,14.7,False,0.0,False,14.6
26,0.45,101.6,48.4,0.475,21.1,False,,False,2.4,False,5.7,False,15.5,False,0.0,False,14.5
26,0.475,103.3,50.0,0.217,21.8,False,,False,11.4,False,12.0,False,20.8,False,0.0,False,17.9
26,0.5,102.8,49.9,0.422,24.7,False,,False,13.5,False,16.5,False,27.8,False,0.0,False,17.5
26,0.525,102.5,49.5,0.397,23.0,False,,False,1.8,False,9.5,False,16.6,False,0.0,False,15.6
26,0.55,103.4,50.6,0.23,21.4,False,,False,17.5,False,15.6,False,33.2,False,0.0,False,20.8
26,0.575,104.2,50.9,0.477,23.9,False,,False,22.3,False,22.4,False,49.0,False,0.0,False,22.2
26,0.6,105.2,50.9,0.456,23.0,False,,False,18.5,False,9.9,False,51.9,False,0.0,False,22.2
26,0.625,104.4,48.7,0.44,23.4,False,,False,8.2,False,9.6,False,40.8,False,0.0,False,15.5
26,0.65,105.5,49.7,0.285,22.8,False,,False,12.9,False,3.0,False,47.4,False,0.0,False,16.5
26,0.675,105.8,49.1,0.47,22.6,False,,False,12.4,False,13.2,False,55.2,False,0.0,False,16.0
26,0.7,104.4,47.9,18.187,-26.4,False,,True,100.0,False,46.8,True,86.2,True,97.5,True,89.5
26,0.725,0.1,40.4,6.887,-13.1,False,,True,78.9,False,50.4,True,87.0,True,15.8,False,45.9
26,0.75,0.0,41.7,2.746,-3.4,False,,False,50.3,False,0.0,False,40.0,False,4.3,False,31.2
26,0.775,0.1,44.3,1.426,2.1,False,,False,51.9,True,100.0,False,72.5,False,2.8,False,22.8
26,0.8,0.0,41.7,0.752,-8.4,True,UNDERCOOLING,False,47.8,True,100.0,True,100.0,False,3.1,False,38.8
26,0.825,0.0,44.2,0.392,-11.4,True,UNDERCOOLING,False,60.8,True,100.0,True,100.0,False,3.4,False,43.4
26,0.85,0.2,42.2,0.446,-6.4,True,UNDERCOOLING,False,44.5,True,100.0,True,100.0,False,3.1,False,35.7
26,0.875,0.0,42.5,0.333,-0.4,True,UNDERCOOLING,False,41.1,True,100.0,True,100.0,False,2.8,False,26.6
26,0.9,0.3,41.9,0.482,6.2,True,UNDERCOOLING,False,35.8,True,100.0,False,54.8,False,2.6,False,22.3
26,0.925,0.4,43.0,0.341,-1.8,True,UNDERCOOLING,False,51.8,True,100.0,True,100.0,False,3.0,False,28.7
26,0.95,0.4,41.4,0.454,4.1,True,UNDERCOOLING,False,43.5,True,100.0,True,96.3,False,2.8,False,25.0
27,0.975,0.0,41.1,0.475,4.2,True,UNDERCOOLING,False,46.0,True,100.0,True,100.0,False,2.8,False,26.4
27,0.0,0.1,41.4,0.404,23.7,True,,False,58.3,True,74.2,True,84.9,False,0.8,False,26.4
27,0.025,16.9,44.1,0.423,23.4,False,,False,44.8,True,53.4,False,58.2,False,0.5,False,25.0
27,0.05,30.5,43.5,0.481,20.4,False,,False,36.7,False,9.7,False,28.8,False,0.3,False,23.7
27,0.075,43.6,43.9,0.511,22.0,False,,False,37.7,False,9.0,False,39.0,False,0.2,False,22.3
27,0.1,54.0,45.7,0.305,22.4,False,,False,28.3,False,9.0,False,47.3,False,0.1,False,21.0
27,0.125,61.2,46.8,0.292,22.3,False,,False,24.5,False,7.7,False,50.2,False,0.1,False,19.6
27,0.15,69.6,47.5,0.264,24.1,False,,False,32.1,False,30.0,False,60.8,False,0.0,False,18.3
27,0.175,73.7,47.6,0.43,22.1,False,,False,11.4,False,5.8,False,44.5,False,0.0,False,16.9
27,0.2,79.8,47.8,0.367,23.2,False,,False,12.7,False,8.1,False,46.3,False,0.0,False,15.6
27,0.225,83.0,49.0,0.555,22.9,False,,False,25.8,False,7.9,False,46.7,False,0.0,False,14.2
27,0.25,87.6,46.0,0.519,23.3,False,,False,27.7,False,30.0,False,63.8,False,0.0,False,12.9
27,0.275,90.0,48.3,0.374,23.1,False,,False,7.7,False,14.9,False,32.8,False,0.0,False,11.5
27,0.3,93.1,48.2,0.364,25.3,False,,False,22.1,False,46.6,False,44.6,False,0.0,False,12.5
27,0.325,94.0,48.6,0.509,24.2,False,,False,18.4,False,25.0,False,29.3,False,0.0,False,11.9
27,0.35,95.7,49.3,0.379,23.7,False,,False,7.3,False,17.5,False,24.5,False,0.0,False,14.6
27,0.375,98.2,47.9,0.419,22.6,False,,False,7.0,False,6.2,False,23.9,False,0.0,False,13.3
27,0.4,99.6,47.6,0.515,22.0,False,,False,10.2,False,14.5,False,26.7,False,0.0,False,13.8
27,0.425,101.3,49.7,0.399,22.3,False,,False,0.5,False,4.5,False,18.1,False,0.0,False,16.5
27,0.45,101.3,49.5,0.304,20.7,False,,False,4.5,False,14.3,False,14.0,False,0.0,False,15.6
27,0.475,101.5,49.1,0.587,23.8,False,,False,20.2,False,10.1,False,16.7,False,0.0,False,14.5
27,0.5,102.5,49.6,0.53,24.3,False,,False,16.6,False,17.0,False,22.4,False,0.0,False,16.0
27,0.525,103.1,49.1,0.344,21.2,False,,False,0.0,False,5.7,False,15.2,False,0.0,False,15.1
27,0.55,105.2,50.5,0.449,22.3,False,,False,11.8,False,16.0,False,34.3,False,0.0,False,20.3
27,0.575,104.0,49.7,0.5,22.8,False,,False,5.0,False,6.7,False,26.1,False,0.0,False,16.5
27,0.6,105.3,49.3,0.302,23.8,False,,False,11.3,False,8.9,False,36.2,False,0.0,False,15.8
27,0.625,104.4,51.0,0.436,22.1,False,,False,17.6,False,12.0,False,57.3,False,0.0,False,22.7
27,0.65,104.6,49.1,0.419,22.2,False,,False,6.0,False,5.5,False,43.2,False,0.0,False,15.6
27,0.675,105.2,48.9,0.511,20.2,False,,False,19.1,False,13.0,False,55.3,False,0.0,False,15.8
27,0.7,104.6,48.7,18.281,-27.7,False,,True,100.0,False,30.6,True,75.1,True,98.6,True,90.0
27,0.725,0.2,41.8,25.696,-16.1,True,FLOW_SPIKE,True,87.2,True,100.0,True,100.0,True,100.0,True,100.0
27,0.75,0.0,41.5,17.385,-5.3,True,FLOW_SPIKE,True,78.6,True,100.0,True,100.0,True,88.6,True,85.3
27,0.775,0.3,42.3,16.427,6.2,True,FLOW_SPIKE,True,73.3,True,100.0,True,100.0,True,78.7,True,80.3
27,0.8,0.3,40.7,18.149,5.1,True,FLOW_SPIKE,True,82.7,True,100.0,True,100.0,True,96.1,True,89.3
27,0.825,0.0,42.6,17.675,12.7,True,FLOW_SPIKE,True,75.0,True,100.0,True,100.0,True,91.0,True,86.9
27,0.85,0.0,43.8,20.868,12.6,True,FLOW_SPIKE,True,81.6,True,100.0,True,100.0,True,100.0,True,100.0
27,0.875,0.0,42.8,18.511,15.4,True,FLOW_SPIKE,True,72.3,True,100.0,True,100.0,True,99.8,True,91.2
27,0.9,0.0,41.4,16.347,15.9,True,FLOW_SPIKE,True,72.0,True,100.0,True,100.0,True,77.9,True,79.9
27,0.925,0.0,42.3,10.126,16.8,True,FLOW_SPIKE,False,60.3,True,100.0,True,100.0,True,30.5,False,47.3
27,0.95,0.0,42.1,18.957,21.0,True,FLOW_SPIKE,True,77.9,True,100.0,True,100.0,True,100.0,True,93.6
28,0.975,0.0,40.2,9.239,18.5,True,FLOW_SPIKE,True,75.5,True,100.0,True,100.0,True,25.7,False,42.6
28,0.0,0.2,41.3,0.288,19.6,True,,False,51.1,False,11.1,False,67.8,False,0.8,False,26.4
28,0.025,16.9,41.7,0.496,18.8,False,,False,53.7,False,33.9,False,42.9,False,0.5,False,25.0
28,0.05,30.0,41.9,0.489,21.8,False,,False,49.9,True,65.6,False,47.0,False,0.3,False,23.7
28,0.075,42.4,44.6,0.413,19.4,False,,False,28.7,False,6.5,False,33.5,False,0.2,False,22.3
28,0.1,53.1,48.9,0.4,22.8,False,,False,37.0,True,100.0,True,100.0,False,0.1,False,21.0
28,0.125,61.4,46.3,0.393,22.0,False,,False,18.5,False,1.5,False,46.1,False,0.1,False,19.6
28,0.15,67.5,45.7,0.478,22.2,False,,False,22.9,False,8.4,False,47.2,False,0.0,False,18.3
28,0.175,74.4,46.1,0.475,21.1,False,,False,18.6,False,9.0,False,46.8,False,0.0,False,16.9
28,0.2,78.7,47.6,0.512,19.3,False,,False,22.3,False,11.8,False,41.8,False,0.0,False,15.6
28,0.225,84.0,47.8,0.382,22.2,False,,False,7.6,False,2.2,False,38.9,False,0.0,False,14.2
28,0.25,87.6,47.6,0.351,24.5,False,,False,17.5,False,28.7,False,48.0,False,0.0,False,12.9
28,0.275,89.8,48.9,0.435,20.8,False,,False,9.0,False,5.5,False,31.0,False,0.0,False,12.7
28,0.3,93.2,48.6,0.402,21.0,False,,False,3.1,False,7.0,False,26.7,False,0.0,False,11.6
28,0.325,95.8,48.1,0.617,22.7,False,,False,25.5,False,4.3,False,28.8,False,0.0,False,12.5
28,0.35,96.0,49.3,0.449,18.3,False,,False,19.9,True,56.3,False,30.5,False,0.0,False,14.6
28,0.375,98.2,48.4,0.238,23.5,False,,False,14.6,False,6.3,False,22.9,False,0.0,False,13.3
28,0.4,100.1,47.8,0.215,20.5,False,,False,18.0,False,27.0,False,25.7,False,0.0,False,14.0
28,0.425,100.8,49.6,0.544,20.5,False,,False,12.1,False,19.0,False,17.1,False,0.0,False,16.0
28,0.45,101.4,48.5,0.274,22.3,False,,False,6.2,False,7.6,False,15.1,False,0.0,False,14.5
28,0.475,101.3,49.3,0.309,22.2,False,,False,0.9,False,3.7,False,11.0,False,0.0,False,14.6
28,0.5,103.5,48.0,0.38,20.5,False,,False,6.3,False,12.3,False,25.3,False,0.0,False,15.2
28,0.525,106.4,48.6,0.472,24.3,False,,False,21.9,False,37.9,False,34.8,False,0.0,False,16.2
28,0.55,103.5,50.5,0.42,22.0,False,,False,7.3,False,12.3,False,30.8,False,0.0,False,20.3
28,0.575,104.7,48.5,0.499,23.0,False,,False,8.9,False,5.1,False,31.1,False,0.0,False,15.6
28,0.6,104.7,47.3,0.535,25.4,False,,False,36.8,False,46.8,False,72.5,False,0.0,False,15.6
28,0.625,105.2,50.6,0.473,22.8,False,,False,15.6,False,2.3,False,50.7,False,0.0,False,20.8
28,0.65,104.3,50.2,0.42,20.2,False,,False,15.5,False,25.9,False,50.9,False,0.0,False,18.9
28,0.675,105.1,49.2,0.303,23.9,False,,False,18.2,False,7.6,False,58.0,False,0.0,False,15.8
28,0.7,103.7,48.9,18.391,-38.3,True,UNDERCOOLING,True,100.0,True,100.0,True,100.0,True,100.0,True,90.6
28,0.725,0.0,42.3,7.121,-25.4,True,UNDERCOOLING,True,77.7,True,100.0,True,100.0,True,17.9,True,64.7
28,0.75,0.0,40.1,2.806,-20.1,True,UNDERCOOLING,True,74.5,True,100.0,True,100.0,True,5.7,True,56.6
28,0.775,0.1,39.3,1.443,-15.0,True,UNDERCOOLING,True,74.4,True,100.0,True,100.0,False,3.9,False,48.8
28,0.8,0.0,40.9,0.777,-9.8,True,UNDERCOOLING,False,54.0,True,100.0,True,100.0,False,3.2,False,40.9
28,0.825,0.0,40.8,0.444,15.2,True,,False,17.5,False,25.2,False,6.5,False,2.2,False,26.0
28,0.85,0.3,42.5,0.281,15.2,False,,False,18.4,False,9.8,False,2.3,False,2.3,False,21.2
28,0.875,0.0,41.3,0.578,13.4,False,,False,25.5,False,7.9,False,9.2,False,2.4,False,23.6
28,0.9,0.9,43.2,0.401,13.5,False,,False,35.7,False,21.2,False,25.7,False,2.4,False,22.3
28,0.925,0.3,41.2,0.374,19.5,False,,False,24.4,False,13.8,False,43.8,False,2.4,False,24.1
28,0.95,0.0,41.3,0.527,17.9,False,,False,27.2,False,6.6,False,41.7,False,2.5,False,25.0
29,0.975,0.0,42.1,0.324,20.0,False,,False,28.3,False,21.5,False,63.0,False,2.6,False,26.4
29,0.0,0.8,41.6,0.3,20.3,False,,False,50.7,False,5.3,False,63.8,False,0.8,False,26.4
29,0.025,17.1,43.6,0.62,19.3,False,,False,48.1,False,8.6,False,37.4,False,0.5,False,25.0
29,0.05,31.1,44.5,0.307,21.2,False,,False,32.5,False,2.5,False,37.5,False,0.3,False,23.7
29,0.075,43.1,44.4,0.363,18.6,False,,False,35.6,False,9.0,False,35.2,False,0.2,False,22.3
29,0.1,53.3,45.2,0.34,21.1,False,,False,23.4,False,7.9,False,40.5,False,0.1,False,21.0
29,0.125,61.2,47.6,0.478,23.4,False,,False,30.0,False,26.8,False,63.8,False,0.1,False,19.6
29,0.15,69.5,47.7,0.441,20.9,False,,False,15.2,False,6.7,False,51.0,False,0.0,False,18.3
29,0.175,74.7,46.4,0.136,21.7,False,,False,32.2,False,10.9,False,47.4,False,0.0,False,16.9
29,0.2,78.2,48.1,0.224,22.9,False,,False,24.3,False,12.5,False,44.5,False,0.0,False,15.6
29,0.225,83.8,47.7,0.386,25.1,False,,False,23.5,False,47.5,False,54.7,False,0.0,False,14.2
29,0.25,85.9,48.4,0.632,21.4,False,,False,28.2,False,6.2,False,32.1,False,0.0,False,12.9
29,0.275,89.7,47.8,0.286,20.5,False,,False,10.4,False,11.0,False,30.6,False,0.0,False,11.5
29,0.3,93.1,48.1,0.363,19.8,False,,False,8.3,False,10.8,False,29.7,False,0.0,False,11.5
29,0.325,95.4,49.3,0.474,22.6,False,,False,4.8,False,7.9,False,27.4,False,0.0,False,14.6
29,0.35,96.0,47.3,0.341,22.8,False,,False,12.2,False,17.5,False,33.1,False,0.0,False,12.6
29,0.375,98.8,48.1,0.274,21.1,False,,False,9.3,False,9.8,False,21.8,False,0.0,False,13.5
29,0.4,100.9,47.9,0.352,21.6,False,,False,5.3,False,11.0,False,25.3,False,0.0,False,14.3
29,0.425,100.8,47.8,0.283,21.1,False,,False,9.1,False,12.7,False,23.4,False,0.0,False,14.3
29,0.45,101.8,50.1,0.365,22.5,False,,False,4.3,False,11.2,False,21.3,False,0.0,False,18.4
29,0.475,101.6,49.1,0.349,21.8,False,,False,0.0,False,2.5,False,10.8,False,0.0,False,14.5
29,0.5,102.7,47.3,0.543,22.8,False,,False,18.2,False,33.9,False,38.7,False,0.0,False,14.9
29,0.525,102.7,51.2,0.28,20.4,False,,False,23.5,False,34.4,False,47.5,False,0.0,False,23.7
29,0.55,102.7,50.4,0.402,21.7,False,,False,6.7,False,8.2,False,27.4,False,0.0,False,19.9
29,0.575,85.2,48.0,0.506,19.2,True,PRESSURE_DROP,False,26.2,True,100.0,False,0.0,False,0.1,False,8.8
29,0.6,84.2,48.4,0.54,22.7,True,PRESSURE_DROP,False,21.8,True,100.0,False,0.3,False,0.1,False,10.3
29,0.625,79.7,49.4,0.307,20.3,True,PRESSURE_DROP,False,21.0,True,100.0,False,9.4,False,0.1,False,15.1
29,0.65,67.4,49.5,0.329,21.0,True,PRESSURE_DROP,False,26.8,True,100.0,False,25.9,False,0.3,False,15.6
29,0.675,72.7,50.0,0.32,22.8,True,PRESSURE_DROP,False,30.4,True,100.0,False,43.6,False,0.3,False,17.9
29,0.7,73.2,48.6,18.375,-28.2,True,PRESSURE_DROP,True,100.0,True,100.0,True,100.0,True,99.7,True,90.5
29,0.725,0.0,41.6,7.127,-15.1,True,PRESSURE_DROP,True,73.3,False,8.3,True,76.6,True,16.9,False,49.0
29,0.75,0.0,42.9,2.885,-1.8,True,,False,52.9,False,17.4,False,32.2,False,4.4,False,28.7
29,0.775,0.0,42.0,1.259,2.1,False,,False,36.1,False,2.7,False,39.2,False,2.7,False,22.8
29,0.8,0.0,41.7,0.621,5.8,False,,False,26.2,False,17.7,False,29.9,False,2.4,False,21.7
29,0.825,0.2,41.2,0.502,10.2,False,,False,21.5,False,21.6,False,10.8,False,2.3,False,24.1
29,0.85,0.1,42.7,0.439,17.0,False,,False,14.4,False,21.8,False,4.6,False,2.3,False,21.2
29,0.875,0.3,41.2,0.48,12.7,False,,False,24.3,False,14.5,False,13.3,False,2.4,False,24.1
29,0.9,0.0,40.5,0.388,18.1,False,,False,23.4,False,16.7,False,40.8,False,2.4,False,27.5
29,0.925,0.5,41.3,0.26,19.0,False,,False,30.2,False,9.0,False,40.7,False,2.4,False,23.7
29,0.95,0.0,41.8,0.432,18.4,False,,False,18.8,False,3.2,False,41.7,False,2.5,False,25.0
30,0.975,0.1,41.9,0.585,19.8,False,,False,35.9,False,20.1,False,59.3,False,2.6,False,26.4
30,0.0,0.0,43.6,0.293,20.3,False,,False,48.1,False,16.6,False,70.7,False,0.8,False,26.4
30,0.025,17.4,41.2,0.346,18.1,False,,False,54.9,False,51.6,False,54.3,False,0.5,False,25.0
30,0.05,30.9,44.0,0.41,22.0,False,,False,32.8,False,8.9,False,35.9,False,0.3,False,23.7
30,0.075,43.1,42.5,0.465,21.2,False,,False,39.7,False,44.0,False,49.6,False,0.2,False,22.3
30,0.1,52.4,45.1,0.27,20.1,False,,False,30.6,False,11.8,False,38.4,False,0.1,False,21.0
30,0.125,62.0,45.9,0.467,19.5,False,,False,24.0,False,8.1,False,44.3,False,0.1,False,19.6
30,0.15,68.3,45.7,0.445,21.3,False,,False,18.8,False,6.8,False,46.5,False,0.0,False,18.3
30,0.175,74.6,47.8,0.411,22.6,False,,False,12.8,False,9.3,False,48.3,False,0.0,False,16.9
30,0.2,80.0,49.1,0.687,22.5,False,,False,40.8,False,18.3,False,56.6,False,0.0,False,15.6
30,0.225,83.7,48.1,0.266,19.0,False,,False,20.0,False,21.3,False,42.4,False,0.0,False,14.2
30,0.25,89.0,46.4,0.442,21.0,False,,False,15.4,False,11.4,False,53.8,False,0.0,False,12.9
30,0.275,89.6,48.0,0.528,20.0,False,,False,17.3,False,12.4,False,30.3,False,0.0,False,11.5
30,0.3,91.9,48.0,0.268,22.9,False,,False,12.4,False,8.9,False,28.6,False,0.0,False,11.1
30,0.325,95.3,49.5,0.277,25.7,False,,False,32.4,False,49.0,False,47.4,False,0.0,False,15.6
30,0.35,96.4,48.8,0.339,18.6,False,,False,15.6,False,45.7,False,27.0,False,0.0,False,12.7
30,0.375,97.2,47.6,0.441,22.4,False,,False,7.0,False,10.6,False,25.0,False,0.0,False,13.0
30,0.4,99.3,48.3,0.432,21.7,False,,False,2.3,False,4.9,False,16.3,False,0.0,False,13.7
30,0.425,64.9,47.7,0.452,22.9,True,PRESSURE_DROP,False,23.3,True,100.0,False,0.0,False,0.2,False,8.8
30,0.45,60.0,50.2,0.417,23.5,True,PRESSURE_DROP,False,34.4,True,100.0,False,33.4,False,0.3,False,18.9
30,0.475,81.2,49.8,0.278,21.6,True,PRESSURE_DROP,False,18.1,True,100.0,False,0.0,False,0.1,False,17.0
30,0.5,84.6,50.3,0.44,21.7,True,PRESSURE_DROP,False,18.4,True,100.0,False,4.8,False,0.1,False,19.4
30,0.525,85.3,49.4,0.412,22.4,True,PRESSURE_DROP,False,12.1,True,100.0,False,0.0,False,0.0,False,15.1
30,0.55,64.5,48.4,0.446,21.8,True,PRESSURE_DROP,False,23.5,True,100.0,False,0.0,False,0.2,False,10.3
30,0.575,103.3,48.4,0.329,18.9,True,,False,16.6,False,30.5,False,33.0,False,0.0,False,15.1
30,0.6,104.6,46.6,0.189,22.3,False,,False,31.6,True,59.2,True,76.0,False,0.0,False,15.6
30,0.625,103.7,49.7,0.278,22.6,False,,False,9.8,False,3.8,False,36.0,False,0.0,False,16.5
30,0.65,103.5,51.0,0.621,23.2,False,,False,36.2,False,17.1,False,65.5,False,0.0,False,22.7
30,0.675,105.0,48.7,0.388,22.6,False,,False,11.2,False,7.5,False,55.4,False,0.0,False,15.7
30,0.7,104.5,50.7,18.442,-24.8,False,,True,100.0,True,56.4,True,87.0,True,100.0,True,90.9
30,0.725,0.1,42.7,7.142,-13.0,False,,True,71.0,False,4.2,False,63.9,True,16.8,False,45.8
30,0.75,0.1,42.1,2.933,-4.8,False,,False,51.0,False,5.0,False,41.4,False,4.6,False,33.3
30,0.775,0.0,41.7,1.492,1.8,False,,False,40.1,False,11.4,False,36.8,False,2.8,False,23.3
30,0.8,0.2,43.3,0.844,10.8,False,,False,37.7,False,14.6,False,1.2,False,2.3,False,21.2
30,0.825,0.0,41.0,0.502,10.6,False,,False,21.1,False,25.6,False,12.2,False,2.3,False,25.1
30,0.85,0.0,43.9,0.414,14.4,False,,False,23.3,False,22.0,False,24.7,False,2.3,False,21.3
30,0.875,0.2,41.1,0.243,17.0,False,,False,24.6,False,12.3,False,19.2,False,2.3,False,24.6
30,0.9,0.0,41.4,0.615,16.8,False,,False,26.5,False,8.2,False,17.8,False,2.4,False,23.2
30,0.925,0.5,42.5,0.292,18.1,False,,False,25.8,False,5.8,False,33.4,False,2.4,False,23.7
30,0.95,0.0,42.3,0.305,20.2,False,,False,26.0,False,21.6,False,54.9,False,2.5,False,25.0
31,0.975,0.0,41.9,0.22,20.3,False,,False,35.9,False,25.0,False,66.3,False,2.6,False,26.4
31,0.0,0.0,41.6,0.259,20.3,False,,False,49.8,False,5.3,False,65.1,False,0.8,False,26.4
31,0.025,16.0,44.0,0.455,20.5,False,,False,35.6,False,5.5,False,43.6,False,0.5,False,25.0
31,0.05,31.8,43.8,0.406,20.4,False,,False,29.9,False,1.1,False,30.6,False,0.3,False,23.7
31,0.075,43.6,43.9,0.434,18.8,False,,False,35.9,False,10.6,False,35.1,False,0.2,False,22.3
31,0.1,53.4,44.2,0.352,22.7,False,,False,34.0,False,19.4,False,49.7,False,0.1,False,21.0
31,0.125,62.0,48.2,0.207,19.3,False,,False,42.9,False,35.9,False,70.4,False,0.1,False,19.6
31,0.15,68.4,46.7,0.411,23.9,False,,False,25.5,False,20.3,False,54.7,False,0.0,False,18.3
31,0.175,74.4,48.4,0.371,20.1,False,,False,16.8,False,15.1,False,52.1,False,0.0,False,16.9
31,0.2,79.6,47.5,0.379,19.3,False,,False,16.0,False,16.0,False,43.3,False,0.0,False,15.6
31,0.225,83.6,48.1,0.277,22.4,False,,False,12.5,False,5.8,False,39.2,False,0.0,False,14.2
31,0.25,87.5,48.3,0.444,24.0,False,,False,16.3,False,22.5,False,42.4,False,0.0,False,12.9
31,0.275,89.4,48.2,0.481,21.7,False,,False,7.5,False,3.6,False,28.1,False,0.0,False,11.5
31,0.3,93.1,49.5,0.347,21.9,False,,False,6.9,False,2.3,False,32.9,False,0.0,False,15.6
31,0.325,95.4,48.3,0.553,24.4,False,,False,25.2,False,24.2,False,34.7,False,0.0,False,12.3
31,0.35,96.9,48.9,0.67,23.8,False,,False,32.0,False,27.9,False,26.6,False,0.0,False,12.9
31,0.375,98.1,49.8,0.454,26.8,False,,False,29.4,True,70.8,False,52.3,False,0.0,False,17.0
31,0.4,99.6,51.0,0.299,22.2,False,,False,19.1,False,22.4,False,45.4,False,0.0,False,22.7
31,0.425,101.0,48.7,0.547,22.3,False,,False,10.2,False,5.5,False,15.3,False,0.0,False,14.3
31,0.45,100.8,49.5,0.546,22.1,False,,False,8.9,False,6.2,False,12.4,False,0.0,False,15.6
31,0.475,101.8,48.1,0.219,20.4,False,,False,14.9,False,10.5,False,19.8,False,0.0,False,14.6
31,0.5,102.6,49.4,0.127,21.0,False,,False,15.3,False,18.9,False,14.9,False,0.0,False,15.1
31,0.525,103.6,49.7,0.496,25.3,False,,False,23.1,False,41.7,False,33.0,False,0.0,False,16.5
31,0.55,104.1,48.3,0.343,22.3,False,,False,2.8,False,3.0,False,26.5,False,0.0,False,15.4
31,0.575,104.9,48.5,0.491,22.6,False,,False,7.6,False,4.4,False,30.5,False,0.0,False,15.7
31,0.6,104.8,50.3,0.444,20.8,False,,False,9.5,False,11.7,False,38.6,False,0.0,False,19.4
31,0.625,105.0,49.5,0.491,22.7,False,,False,7.0,False,3.9,False,37.9,False,0.0,False,15.7
31,0.65,105.9,50.0,0.33,20.2,False,,False,18.0,False,14.9,False,51.8,False,0.0,False,17.9
31,0.675,105.4,47.8,0.5,19.9,False,,False,26.4,False,37.6,False,69.0,False,0.0,False,15.9
31,0.7,104.9,50.0,18.614,-25.2,False,,True,98.1,False,15.1,False,72.8,True,100.0,True,91.8
31,0.725,0.3,41.5,6.949,-15.2,False,,True,75.8,False,12.2,True,74.5,True,16.2,False,49.1
31,0.75,0.9,41.5,2.977,-3.9,False,,False,60.2,False,0.9,False,39.3,False,4.6,False,31.9
31,0.775,0.0,42.8,1.232,0.8,False,,False,40.3,False,14.4,False,55.6,False,2.7,False,24.8
31,0.8,0.5,43.4,0.783,6.4,False,,False,38.7,False,40.9,False,32.1,False,2.4,False,21.1
31,0.825,0.0,40.8,0.301,12.1,False,,False,23.0,False,23.7,False,14.1,False,2.3,False,26.0
31,0.85,0.9,41.1,0.487,14.2,False,,False,32.8,False,6.3,False,5.1,False,2.3,False,24.6
31,0.875,0.0,42.3,0.448,14.5,False,,False,13.4,False,4.9,False,6.0,False,2.3,False,21.3
31,0.9,0.0,41.8,0.365,16.7,False,,False,14.8,False,0.7,False,17.5,False,2.4,False,22.3
31,0.925,0.0,41.8,0.275,16.9,False,,False,20.5,False,2.0,False,28.2,False,2.4,False,23.7
31,0.95,0.4,41.1,0.365,18.6,False,,False,25.5,False,7.2,False,48.9,False,2.5,False,25.0
32,0.975,0.0,42.2,0.308,20.2,False,,False,29.8,False,23.1,False,64.9,False,2.6,False,26.4
32,0.0,0.3,43.0,0.399,20.5,False,,False,45.1,False,5.3,False,62.6,False,0.8,False,26.4
32,0.025,17.4,42.9,0.302,16.7,False,,False,51.3,True,65.7,False,42.0,False,0.5,False,25.0
32,0.05,30.8,45.6,0.424,19.4,False,,False,35.6,False,30.8,False,54.0,False,0.3,False,23.7
32,0.075,43.3,45.5,0.559,20.9,False,,False,34.0,False,3.0,False,42.5,False,0.2,False,22.3
32,0.1,52.8,45.8,0.287,21.5,False,,False,28.0,False,0.9,False,43.5,False,0.1,False,21.0
32,0.125,61.2,47.0,0.459,22.1,False,,False,20.6,False,9.6,False,51.0,False,0.1,False,19.6
32,0.15,67.9,46.6,17.917,20.9,True,FLOW_SPIKE,False,67.4,True,100.0,True,100.0,True,91.5,True,88.1
32,0.175,75.2,47.8,15.39,18.7,True,FLOW_SPIKE,False,69.6,True,100.0,True,100.0,True,67.0,True,74.9
32,0.2,80.0,48.4,19.094,23.4,True,FLOW_SPIKE,False,67.4,True,100.0,True,100.0,True,100.0,True,94.3
32,0.225,83.5,46.5,9.123,22.6,True,FLOW_SPIKE,False,58.4,True,100.0,True,100.0,True,22.7,False,42.0
32,0.25,86.3,47.3,9.801,20.4,True,FLOW_SPIKE,False,56.5,True,100.0,True,100.0,True,26.4,False,45.6
32,0.275,90.5,50.6,12.603,23.4,True,FLOW_SPIKE,True,73.0,True,100.0,True,100.0,True,44.4,True,60.3
32,0.3,92.8,49.0,8.506,20.3,True,FLOW_SPIKE,False,54.0,True,100.0,True,100.0,True,19.6,False,38.8
32,0.325,94.3,50.1,18.878,20.8,True,FLOW_SPIKE,False,68.8,True,100.0,True,100.0,True,100.0,True,93.2
32,0.35,95.7,48.3,0.369,22.5,True,,False,2.4,False,2.5,False,19.4,False,0.0,False,12.5
32,0.375,97.8,48.4,0.394,26.6,False,,False,23.3,True,68.4,False,46.5,False,0.0,False,14.5
32,0.4,98.8,50.5,0.571,20.0,False,,False,30.2,False,33.2,False,33.9,False,0.0,False,20.3
32,0.425,100.3,48.7,0.581,25.0,False,,False,29.6,False,37.5,False,27.0,False,0.0,False,14.1
32,0.45,101.8,48.4,0.396,20.3,False,,False,3.8,False,8.8,False,17.3,False,0.0,False,14.6
32,0.475,102.0,48.1,0.452,21.7,False,,False,2.5,False,7.5,False,18.8,False,0.0,False,14.7
32,0.5,102.0,50.0,0.332,24.3,False,,False,13.2,False,11.7,False,24.9,False,0.0,False,17.9
32,0.525,103.1,49.1,0.596,24.2,False,,False,22.5,False,17.5,False,23.3,False,0.0,False,15.1
32,0.55,104.3,48.2,0.287,20.8,False,,False,8.0,False,11.5,False,28.2,False,0.0,False,15.5
32,0.575,105.1,49.3,0.431,24.0,False,,False,10.5,False,14.9,False,31.8,False,0.0,False,15.8
32,0.6,103.4,50.2,0.202,21.0,False,,False,18.1,False,13.6,False,34.7,False,0.0,False,18.9
32,0.625,105.3,49.0,0.559,19.4,False,,False,22.7,False,11.1,False,42.6,False,0.0,False,15.8
32,0.65,104.5,47.7,0.368,19.7,False,,False,20.6,False,44.1,False,60.7,False,0.0,False,15.6
32,0.675,104.3,49.4,0.35,21.2,False,,False,10.5,False,9.7,False,50.9,False,0.0,False,15.5
32,0.7,104.9,49.0,18.272,-23.5,False,,True,97.0,False,9.9,False,71.8,True,98.0,True,90.0
32,0.725,0.0,40.3,7.124,-11.3,False,,True,77.7,True,66.3,True,91.8,True,16.6,False,43.2
32,0.75,0.0,42.6,2.851,-4.1,False,,False,50.5,False,1.7,False,41.2,False,4.5,False,32.2
32,0.775,0.1,43.3,1.137,1.1,False,,False,45.0,False,28.6,False,63.4,False,2.7,False,24.3
32,0.8,0.0,41.2,0.996,7.3,False,,False,36.6,False,19.4,False,14.3,False,2.4,False,24.1
32,0.825,0.0,42.1,0.311,10.5,False,,False,18.7,False,2.5,False,7.5,False,2.3,False,21.3
32,0.85,0.9,42.3,0.329,13.6,False,,False,26.7,False,7.2,False,1.0,False,2.3,False,21.0
32,0.875,0.0,44.0,0.447,16.5,False,,False,23.9,False,25.2,False,36.0,False,2.3,False,21.3
32,0.9,0.4,41.1,0.325,17.4,False,,False,24.1,False,6.7,False,26.5,False,2.4,False,24.6
32,0.925,0.2,41.2,0.256,18.3,False,,False,26.3,False,4.8,False,38.4,False,2.4,False,24.1
32,0.95,0.3,41.7,0.416,17.7,False,,False,20.8,False,4.6,False,38.8,False,2.5,False,25.0
33,0.975,0.0,40.8,0.343,18.2,False,,False,29.0,False,18.4,False,62.2,False,2.6,False,26.4
33,0.0,0.0,42.5,0.276,19.1,False,,False,49.2,False,5.1,False,59.9,False,0.8,False,26.4
33,0.025,17.4,43.0,0.452,18.3,False,,False,43.4,False,25.7,False,35.1,False,0.5,False,25.0
33,0.05,31.2,43.6,0.415,22.3,False,,False,36.5,False,23.0,False,36.2,False,0.3,False,23.7
33,0.075,43.5,45.1,0.516,22.0,False,,False,34.2,False,9.0,False,41.7,False,0.2,False,22.3
33,0.1,54.2,43.8,0.323,21.3,False,,False,33.0,False,20.8,False,49.6,False,0.1,False,21.0
33,0.125,61.5,46.1,0.359,20.1,False,,False,20.3,False,6.6,False,43.3,False,0.1,False,19.6
33,0.15,69.4,46.5,0.399,21.3,False,,False,14.2,False,5.5,False,45.7,False,0.0,False,18.3
33,0.175,75.3,48.8,0.319,21.8,False,,False,18.0,False,15.4,False,58.4,False,0.0,False,16.9
33,0.2,79.8,46.9,0.469,20.4,False,,False,14.0,False,7.1,False,42.8,False,0.0,False,15.6
33,0.225,83.9,46.6,0.281,19.2,False,,False,25.3,False,25.9,False,48.5,False,0.0,False,14.2
33,0.25,88.0,47.5,0.44,24.2,False,,False,16.3,False,23.0,False,47.5,False,0.0,False,12.9
33,0.275,91.0,49.2,0.456,21.8,False,,False,8.2,False,2.7,False,35.6,False,0.0,False,14.1
33,0.3,92.2,46.6,0.44,24.5,False,,False,25.1,False,40.3,False,57.5,False,0.0,False,11.3
33,0.325,95.7,84.2,0.323,21.0,True,THERMAL,False,33.6,True,100.0,True,100.0,False,3.8,True,100.0
33,0.35,97.2,77.6,0.242,20.2,True,THERMAL,False,39.5,True,100.0,True,100.0,False,2.5,True,100.0
33,0.375,98.6,83.2,0.487,20.3,True,THERMAL,False,34.3,True,100.0,True,100.0,False,3.5,True,100.0
33,0.4,99.3,92.3,0.33,20.8,True,THERMAL,False,30.8,True,100.0,True,100.0,True,5.6,True,100.0
33,0.425,99.0,94.2,0.45,23.0,True,THERMAL,False,31.7,True,100.0,True,100.0,True,6.1,True,100.0
33,0.45,102.2,81.8,0.471,19.5,True,THERMAL,False,34.8,True,100.0,True,100.0,False,3.2,True,100.0
33,0.475,101.8,80.8,0.435,22.6,True,THERMAL,False,28.1,True,100.0,True,100.0,False,3.0,True,100.0
33,0.5,103.9,80.9,0.277,24.8,True,THERMAL,False,42.4,True,100.0,True,100.0,False,3.0,True,100.0
33,0.525,102.5,80.1,0.553,21.5,True,THERMAL,False,36.9,True,100.0,True,100.0,False,2.9,True,100.0
33,0.55,104.4,92.5,0.218,21.0,True,THERMAL,False,37.6,True,100.0,True,100.0,True,5.6,True,100.0
33,0.575,105.3,90.3,0.467,20.5,True,THERMAL,False,33.0,True,100.0,True,100.0,False,5.0,True,100.0
33,0.6,104.3,50.1,0.297,22.5,True,,False,7.6,False,5.7,False,34.7,False,0.0,False,18.4
33,0.625,104.3,48.7,0.457,21.1,False,,False,6.5,False,7.9,False,36.8,False,0.0,False,15.5
33,0.65,105.8,50.1,0.572,20.4,False,,False,25.5,False,22.4,False,52.3,False,0.0,False,18.4
33,0.675,105.9,49.3,0.485,20.3,False,,False,16.8,False,13.5,False,55.9,False,0.0,False,16.0
33,0.7,104.8,47.8,18.591,-26.7,False,,True,100.0,False,48.7,True,90.1,True,100.0,True,91.7
33,0.725,0.2,41.3,7.045,-12.4,False,,True,71.8,False,8.2,False,65.0,True,16.4,False,44.9
33,0.75,0.5,41.4,2.87,-3.1,False,,False,55.0,False,0.7,False,38.9,False,4.4,False,30.7
33,0.775,0.7,42.1,1.143,4.7,False,,False,42.3,False,20.6,False,19.5,False,2.5,False,21.0
33,0.8,0.0,42.3,0.675,8.6,False,,False,22.2,False,7.7,False,5.5,False,2.3,False,21.3
33,0.825,0.8,40.9,0.326,13.1,False,,False,32.2,False,15.0,False,7.8,False,2.2,False,25.6
33,0.85,0.0,41.6,0.299,12.9,False,,False,17.1,False,4.4,False,5.6,False,2.3,False,22.2
33,0.875,0.0,42.4,0.331,16.3,False,,False,14.8,False,6.3,False,9.7,False,2.3,False,21.3
33,0.9,0.1,42.5,0.437,17.0,False,,False,15.4,False,3.4,False,18.7,False,2.4,False,22.3
33,0.925,0.0,41.1,0.484,17.6,False,,False,21.2,False,2.6,False,34.0,False,2.4,False,24.6
33,0.95,0.4,42.5,0.388,18.2,False,,False,22.8,False,3.1,False,42.7,False,2.5,False,25.0
34,0.975,0.0,42.2,0.528,20.3,False,,False,33.1,False,31.1,False,63.9,False,2.6,False,26.4
34,0.0,0.0,42.5,0.294,20.5,False,,False,47.7,False,0.0,False,60.9,False,0.8,False,26.4
34,0.025,17.2,42.9,0.375,22.9,False,,False,42.5,False,31.2,False,45.8,False,0.5,False,25.0
34,0.05,31.2,43.9,0.368,20.4,False,,False,30.1,False,0.0,False,30.7,False,0.3,False,23.7
34,0.075,43.4,44.8,0.424,22.5,False,,False,31.3,False,16.1,False,42.0,False,0.2,False,22.3
34,0.1,52.2,45.5,0.344,22.8,False,,False,29.6,False,16.8,False,46.1,False,0.1,False,21.0
34,0.125,62.3,46.6,0.456,22.2,False,,False,19.5,False,5.9,False,49.2,False,0.0,False,19.6
34,0.15,68.2,46.3,0.258,18.6,False,,False,35.0,False,22.9,False,47.8,False,0.0,False,18.3
34,0.175,74.1,47.0,0.527,20.5,False,,False,20.0,False,5.8,False,42.1,False,0.0,False,16.9
34,0.2,79.3,48.9,0.481,22.8,False,,False,20.5,False,12.8,False,53.0,False,0.0,False,15.6
34,0.225,83.9,48.0,0.446,19.4,False,,False,14.4,False,12.4,False,40.5,False,0.0,False,14.2
34,0.25,87.1,49.4,0.225,23.1,False,,False,22.0,False,15.2,False,46.6,False,0.0,False,15.1
34,0.275,90.6,48.8,0.29,19.0,False,,False,20.3,False,30.9,False,37.5,False,0.0,False,12.2
34,0.3,92.8,46.7,0.188,18.7,False,,False,43.5,False,46.5,False,50.7,False,0.0,False,11.4
34,0.325,94.2,48.6,0.408,21.3,False,,False,3.3,False,5.2,False,20.6,False,0.0,False,11.9
34,0.35,97.4,50.0,0.509,21.8,False,,False,10.8,False,6.9,False,30.9,False,0.0,False,17.9
34,0.375,99.1,49.2,0.353,21.9,False,,False,1.7,False,5.4,False,19.1,False,0.0,False,14.1
34,0.4,99.6,48.1,0.358,25.7,False,,False,23.8,False,43.0,False,39.8,False,0.0,False,13.8
34,0.425,99.8,49.0,0.222,20.8,False,,False,12.6,False,12.1,False,11.9,False,0.0,False,13.9
34,0.45,108.3,50.6,0.387,21.4,True,OVERPRESSURE,False,19.4,False,28.6,False,43.7,False,0.0,False,20.8
34,0.475,112.1,49.9,0.312,22.8,True,OVERPRESSURE,False,14.2,True,99.1,False,42.8,False,0.0,False,18.2
34,0.5,110.9,49.0,0.455,24.6,True,OVERPRESSURE,False,21.5,True,78.6,False,45.5,False,0.0,False,17.8
34,0.525,114.5,47.9,0.421,22.3,True,OVERPRESSURE,False,14.2,True,100.0,False,64.4,False,0.0,False,19.1
34,0.55,114.9,49.1,0.366,23.4,True,OVERPRESSURE,False,13.0,True,100.0,False,53.9,False,0.0,False,19.2
34,0.575,105.0,48.9,0.577,19.9,True,,False,19.7,False,14.7,False,29.4,False,0.0,False,15.7
34,0.6,104.5,49.2,0.33,19.5,False,,False,9.4,False,14.9,False,33.8,False,0.0,False,15.6
34,0.625,105.0,50.2,0.296,24.3,False,,False,20.0,False,9.6,False,49.7,False,0.0,False,18.9
34,0.65,105.1,48.8,0.313,24.0,False,,False,15.9,False,6.9,False,51.8,False,0.0,False,15.8
34,0.675,104.5,48.6,0.409,21.7,False,,False,11.2,False,8.8,False,53.8,False,0.0,False,15.6
34,0.7,105.3,49.2,18.542,-27.0,False,,True,97.6,False,19.3,False,69.6,True,100.0,True,91.4
34,0.725,0.2,41.6,7.184,-13.1,False,,True,72.2,False,1.3,False,66.9,True,17.0,False,45.9
34,0.75,0.0,42.9,2.819,-3.6,False,,False,52.1,False,3.5,False,42.4,False,4.4,False,31.5
34,0.775,0.1,43.2,1.259,-0.5,False,,False,43.8,True,58.8,False,72.5,False,2.8,False,26.8
34,0.8,0.1,41.7,0.784,5.6,False,,False,30.1,False,20.6,False,26.8,False,2.4,False,21.7
34,0.825,0.0,42.5,0.375,9.2,False,,False,18.6,False,10.9,False,15.3,False,2.3,False,21.3
34,0.85,0.0,42.8,0.33,13.3,False,,False,17.5,False,9.4,False,6.4,False,2.3,False,21.3
34,0.875,0.0,41.8,0.479,12.6,False,,False,17.5,False,16.5,False,8.5,False,2.4,False,21.3
34,0.9,0.6,43.0,0.362,16.2,False,,False,27.5,False,7.6,False,22.8,False,2.4,False,22.3
34,0.925,0.4,41.8,0.446,15.3,False,,False,24.1,False,18.0,False,22.6,False,2.4,False,23.7
34,0.95,0.0,42.2,0.225,18.5,False,,False,26.8,False,2.8,False,45.0,False,2.5,False,25.0
35,0.975,0.0,40.9,0.295,19.6,False,,False,34.2,False,21.0,False,68.8,False,2.6,False,26.4
35,0.0,0.4,39.1,0.357,19.1,False,,False,62.5,True,87.8,True,100.0,False,0.8,False,34.2
35,0.025,16.5,43.1,0.403,19.3,False,,False,37.5,False,14.1,False,34.3,False,0.5,False,25.0
35,0.05,31.0,42.6,0.251,19.3,False,,False,44.2,False,33.4,False,33.6,False,0.3,False,23.7
35,0.075,42.8,44.4,0.564,22.0,False,,False,40.2,False,4.6,False,37.6,False,0.2,False,22.3
35,0.1,52.1,45.5,0.184,21.3,False,,False,40.7,False,2.5,False,41.1,False,0.1,False,21.0
35,0.125,60.9,46.9,0.408,24.7,False,,False,34.4,False,42.5,False,64.9,False,0.1,False,19.6
35,0.15,68.4,47.5,0.355,20.7,False,,False,15.8,False,7.3,False,48.1,False,0.0,False,18.3
35,0.175,74.9,47.3,0.21,20.7,False,,False,24.6,False,7.1,False,44.3,False,0.0,False,16.9
35,0.2,79.1,49.4,0.434,22.5,False,,False,18.6,False,20.7,False,60.5,False,0.0,False,15.6
35,0.225,83.9,47.3,0.375,22.6,False,,False,10.7,False,6.1,False,41.8,False,0.0,False,14.2
35,0.25,87.8,46.1,0.325,21.4,False,,False,19.0,False,20.9,False,56.4,False,0.0,False,12.9
35,0.275,91.3,50.3,0.458,21.4,False,,False,19.4,False,20.7,False,55.1,False,0.0,False,19.4
35,0.3,92.4,49.9,0.419,22.3,False,,False,9.8,False,8.4,False,38.6,False,0.0,False,17.5
35,0.325,94.6,48.5,0.308,23.4,False,,False,8.6,False,6.7,False,26.4,False,0.0,False,12.1
35,0.35,97.0,48.3,0.358,21.8,False,,False,2.4,False,4.7,False,21.2,False,0.0,False,12.9
35,0.375,97.5,49.8,0.378,24.5,False,,False,14.2,False,19.8,False,30.8,False,0.0,False,17.0
35,0.4,99.7,48.1,0.441,24.2,False,,False,11.6,False,11.5,False,28.2,False,0.0,False,13.9
35,0.425,100.9,49.2,0.371,22.2,False,,False,0.0,False,4.3,False,14.1,False,0.0,False,14.3
35,0.45,101.9,87.5,0.378,21.6,True,THERMAL,False,27.0,True,100.0,True,100.0,False,4.4,True,100.0
35,0.475,101.7,87.8,0.307,22.8,True,THERMAL,False,30.7,True,100.0,True,100.0,False,4.5,True,100.0
35,0.5,103.7,98.9,0.484,21.1,True,THERMAL,False,30.2,True,100.0,True,100.0,True,7.4,True,100.0
35,0.525,103.7,89.6,0.39,22.0,True,THERMAL,False,26.3,True,100.0,True,100.0,False,4.9,True,100.0
35,0.55,104.2,79.6,0.448,23.4,True,THERMAL,False,32.4,True,100.0,True,100.0,False,2.8,True,100.0
35,0.575,104.0,49.9,0.438,25.0,True,,False,17.5,False,22.4,False,38.4,False,0.0,False,17.5
35,0.6,105.2,48.9,0.407,22.7,False,,False,4.7,False,4.7,False,33.0,False,0.0,False,15.8
35,0.625,106.0,50.8,0.271,19.1,False,,False,35.9,False,38.1,False,63.3,False,0.0,False,21.8
35,0.65,104.0,51.0,0.561,23.3,False,,False,31.9,False,17.4,False,66.2,False,0.0,False,22.7
35,0.675,104.4,50.2,0.264,23.9,False,,False,25.9,False,17.8,False,62.3,False,0.0,False,18.9
35,0.7,104.5,49.1,18.303,-22.4,False,,True,98.5,False,31.6,True,77.4,True,98.2,True,90.1
35,0.725,0.0,43.0,7.014,-12.1,False,,True,73.1,False,28.3,False,61.2,True,16.2,False,44.4
35,0.75,0.0,43.0,2.845,-5.2,False,,False,54.6,False,7.0,False,52.5,False,4.5,False,33.9
35,0.775,0.4,42.4,1.323,3.4,False,,False,38.7,False,3.4,False,26.7,False,2.6,False,21.1
35,0.8,0.0,40.7,0.686,7.8,False,,False,30.6,False,12.1,False,27.1,False,2.3,False,26.5
35,0.825,0.0,41.2,0.353,11.5,False,,False,18.7,False,17.1,False,8.0,False,2.3,False,24.1
35,0.85,0.4,42.5,0.527,15.3,False,,False,19.7,False,12.6,False,0.0,False,2.3,False,21.1
35,0.875,0.0,43.2,0.291,12.0,False,,False,26.5,False,16.0,False,24.9,False,2.4,False,21.3
35,0.9,0.3,41.9,0.5,16.0,False,,False,21.6,False,2.1,False,13.6,False,2.4,False,22.3
35,0.925,0.0,40.6,0.445,16.9,False,,False,23.0,False,9.8,False,41.2,False,2.4,False,27.0
35,0.95,0.0,42.1,0.513,18.1,False,,False,22.8,False,0.0,False,39.4,False,2.5,False,25.0
36,0.975,0.3,42.4,0.524,17.3,False,,False,29.1,False,21.1,False,48.0,False,2.6,False,26.4
36,0.0,0.0,42.7,0.308,21.8,False,,False,51.5,False,8.5,False,66.0,False,0.8,False,26.4
36,0.025,16.8,44.2,0.335,20.2,False,,False,36.2,False,9.8,False,46.0,False,0.5,False,25.0
36,0.05,31.7,43.2,0.305,19.7,False,,False,38.6,False,19.4,False,30.1,False,0.3,False,23.7
36,0.075,43.0,45.4,0.369,18.8,False,,False,34.5,False,5.1,False,42.1,False,0.2,False,22.3
36,0.1,53.2,43.8,0.373,22.7,False,,False,35.2,False,25.3,False,53.0,False,0.1,False,21.0
36,0.125,60.7,47.0,0.358,20.5,False,,False,20.0,False,12.2,False,48.4,False,0.1,False,19.6
36,0.15,69.4,46.3,0.264,21.1,False,,False,20.6,False,9.2,False,46.2,False,0.0,False,18.3
36,0.175,74.1,48.4,0.522,22.3,False,,False,23.3,False,14.4,False,52.7,False,0.0,False,16.9
36,0.2,79.5,45.6,0.313,22.0,False,,False,23.2,False,18.0,False,59.1,False,0.0,False,15.6
36,0.225,83.5,48.6,0.524,20.6,False,,False,16.7,False,8.8,False,40.3,False,0.0,False,14.2
36,0.25,87.2,48.2,0.38,24.2,False,,False,15.8,False,27.7,False,43.1,False,0.0,False,12.9
36,0.275,89.8,48.4,0.289,21.0,False,,False,9.2,False,4.2,False,28.9,False,0.0,False,11.5
36,0.3,92.3,48.0,0.35,24.5,False,,False,17.3,False,29.1,False,37.8,False,0.0,False,11.3
36,0.325,94.9,48.1,0.394,20.1,False,,False,8.4,False,6.7,False,25.4,False,0.0,False,12.2
36,0.35,97.6,47.0,0.255,22.8,False,,False,21.3,False,27.1,False,44.1,False,0.0,False,13.1
36,0.375,98.4,49.1,0.508,20.4,False,,False,8.9,False,12.6,False,18.3,False,0.0,False,13.6
36,0.4,99.5,51.3,0.261,19.0,False,,False,38.8,True,71.3,False,62.7,False,0.0,False,24.2
36,0.425,101.0,50.4,0.373,20.7,False,,False,10.5,False,13.2,False,28.6,False,0.0,False,19.9
36,0.45,102.3,49.2,0.321,23.1,False,,False,2.7,False,6.8,False,16.8,False,0.0,False,14.8
36,0.475,102.4,48.3,0.389,18.7,False,,False,14.0,False,43.3,False,25.3,False,0.0,False,14.8
36,0.5,101.6,49.3,0.436,24.8,False,,False,13.2,False,24.5,False,22.5,False,0.0,False,14.6
36,0.525,103.7,49.8,0.466,22.1,False,,False,1.6,False,5.7,False,19.4,False,0.0,False,17.0
36,0.55,70.6,49.4,0.295,21.3,True,PRESSURE_DROP,False,21.6,True,100.0,False,0.0,False,0.2,False,15.1
36,0.575,76.8,49.8,0.338,24.3,True,PRESSURE_DROP,False,31.4,True,100.0,False,14.2,False,0.2,False,17.0
36,0.6,79.6,49.5,0.423,23.6,True,PRESSURE_DROP,False,22.1,True,100.0,False,9.3,False,0.1,False,15.6
36,0.625,73.1,48.0,0.235,23.3,True,PRESSURE_DROP,False,32.9,True,100.0,False,5.6,False,0.2,False,9.5
36,0.65,81.0,52.3,0.399,26.6,True,PRESSURE_DROP,False,63.4,True,100.0,True,100.0,False,0.2,False,28.9
36,0.675,72.2,49.9,0.316,24.5,True,PRESSURE_DROP,False,41.8,True,100.0,False,50.7,False,0.3,False,17.5
36,0.7,81.4,50.2,18.406,-24.9,True,PRESSURE_DROP,True,100.0,True,100.0,True,100.0,True,99.6,True,90.7
36,0.725,0.0,41.6,7.037,-14.0,True,PRESSURE_DROP,True,70.4,False,1.7,False,67.3,True,16.5,False,47.3
36,0.75,0.0,41.4,2.826,-4.5,True,PRESSURE_DROP,False,51.1,False,0.3,False,47.8,False,4.5,False,32.9
36,0.775,0.0,42.4,1.506,3.2,True,PRESSURE_DROP,False,38.1,False,1.8,False,24.4,False,2.8,False,21.3
36,0.8,0.0,41.8,0.84,7.1,True,PRESSURE_DROP,False,29.7,False,0.8,False,12.8,False,2.4,False,21.3
36,0.825,0.0,39.8,0.407,13.9,True,,False,28.8,True,68.2,False,37.4,False,2.3,False,30.8
36,0.85,0.4,41.4,0.301,12.7,False,,False,22.7,False,7.1,False,7.6,False,2.3,False,23.2
36,0.875,0.1,41.1,0.393,16.7,False,,False,16.9,False,6.6,False,16.1,False,2.3,False,24.6
36,0.9,0.0,41.4,0.427,19.4,False,,False,18.2,False,23.5,False,32.3,False,2.4,False,23.2
36,0.925,0.0,40.8,0.424,16.1,False,,False,21.1,False,8.5,False,35.4,False,2.5,False,26.0
36,0.95,0.0,42.9,0.358,18.3,False,,False,22.1,False,2.7,False,48.3,False,2.5,False,25.0
37,0.975,0.1,43.6,0.362,15.8,False,,False,31.0,True,53.5,False,66.0,False,2.6,False,26.4
37,0.0,0.2,41.8,0.346,18.9,False,,False,48.2,False,7.6,False,61.6,False,0.8,False,26.4
37,0.025,17.5,43.8,0.304,22.0,False,,False,40.2,False,11.6,False,45.5,False,0.5,False,25.0
37,0.05,30.9,45.0,0.426,20.3,False,,False,31.6,False,7.4,False,42.3,False,0.3,False,23.7
37,0.075,43.3,43.5,0.386,19.4,False,,False,34.8,False,15.2,False,35.7,False,0.2,False,22.3
37,0.1,52.3,47.5,0.301,18.7,False,,False,39.6,False,49.2,False,69.5,False,0.1,False,21.0
37,0.125,61.2,45.2,0.484,20.8,False,,False,25.0,False,7.6,False,43.6,False,0.1,False,19.6
37,0.15,67.8,47.3,0.463,19.8,False,,False,20.7,False,10.1,False,46.7,False,0.0,False,18.3
37,0.175,74.0,47.8,0.431,25.6,False,,False,31.7,True,57.0,False,67.4,False,0.0,False,16.9
37,0.2,80.0,46.7,0.299,21.5,False,,False,14.6,False,4.6,False,45.2,False,0.0,False,15.6
37,0.225,83.7,46.9,0.533,27.3,False,,False,41.7,True,100.0,True,83.7,False,0.1,False,15.5
37,0.25,87.6,49.8,0.49,19.1,False,,False,27.2,False,46.8,False,56.3,False,0.0,False,17.0
37,0.275,90.5,86.8,0.426,18.7,True,THERMAL,False,46.9,True,100.0,True,100.0,False,4.4,True,100.0
37,0.3,91.9,78.6,0.442,21.2,True,THERMAL,False,32.5,True,100.0,True,100.0,False,2.7,True,100.0
37,0.325,94.9,92.6,0.152,22.1,True,THERMAL,False,44.2,True,100.0,True,100.0,True,5.8,True,100.0
37,0.35,98.2,83.0,0.405,21.2,True,THERMAL,False,29.2,True,100.0,True,100.0,False,3.5,True,100.0
37,0.375,97.9,85.6,0.338,23.5,True,THERMAL,False,33.0,True,100.0,True,100.0,False,4.1,True,100.0
37,0.4,99.4,92.7,0.417,21.2,True,THERMAL,False,29.8,True,100.0,True,100.0,True,5.7,True,100.0
37,0.425,100.8,93.8,0.544,22.8,True,THERMAL,False,35.8,True,100.0,True,100.0,True,6.0,True,100.0
37,0.45,101.4,91.3,0.377,23.3,True,THERMAL,False,30.0,True,100.0,True,100.0,False,5.3,True,100.0
37,0.475,101.7,47.1,0.378,20.7,True,,False,14.9,True,55.0,False,37.5,False,0.0,False,14.6
37,0.5,102.1,49.1,0.448,22.9,False,,False,0.2,False,3.6,False,13.7,False,0.0,False,14.7
37,0.525,102.8,48.7,0.523,20.7,False,,False,9.3,False,5.7,False,16.6,False,0.0,False,15.0
37,0.55,104.4,49.2,0.315,20.6,False,,False,3.9,False,9.9,False,21.6,False,0.0,False,15.5
37,0.575,103.8,49.0,0.257,22.1,False,,False,5.9,False,5.6,False,23.5,False,0.0,False,15.3
37,0.6,103.9,50.0,0.249,21.6,False,,False,12.0,False,7.0,False,32.2,False,0.0,False,17.9
37,0.625,105.0,50.0,0.457,19.5,False,,False,13.6,False,27.4,False,45.4,False,0.0,False,17.9
37,0.65,104.2,49.6,0.361,22.4,False,,False,7.4,False,2.0,False,43.3,False,0.0,False,16.0
37,0.675,105.0,49.9,0.447,23.5,False,,False,14.2,False,10.0,False,58.3,False,0.0,False,17.5
37,0.7,104.7,49.5,18.42,-24.1,False,,True,92.9,False,1.7,False,69.4,True,99.6,True,90.8
37,0.725,0.0,41.5,7.229,-14.3,False,,True,74.0,False,6.5,True,75.3,True,17.3,False,47.8
37,0.75,0.0,41.2,2.961,-5.3,False,,False,54.8,False,3.9,False,52.2,False,4.7,False,34.1
37,0.775,0.0,41.3,1.022,3.4,False,,False,37.0,False,8.2,False,40.1,False,2.5,False,23.6
37,0.8,0.2,40.5,0.684,8.6,False,,False,33.7,False,17.8,False,26.6,False,2.3,False,27.5
37,0.825,0.0,43.2,0.369,10.6,False,,False,22.2,False,10.0,False,15.5,False,2.3,False,21.3
37,0.85,0.0,42.3,0.371,15.2,False,,False,11.5,False,7.6,False,0.0,False,2.3,False,21.3
37,0.875,0.5,41.0,0.3,15.5,False,,False,25.7,False,9.7,False,16.8,False,2.3,False,25.1
37,0.9,0.2,42.0,0.375,18.7,False,,False,17.3,False,11.0,False,25.0,False,2.4,False,22.3
37,0.925,1.2,41.6,0.508,16.4,False,,False,36.3,False,2.1,False,23.8,False,2.4,False,23.7
37,0.95,0.0,43.5,0.408,16.6,False,,False,26.2,False,10.8,False,52.9,False,2.5,False,25.0
38,0.975,0.1,44.1,0.698,17.7,False,,False,45.2,False,35.0,True,80.7,False,2.6,False,26.4
38,0.0,0.7,41.3,0.419,21.4,False,,False,51.3,False,14.7,False,71.0,False,0.8,False,26.4
38,0.025,16.6,44.2,0.398,18.0,False,,False,43.0,False,20.4,False,48.2,False,0.5,False,25.0
38,0.05,30.3,43.9,0.375,21.4,False,,False,31.1,False,4.6,False,32.7,False,0.3,False,23.7
38,0.075,43.5,44.7,0.284,20.5,False,,False,31.8,False,3.1,False,35.7,False,0.2,False,22.3
38,0.1,53.6,45.2,0.27,20.8,False,,False,28.5,False,9.8,False,40.8,False,0.1,False,21.0
38,0.125,62.3,45.5,0.478,18.2,False,,False,35.9,False,40.0,False,49.0,False,0.1,False,19.6
38,0.15,67.9,47.3,0.294,22.6,False,,False,23.1,False,10.7,False,49.7,False,0.0,False,18.3
38,0.175,75.4,47.7,0.243,18.6,False,,False,29.9,False,27.5,False,52.0,False,0.0,False,16.9
38,0.2,79.8,46.3,0.348,23.5,False,,False,21.3,False,12.7,False,55.9,False,0.0,False,15.6
38,0.225,83.3,47.9,0.485,21.8,False,,False,10.2,False,3.2,False,36.8,False,0.0,False,14.2
38,0.25,88.1,48.0,0.385,20.6,False,,False,6.8,False,5.8,False,35.4,False,0.0,False,12.9
38,0.275,90.7,49.0,0.365,6.4,True,UNDERCOOLING,False,33.0,True,100.0,True,100.0,False,0.3,False,16.3
38,0.3,93.0,49.1,0.432,8.4,True,UNDERCOOLING,False,29.2,True,100.0,True,100.0,False,0.2,False,13.6
38,0.325,96.4,47.9,0.332,2.0,True,UNDERCOOLING,False,41.4,True,100.0,True,100.0,False,0.5,False,23.0
38,0.35,95.6,49.4,0.318,7.8,True,UNDERCOOLING,False,31.5,True,100.0,True,100.0,False,0.3,False,15.1
38,0.375,99.0,48.8,0.329,12.7,True,UNDERCOOLING,False,26.3,True,100.0,True,96.5,False,0.1,False,13.6
38,0.4,99.9,48.2,0.459,5.6,True,UNDERCOOLING,False,29.6,True,100.0,True,100.0,False,0.3,False,17.5
38,0.425,100.7,49.4,0.319,3.1,True,UNDERCOOLING,False,36.5,True,100.0,True,100.0,False,0.5,False,21.3
38,0.45,102.1,47.6,0.67,6.3,True,UNDERCOOLING,False,50.1,True,100.0,True,100.0,False,0.3,False,16.4
38,0.475,102.2,48.4,0.234,4.8,True,UNDERCOOLING,False,37.9,True,100.0,True,100.0,False,0.4,False,18.7
38,0.5,103.2,49.1,0.552,5.6,True,UNDERCOOLING,False,36.2,True,100.0,True,100.0,False,0.3,False,17.5
38,0.525,103.7,50.8,0.361,24.2,True,,False,18.0,False,24.9,False,42.2,False,0.0,False,21.8
38,0.55,104.2,49.7,0.407,19.9,False,,False,6.5,False,17.1,False,24.9,False,0.0,False,16.5
38,0.575,104.4,48.6,0.406,21.2,False,,False,1.4,False,2.2,False,26.9,False,0.0,False,15.5
38,0.6,106.2,48.1,0.291,21.6,False,,False,15.2,False,18.5,False,43.1,False,0.0,False,16.2
38,0.625,104.3,50.2,0.304,21.0,False,,False,11.0,False,11.3,False,41.9,False,0.0,False,18.9
38,0.65,104.4,48.4,0.571,24.6,False,,False,29.2,False,28.4,False,57.8,False,0.0,False,15.5
38,0.675,103.4,50.0,0.353,21.9,False,,False,12.0,False,7.4,False,52.9,False,0.0,False,17.9
38,0.7,105.2,49.9,18.467,-23.5,False,,True,96.9,False,13.9,True,75.0,True,100.0,True,91.0
38,0.725,0.0,41.6,7.13,-12.9,False,,True,70.1,False,2.1,False,64.6,True,16.8,False,45.6
38,0.75,0.3,43.7,2.941,-3.7,False,,False,62.0,False,31.8,False,56.2,False,4.6,False,31.6
38,0.775,0.0,40.2,1.388,3.2,False,,False,48.1,False,18.5,False,57.9,False,2.7,False,28.9
38,0.8,0.0,41.8,0.625,8.8,False,,False,22.4,False,6.3,False,5.8,False,2.3,False,21.3
38,0.825,0.0,39.8,0.4,11.2,False,,False,32.0,True,60.0,False,45.2,False,2.3,False,30.8
38,0.85,0.0,42.4,0.456,11.7,False,,False,14.3,False,5.0,False,5.4,False,2.3,False,21.3
38,0.875,0.0,43.4,0.539,13.6,False,,False,26.6,False,11.3,False,19.6,False,2.4,False,21.3
38,0.9,0.0,42.3,0.33,14.5,False,,False,20.0,False,12.8,False,16.2,False,2.4,False,22.3
38,0.925,0.0,42.3,0.482,18.2,False,,False,18.3,False,3.9,False,30.9,False,2.4,False,23.7
38,0.95,0.2,40.7,0.361,19.1,False,,False,27.5,False,14.5,False,58.6,False,2.5,False,26.5
39,0.975,0.6,43.7,0.345,15.7,False,,False,38.9,True,61.9,False,68.0,False,2.6,False,26.4
39,0.0,0.0,42.4,0.513,20.1,False,,False,47.9,False,0.0,False,59.6,False,0.8,False,26.4
39,0.025,17.0,45.1,0.403,21.1,False,,False,35.9,True,59.1,False,66.0,False,0.5,False,25.0
39,0.05,31.5,44.3,0.236,22.0,False,,False,43.3,False,8.9,False,39.0,False,0.3,False,23.7
39,0.075,42.8,43.4,0.589,21.9,False,,False,47.2,False,18.8,False,40.2,False,0.2,False,22.3
39,0.1,52.8,45.3,0.327,20.4,False,,False,25.5,False,6.3,False,39.2,False,0.1,False,21.0
39,0.125,60.9,45.2,0.347,18.3,False,,False,36.8,False,27.5,False,46.8,False,0.1,False,19.6
39,0.15,68.3,46.9,0.554,19.8,False,,False,29.2,False,4.5,False,45.0,False,0.0,False,18.3
39,0.175,74.8,47.0,0.41,21.2,False,,False,10.0,False,3.4,False,43.4,False,0.0,False,16.9
39,0.2,80.4,47.5,0.411,22.1,False,,False,8.3,False,5.2,False,43.2,False,0.0,False,15.6
39,0.225,84.7,47.2,0.534,21.2,False,,False,16.6,False,6.0,False,41.5,False,0.0,False,14.2
39,0.25,87.8,48.3,0.367,22.1,False,,False,5.7,False,3.4,False,35.4,False,0.0,False,12.9
39,0.275,91.2,48.4,0.405,22.5,False,,False,4.6,False,7.7,False,33.0,False,0.0,False,11.5
39,0.3,92.4,49.2,0.386,24.0,False,,False,14.3,False,21.7,False,35.6,False,0.0,False,14.1
39,0.325,94.2,50.2,0.402,21.9,False,,False,11.8,False,9.8,False,37.6,False,0.0,False,18.9
39,0.35,96.8,47.7,0.347,19.2,False,,False,15.6,False,17.6,False,30.8,False,0.0,False,12.8
39,0.375,99.6,48.9,0.374,25.0,False,,False,17.0,False,30.3,False,33.2,False,0.0,False,13.8
39,0.4,99.8,49.6,0.266,21.8,False,,False,8.3,False,5.3,False,18.1,False,0.0,False,16.0
39,0.425,101.2,48.3,0.471,20.0,False,,False,8.1,False,14.4,False,19.8,False,0.0,False,14.4
39,0.45,100.2,49.7,0.278,23.4,False,,False,9.8,False,6.1,False,16.2,False,0.0,False,16.5
39,0.475,103.0,48.9,0.235,23.0,False,,False,9.0,False,9.0,False,17.3,False,0.0,False,15.0
39,0.5,103.6,48.2,0.268,22.6,False,,False,8.0,False,8.3,False,23.7,False,0.0,False,15.2
39,0.525,103.6,49.5,0.475,22.7,False,,False,2.6,False,8.3,False,18.2,False,0.0,False,15.6
39,0.55,102.8,47.5,0.636,20.9,False,,False,30.1,False,29.6,False,36.3,False,0.0,False,15.0
39,0.575,104.2,49.6,0.472,23.1,False,,False,3.3,False,11.3,False,26.8,False,0.0,False,16.0
39,0.6,103.5,49.9,0.221,23.9,False,,False,19.7,False,18.5,False,35.9,False,0.0,False,17.5
39,0.625,104.7,47.9,0.274,23.6,False,,False,18.0,False,19.3,False,53.5,False,0.0,False,15.6
39,0.65,105.2,47.4,0.551,23.9,False,,False,33.7,False,16.1,True,73.9,False,0.0,False,15.8
39,0.675,105.8,49.7,0.544,18.5,False,,False,32.4,True,58.5,False,65.7,False,0.0,False,16.5
39,0.7,105.5,48.3,18.374,-23.4,False,,True,99.9,False,33.4,True,80.8,True,99.1,True,90.5
39,0.725,0.0,41.9,6.864,-11.8,False,,True,74.0,False,14.6,False,51.4,True,15.6,False,44.0
39,0.75,0.0,41.4,2.832,-2.9,True,PRESSURE_DROP,False,51.3,False,3.2,False,38.8,False,4.4,False,30.4
39,0.775,0.0,41.8,1.244,5.3,True,PRESSURE_DROP,False,33.0,False,31.2,False,14.1,False,2.5,False,21.3
39,0.8,0.0,41.6,0.824,8.4,True,PRESSURE_DROP,False,29.2,False,7.9,False,5.5,False,2.3,False,22.2
39,0.825,0.0,43.1,0.555,11.4,True,PRESSURE_DROP,False,23.1,False,9.2,False,5.8,False,2.3,False,21.3
39,0.85,0.0,42.1,0.579,13.9,True,PRESSURE_DROP,False,18.8,False,3.2,False,0.0,False,2.3,False,21.3
39,0.875,0.0,43.3,0.177,12.5,True,PRESSURE_DROP,False,33.1,False,14.5,False,27.7,False,2.4,False,21.3
39,0.9,0.0,43.0,0.273,17.3,True,PRESSURE_DROP,False,23.1,False,15.0,False,27.6,False,2.4,False,22.3
39,0.925,0.0,41.2,0.337,18.3,True,PRESSURE_DROP,False,20.3,False,5.5,False,37.4,False,2.4,False,24.1
39,0.95,0.0,41.8,0.533,18.7,True,PRESSURE_DROP,False,25.3,False,2.6,False,42.4,False,2.5,False,25.0
40,0.975,0.0,41.4,0.312,19.8,True,PRESSURE_DROP,False,31.2,False,9.9,False,63.8,False,2.6,False,26.4
40,0.0,0.0,41.5,0.408,19.2,True,PRESSURE_DROP,False,47.2,False,8.0,False,64.7,False,0.8,False,26.4
40,0.025,17.3,43.4,0.449,19.5,True,,False,37.0,False,5.7,False,35.5,False,0.5,False,25.0
40,0.05,30.8,46.7,0.327,21.6,False,,False,38.7,False,50.6,True,84.5,False,0.3,False,23.7
40,0.075,42.6,45.8,0.293,18.6,False,,False,41.2,False,23.7,False,48.4,False,0.2,False,22.3
40,0.1,53.0,45.0,0.416,23.1,False,,False,30.5,False,29.4,False,47.8,False,0.1,False,21.0
40,0.125,60.8,44.8,0.409,20.0,False,,False,26.6,False,11.0,False,44.9,False,0.1,False,19.6
40,0.15,68.1,46.4,0.23,23.7,False,,False,36.9,False,24.7,False,53.6,False,0.0,False,18.3
40,0.175,74.4,47.1,0.474,22.8,False,,False,16.0,False,8.6,False,46.7,False,0.0,False,16.9
40,0.2,78.7,48.5,0.462,25.0,False,,False,27.9,False,50.6,False,60.4,False,0.0,False,15.6
40,0.225,83.3,48.5,0.407,21.6,False,,False,7.4,False,2.9,False,38.9,False,0.0,False,14.2
40,0.25,87.8,50.5,0.382,22.5,False,,False,24.9,True,53.6,False,69.1,False,0.0,False,20.3
40,0.275,89.4,48.3,0.466,20.3,False,,False,9.1,False,6.0,False,28.7,False,0.0,False,11.5
40,0.3,93.3,47.6,0.436,24.4,False,,False,16.8,False,33.1,False,43.1,False,0.0,False,11.6
40,0.325,94.4,50.8,0.494,21.6,False,,False,19.5,False,30.5,False,53.2,False,0.0,False,21.8
40,0.35,97.4,48.4,0.477,22.7,False,,False,4.5,False,2.8,False,23.4,False,0.0,False,13.1
40,0.375,98.7,48.5,0.312,20.0,False,,False,8.1,False,11.4,False,20.5,False,0.0,False,13.5
40,0.4,100.2,48.0,0.465,21.7,False,,False,4.6,False,6.7,False,22.0,False,0.0,False,14.0
40,0.425,101.2,49.1,0.216,20.7,False,,False,12.8,False,13.9,False,15.4,False,0.0,False,14.4
40,0.45,101.4,48.8,0.405,23.3,False,,False,4.3,False,12.1,False,15.9,False,0.0,False,14.5
40,0.475,102.0,50.9,0.311,20.6,False,,False,15.2,False,25.0,False,37.3,False,0.0,False,22.2
40,0.5,103.6,49.6,0.356,25.2,False,,False,18.8,False,17.8,False,30.8,False,0.0,False,16.0
40,0.525,102.7,48.4,0.44,20.8,False,,False,3.2,False,4.1,False,18.6,False,0.0,False,14.9
40,0.55,105.3,48.3,0.481,22.5,False,,False,9.6,False,3.4,False,30.2,False,0.0,False,15.8
40,0.575,102.8,47.6,0.362,20.0,False,,False,15.0,False,23.8,False,39.0,False,0.0,False,15.0
40,0.6,104.2,50.4,0.409,20.0,False,,False,12.8,False,19.9,False,41.5,False,0.0,False,19.9
40,0.625,105.4,48.3,0.463,20.7,False,,False,13.2,False,12.0,False,44.2,False,0.0,False,15.9
40,0.65,106.5,47.5,0.394,21.5,False,,False,20.9,False,11.7,False,68.3,False,0.0,False,16.3
40,0.675,104.5,49.3,0.406,21.2,False,,False,9.7,False,11.9,False,51.1,False,0.0,False,15.6
40,0.7,103.6,50.4,18.469,-24.1,False,,True,100.0,False,32.5,True,81.4,True,100.0,True,91.0
40,0.725,0.8,42.5,7.165,-14.6,False,,True,76.3,False,0.0,False,71.0,True,17.0,False,48.2
40,0.75,0.0,41.0,22.057,-6.4,True,FLOW_SPIKE,True,81.7,True,100.0,True,100.0,True,100.0,True,100.0
40,0.775,0.0,43.0,18.393,2.6,True,FLOW_SPIKE,True,79.8,True,100.0,True,100.0,True,98.7,True,90.6
40,0.8,0.1,43.0,11.983,7.1,True,FLOW_SPIKE,True,72.6,True,100.0,True,100.0,True,42.2,True,57.0
40,0.825,0.0,41.9,11.049,14.4,True,FLOW_SPIKE,False,65.6,True,100.0,True,100.0,True,35.9,True,52.1
40,0.85,0.0,42.1,20.676,15.1,True,FLOW_SPIKE,True,72.4,True,100.0,True,100.0,True,100.0,True,100.0
40,0.875,0.5,41.5,21.863,14.8,True,FLOW_SPIKE,True,75.3,True,100.0,True,100.0,True,100.0,True,100.0
40,0.9,0.5,41.5,15.53,17.8,True,FLOW_SPIKE,True,73.5,True,100.0,True,100.0,True,70.3,True,75.6
40,0.925,0.0,41.6,14.861,17.1,True,FLOW_SPIKE,False,69.6,True,100.0,True,100.0,True,64.5,True,72.1
40,0.95,0.0,42.6,13.923,19.2,True,FLOW_SPIKE,False,69.2,True,100.0,True,100.0,True,56.8,True,67.2
41,0.975,0.0,41.6,20.922,19.2,True,FLOW_SPIKE,True,78.2,True,100.0,True,100.0,True,100.0,True,100.0
41,0.0,0.0,40.7,0.457,19.7,True,,False,51.8,False,14.3,True,79.8,False,0.8,False,26.5
41,0.025,17.0,43.5,0.437,19.6,False,,False,35.5,False,5.0,False,36.4,False,0.5,False,25.0
41,0.05,31.8,43.8,0.357,21.5,False,,False,32.4,False,7.5,False,33.6,False,0.3,False,23.7
41,0.075,42.8,44.8,0.392,21.1,False,,False,26.4,False,5.3,False,36.1,False,0.2,False,22.3
41,0.1,52.8,45.2,0.316,21.0,False,,False,24.8,False,8.2,False,39.7,False,0.1,False,21.0
41,0.125,62.1,46.4,0.442,21.9,False,,False,19.3,False,2.8,False,47.1,False,0.0,False,19.6
41,0.15,68.3,46.6,0.367,22.2,False,,False,16.3,False,5.2,False,46.0,False,0.0,False,18.3
41,0.175,74.6,48.1,0.367,20.0,False,,False,14.6,False,7.1,False,48.9,False,0.0,False,16.9
41,0.2,79.2,49.6,0.467,18.9,False,,False,31.2,True,54.0,False,69.0,False,0.0,False,16.0
41,0.225,82.9,47.9,0.501,21.0,False,,False,11.8,False,5.1,False,35.6,False,0.0,False,14.2
41,0.25,86.3,49.1,0.254,21.3,False,,False,14.1,False,8.8,False,38.1,False,0.0,False,13.6
41,0.275,90.3,47.4,0.153,22.3,False,,False,26.4,False,10.1,False,37.1,False,0.0,False,11.5
41,0.3,92.5,48.4,0.603,23.9,False,,False,28.9,False,22.4,False,33.1,False,0.0,False,11.3
41,0.325,95.1,49.0,0.34,23.9,False,,False,14.6,False,18.5,False,30.3,False,0.0,False,13.2
41,0.35,96.6,46.3,0.439,23.5,False,,False,21.8,False,51.7,False,60.9,False,0.0,False,12.8
41,0.375,99.3,48.9,0.423,19.5,False,,False,9.6,False,21.3,False,22.9,False,0.0,False,13.7
41,0.4,99.9,50.1,0.501,23.5,False,,False,12.1,False,18.8,False,28.5,False,0.0,False,18.4
41,0.425,101.0,47.7,0.38,22.4,False,,False,5.0,False,12.1,False,26.6,False,0.0,False,14.3
41,0.45,99.9,49.0,0.273,21.8,False,,False,8.2,False,6.2,False,8.7,False,0.0,False,13.9
41,0.475,103.2,50.4,0.489,22.5,False,,False,8.9,False,11.8,False,27.2,False,0.0,False,19.9
41,0.5,103.0,49.6,0.496,22.3,False,,False,2.3,False,10.3,False,15.8,False,0.0,False,16.0
41,0.525,103.0,49.6,0.552,21.9,False,,False,9.7,False,6.4,False,16.4,False,0.0,False,16.0
41,0.55,102.8,50.1,0.509,23.7,False,,False,12.9,False,14.8,False,27.4,False,0.0,False,18.4
41,0.575,103.4,50.1,0.233,21.0,False,,False,13.9,False,11.8,False,28.4,False,0.0,False,18.4
41,0.6,104.2,48.8,0.518,21.0,False,,False,8.5,False,6.0,False,30.0,False,0.0,False,15.4
41,0.625,104.7,49.5,0.565,22.4,False,,False,14.5,False,4.1,False,36.8,False,0.0,False,15.6
41,0.65,105.9,50.3,0.455,21.8,False,,False,14.7,False,8.8,False,52.9,False,0.0,False,19.4
41,0.675,104.5,49.7,0.372,23.9,False,,False,16.7,False,12.1,False,57.6,False,0.0,False,16.5
41,0.7,104.8,49.4,18.274,-25.6,False,,True,96.9,False,2.5,False,66.9,True,98.3,True,90.0
41,0.725,0.0,41.3,6.965,-15.6,False,,True,76.1,False,25.2,True,81.2,True,16.3,False,49.7
41,0.75,0.0,42.4,2.923,-4.6,False,,False,50.0,False,0.8,False,41.0,False,4.6,False,33.0
41,0.775,0.0,42.1,1.362,2.2,False,,False,38.0,False,1.7,False,35.3,False,2.7,False,22.7
41,0.8,0.2,41.9,0.7,7.1,False,,False,26.9,False,0.8,False,15.7,False,2.3,False,21.2
41,0.825,0.5,41.2,0.472,11.0,False,,False,23.4,False,18.5,False,7.2,False,2.3,False,24.1
41,0.85,0.0,43.9,0.114,12.2,False,,False,34.3,False,20.1,False,36.9,False,2.4,False,21.3
41,0.875,0.0,41.4,0.21,14.9,False,,False,24.6,False,13.9,False,13.2,False,2.4,False,23.2
41,0.9,0.0,41.8,0.511,17.0,False,,False,18.0,False,2.2,False,16.6,False,2.4,False,22.3
41,0.925,0.0,41.3,0.484,19.1,False,,False,22.2,False,10.2,False,39.2,False,2.4,False,23.7
41,0.95,0.5,40.6,0.414,18.7,False,,False,30.5,False,15.0,False,57.7,False,2.5,False,27.0
42,0.975,0.3,42.2,0.321,19.1,False,,False,27.6,False,10.2,False,57.2,False,2.5,False,26.4
42,0.0,0.1,41.5,0.335,22.0,False,,False,52.6,False,21.1,False,71.9,False,0.8,False,26.4
42,0.025,18.1,41.7,0.434,18.9,False,,False,49.2,False,33.1,False,43.2,False,0.5,False,25.0
42,0.05,32.1,43.0,0.485,20.6,False,,False,38.2,False,24.0,False,32.0,False,0.3,False,23.7
42,0.075,42.9,45.2,0.334,19.3,False,,False,32.1,False,5.6,False,38.9,False,0.2,False,22.3
42,0.1,53.2,46.1,0.627,20.4,False,,False,40.0,False,5.0,False,44.8,False,0.1,False,21.0
42,0.125,61.6,46.5,0.504,22.5,False,,False,24.2,False,6.7,False,49.1,False,0.1,False,19.6
42,0.15,68.7,47.3,0.277,19.0,False,,False,28.6,False,20.7,False,50.4,False,0.0,False,18.3
42,0.175,74.5,48.6,0.369,20.9,False,,False,14.4,False,14.7,False,54.1,False,0.0,False,16.9
42,0.2,81.1,46.3,0.431,18.9,False,,False,25.7,False,42.5,False,54.6,False,0.0,False,15.6
42,0.225,83.5,48.2,0.521,18.9,False,,False,23.7,False,19.2,False,42.6,False,0.0,False,14.2
42,0.25,87.5,49.3,0.338,21.6,False,,False,10.6,False,8.9,False,42.1,False,0.0,False,14.6
42,0.275,89.5,50.1,0.263,19.3,False,,False,30.0,False,39.4,False,53.7,False,0.0,False,18.4
42,0.3,92.9,49.8,0.548,20.9,False,,False,19.2,False,9.7,False,37.4,False,0.0,False,17.0
42,0.325,94.9,52.1,0.369,22.1,False,,False,29.0,True,95.3,True,100.0,False,0.0,False,28.0
42,0.35,96.8,49.7,0.237,21.9,False,,False,12.1,False,8.2,False,25.7,False,0.0,False,16.5
42,0.375,98.6,49.1,0.497,21.4,False,,False,4.9,False,5.0,False,17.5,False,0.0,False,13.6
42,0.4,100.3,49.8,0.363,22.5,False,,False,1.4,False,4.6,False,21.8,False,0.0,False,17.0
42,0.425,101.2,47.9,0.404,19.9,False,,False,10.5,False,24.2,False,24.8,False,0.0,False,14.4
42,0.45,102.1,49.5,0.384,21.0,False,,False,0.4,False,7.5,False,15.1,False,0.0,False,15.6
42,0.475,102.3,50.0,0.502,22.0,False,,False,4.0,False,12.5,False,18.4,False,0.0,False,17.9
42,0.5,103.3,50.2,0.454,20.2,False,,False,9.2,False,5.4,False,25.0,False,0.0,False,18.9
42,0.525,103.6,49.6,0.443,22.7,False,,False,1.2,False,7.9,False,18.7,False,0.0,False,16.0
42,0.55,104.7,49.5,0.438,20.9,False,,False,5.0,False,6.1,False,22.2,False,0.0,False,15.6
42,0.575,104.2,48.9,0.458,17.9,False,,False,16.5,True,53.5,False,38.4,False,0.0,False,15.4
42,0.6,104.5,47.2,12.175,22.4,True,FLOW_SPIKE,False,62.5,True,100.0,True,100.0,True,41.3,True,58.0
42,0.625,104.6,50.6,17.678,22.2,True,FLOW_SPIKE,False,66.5,True,100.0,True,100.0,True,88.9,True,86.9
42,0.65,105.2,47.4,8.72,19.9,True,FLOW_SPIKE,False,66.9,True,100.0,True,100.0,True,20.6,False,39.9
42,0.675,104.0,48.7,9.846,19.6,True,FLOW_SPIKE,False,63.8,True,100.0,True,100.0,True,26.6,False,45.8
42,0.7,105.8,50.4,30.332,-27.0,True,FLOW_SPIKE,True,100.0,True,100.0,True,100.0,True,100.0,True,100.0
42,0.725,0.0,42.6,16.032,-13.8,True,FLOW_SPIKE,True,80.6,True,100.0,True,100.0,True,76.1,True,78.2
42,0.75,0.8,42.0,15.058,-3.1,True,FLOW_SPIKE,True,81.4,True,100.0,True,100.0,True,66.6,True,73.1
42,0.775,0.2,40.9,18.58,4.0,True,FLOW_SPIKE,True,80.2,True,100.0,True,100.0,True,100.0,True,91.6
42,0.8,0.4,43.4,10.922,7.5,True,FLOW_SPIKE,True,73.4,True,100.0,True,100.0,True,35.2,True,51.5
42,0.825,0.2,42.0,15.944,11.5,True,FLOW_SPIKE,True,72.6,True,100.0,True,100.0,True,74.1,True,77.8
42,0.85,0.1,40.6,19.507,11.3,True,FLOW_SPIKE,True,81.3,True,100.0,True,100.0,True,100.0,True,96.5
42,0.875,0.6,40.1,0.428,14.2,True,,False,36.2,False,32.6,False,36.9,False,2.3,False,29.4
42,0.9,0.4,43.1,0.306,18.2,False,,False,26.0,False,23.3,False,31.6,False,2.4,False,22.3
42,0.925,0.0,43.4,0.418,18.1,False,,False,22.9,False,7.3,False,45.1,False,2.4,False,23.7
42,0.95,0.5,42.3,0.48,16.8,False,,False,26.9,False,12.8,False,35.1,False,2.5,False,25.0
43,0.975,0.0,40.6,0.445,17.6,False,,False,30.5,False,24.7,False,62.5,False,2.6,False,27.0
43,0.0,0.0,41.8,0.405,19.4,False,,False,46.6,False,5.4,False,61.5,False,0.8,False,26.4
43,0.025,16.2,41.4,0.529,21.6,False,,False,58.2,False,40.9,False,53.0,False,0.5,False,25.0
43,0.05,31.3,44.6,0.371,21.4,False,,False,29.4,False,2.0,False,39.1,False,0.3,False,23.7
43,0.075,42.7,45.1,0.456,23.6,False,,False,40.9,False,30.6,False,50.2,False,0.2,False,22.3
43,0.1,53.2,45.1,0.216,21.8,False,,False,39.1,False,20.3,False,42.7,False,0.1,False,21.0
43,0.125,60.2,46.1,0.508,20.8,False,,False,23.2,False,3.4,False,41.4,False,0.1,False,19.6
43,0.15,68.7,46.7,0.319,20.0,False,,False,19.0,False,6.5,False,44.8,False,0.0,False,18.3
43,0.175,74.5,47.9,0.495,21.7,False,,False,14.9,False,4.8,False,46.6,False,0.0,False,16.9
43,0.2,80.0,46.9,0.39,22.4,False,,False,12.4,False,5.3,False,45.6,False,0.0,False,15.6
43,0.225,84.5,46.6,0.254,20.8,False,,False,19.1,False,8.3,False,47.4,False,0.0,False,14.2
43,0.25,87.8,48.0,0.427,23.6,False,,False,12.3,False,12.6,False,40.9,False,0.0,False,12.9
43,0.275,89.7,47.1,0.31,19.5,False,,False,18.2,False,23.2,False,39.2,False,0.0,False,11.5
43,0.3,92.6,50.0,0.486,20.8,False,,False,15.4,False,13.2,False,40.7,False,0.0,False,17.9
43,0.325,94.8,49.2,0.548,21.8,False,,False,13.0,False,6.0,False,24.3,False,0.0,False,14.1
43,0.35,105.0,47.5,0.116,23.4,True,OVERPRESSURE,False,34.8,True,81.9,False,60.4,False,0.1,False,15.7
43,0.375,110.1,48.8,0.457,22.9,True,OVERPRESSURE,False,12.4,True,100.0,False,51.3,False,0.0,False,17.5
43,0.4,110.3,49.9,0.498,20.5,True,OVERPRESSURE,False,17.3,True,100.0,False,48.2,False,0.0,False,17.6
43,0.425,111.3,51.4,0.251,21.5,True,OVERPRESSURE,False,37.6,True,59.1,True,75.6,False,0.0,False,24.6
43,0.45,110.0,48.6,0.551,21.0,True,OVERPRESSURE,False,20.9,True,100.0,False,38.9,False,0.0,False,17.5
43,0.475,110.2,47.4,0.235,25.9,True,OVERPRESSURE,False,48.6,True,100.0,True,80.0,False,0.1,False,17.6
43,0.5,111.6,49.1,0.364,21.3,True,OVERPRESSURE,False,10.9,True,100.0,False,37.9,False,0.0,False,18.1
43,0.525,113.8,48.3,0.443,21.5,True,OVERPRESSURE,False,11.7,True,100.0,False,53.9,False,0.0,False,18.8
43,0.55,111.9,50.1,0.413,23.0,True,OVERPRESSURE,False,15.7,True,72.1,False,45.6,False,0.0,False,18.4
43,0.575,116.0,50.9,0.381,21.6,True,OVERPRESSURE,False,21.3,True,100.0,False,71.0,False,0.0,False,22.2
43,0.6,112.7,49.3,0.321,24.0,True,OVERPRESSURE,False,18.2,True,58.0,False,56.3,False,0.0,False,18.4
43,0.625,103.9,49.8,0.292,23.7,True,,False,13.1,False,8.5,False,40.6,False,0.0,False,17.0
43,0.65,105.4,49.9,0.386,22.0,False,,False,8.5,False,2.9,False,47.3,False,0.0,False,17.5
43,0.675,103.9,51.0,0.461,21.2,False,,False,26.1,False,30.4,False,72.2,False,0.0,False,22.7
43,0.7,105.2,48.8,18.34,-27.2,False,,True,99.5,False,21.9,False,72.0,True,99.2,True,90.3
43,0.725,0.3,40.3,7.024,-13.3,False,,True,78.5,True,57.9,True,94.6,True,16.4,False,46.2
43,0.75,0.0,41.6,2.935,-4.3,False,,False,50.9,False,1.7,False,41.5,False,4.6,False,32.5
43,0.775,0.0,43.2,1.384,4.0,False,,False,41.9,False,23.2,False,30.0,False,2.7,False,21.3
43,0.8,0.0,42.6,1.055,9.0,False,,False,34.5,False,33.0,False,0.0,False,2.4,False,21.3
43,0.825,1.0,42.5,0.326,9.7,False,,False,29.4,False,8.6,False,12.4,False,2.3,False,20.9
43,0.85,0.0,42.3,0.463,11.6,False,,False,13.9,False,5.7,False,5.1,False,2.3,False,21.3
43,0.875,0.2,42.9,0.384,11.5,False,,False,23.6,False,19.9,False,19.8,False,2.4,False,21.2
43,0.9,0.0,41.7,0.424,15.5,False,,False,15.3,False,9.6,False,15.0,False,2.4,False,22.3
43,0.925,0.0,41.3,0.412,19.0,False,,False,19.7,False,9.3,False,39.2,False,2.4,False,23.7
43,0.95,0.0,44.1,0.641,16.1,False,,False,41.4,False,35.4,False,65.5,False,2.5,False,25.0
44,0.975,0.0,42.9,0.276,19.1,False,,False,31.5,False,13.0,False,64.4,False,2.6,False,26.4
44,0.0,0.0,44.9,0.193,19.8,False,,False,59.3,True,96.1,True,100.0,False,0.8,False,26.4
44,0.025,17.4,44.7,0.478,20.1,False,,False,37.2,False,30.1,False,54.5,False,0.5,False,25.0
44,0.05,32.3,44.0,0.388,20.6,False,,False,29.9,False,0.0,False,32.2,False,0.3,False,23.7
44,0.075,43.5,45.6,0.365,20.9,False,,False,25.5,False,3.0,False,43.9,False,0.2,False,22.3
44,0.1,52.6,43.7,0.285,21.3,False,,False,36.6,False,15.5,False,47.1,False,0.1,False,21.0
44,0.125,61.0,46.1,0.386,21.7,False,,False,18.6,False,2.1,False,44.1,False,0.1,False,19.6
44,0.15,68.3,45.2,0.482,19.8,False,,False,29.0,False,15.4,False,50.2,False,0.0,False,18.3
44,0.175,75.0,47.4,0.317,22.2,False,,False,13.6,False,5.5,False,46.0,False,0.0,False,16.9
44,0.2,79.9,47.9,0.314,23.4,False,,False,15.8,False,12.7,False,47.8,False,0.0,False,15.6
44,0.225,83.8,48.1,0.343,22.9,False,,False,11.8,False,6.3,False,41.0,False,0.0,False,14.2
44,0.25,87.0,47.3,0.487,19.6,False,,False,15.8,False,14.2,False,38.4,False,0.0,False,12.9
44,0.275,91.0,48.7,0.443,21.8,False,,False,5.3,False,4.1,False,31.9,False,0.0,False,11.7
44,0.3,93.2,83.9,0.401,19.7,True,THERMAL,False,36.7,True,100.0,True,100.0,False,3.7,True,100.0
44,0.325,96.7,78.7,0.558,18.3,True,THERMAL,False,55.0,True,100.0,True,100.0,False,2.7,True,100.0
44,0.35,97.3,91.9,0.276,21.5,True,THERMAL,False,33.3,True,100.0,True,100.0,True,5.6,True,100.0
44,0.375,98.6,83.9,0.227,20.5,True,THERMAL,False,38.2,True,100.0,True,100.0,False,3.7,True,100.0
44,0.4,100.1,88.6,0.414,20.9,True,THERMAL,False,29.9,True,100.0,True,100.0,False,4.7,True,100.0
44,0.425,100.7,82.3,0.413,22.4,True,THERMAL,False,28.1,True,100.0,True,100.0,False,3.3,True,100.0
44,0.45,103.2,98.0,0.362,21.6,True,THERMAL,False,27.4,True,100.0,True,100.0,True,7.1,True,100.0
44,0.475,102.4,82.0,0.389,21.6,True,THERMAL,False,26.0,True,100.0,True,100.0,False,3.2,True,100.0
44,0.5,102.0,86.5,0.376,21.9,True,THERMAL,False,26.9,True,100.0,True,100.0,False,4.2,True,100.0
44,0.525,103.6,97.6,0.436,23.2,True,THERMAL,False,30.4,True,100.0,True,100.0,True,7.0,True,100.0
44,0.55,103.7,49.9,0.289,23.4,True,,False,8.3,False,14.9,False,25.7,False,0.0,False,17.5
44,0.575,104.9,48.4,0.39,21.6,False,,False,4.4,False,2.4,False,30.2,False,0.0,False,15.7
44,0.6,105.2,49.6,0.277,21.3,False,,False,9.5,False,8.7,False,31.8,False,0.0,False,16.0
44,0.625,105.4,49.0,0.476,21.1,False,,False,6.9,False,5.7,False,37.9,False,0.0,False,15.9
44,0.65,105.5,48.2,0.477,21.6,False,,False,13.7,False,9.4,False,52.6,False,0.0,False,15.9
44,0.675,104.5,49.8,0.576,23.9,False,,False,28.3,False,14.6,False,58.6,False,0.0,False,17.0
44,0.7,104.7,48.6,18.412,-24.5,False,,True,95.5,False,7.7,False,72.3,True,99.6,True,90.7
44,0.725,0.3,41.4,7.105,-12.4,False,,True,72.7,False,5.9,False,65.0,True,16.6,False,44.9
44,0.75,0.6,41.8,2.669,-3.1,False,,False,54.4,False,5.0,False,39.2,False,4.2,False,30.7
44,0.775,0.0,42.4,1.28,0.8,False,,False,38.2,False,8.7,False,50.8,False,2.7,False,24.8
44,0.8,0.0,41.7,0.764,9.4,False,,False,25.6,False,15.6,False,0.0,False,2.3,False,21.7
44,0.825,0.0,40.8,0.248,10.8,False,,False,27.4,False,35.1,False,21.3,False,2.3,False,26.0
44,0.85,0.8,41.3,0.326,14.5,False,,False,30.4,False,7.2,False,4.8,False,2.3,False,23.6
44,0.875,0.0,43.2,0.212,15.7,False,,False,26.8,False,8.5,False,20.3,False,2.3,False,21.3
44,0.9,0.4,43.3,0.453,18.0,False,,False,25.8,False,14.4,False,32.4,False,2.4,False,22.3
44,0.925,0.5,42.6,0.441,19.0,False,,False,22.9,False,12.8,False,37.1,False,2.4,False,23.7
44,0.95,0.3,44.4,0.433,17.1,False,,False,36.5,False,37.0,True,78.5,False,2.5,False,25.0
45,0.975,0.0,43.5,0.405,15.7,False,,False,31.2,True,57.2,False,63.1,False,2.6,False,26.4
45,0.0,0.5,41.2,0.552,21.2,False,,False,58.7,False,17.5,False,72.2,False,0.8,False,26.4
45,0.025,17.3,43.2,0.698,21.5,False,,False,55.5,False,10.0,False,39.1,False,0.5,False,25.0
45,0.05,31.8,43.5,0.547,19.4,False,,False,43.5,False,13.7,False,29.4,False,0.3,False,23.7
45,0.075,43.5,44.6,0.383,17.9,False,,False,36.7,False,15.3,False,38.8,False,0.2,False,22.3
45,0.1,51.9,44.5,0.545,22.1,False,,False,38.0,False,15.1,False,41.9,False,0.1,False,21.0
45,0.125,61.8,45.1,0.473,22.0,False,,False,25.9,False,9.8,False,48.3,False,0.1,False,19.6
45,0.15,68.4,46.0,0.536,20.2,False,,False,26.9,False,11.8,False,44.5,False,0.0,False,18.3
45,0.175,75.0,46.7,0.314,19.3,False,,False,21.3,False,12.9,False,46.6,False,0.0,False,16.9
45,0.2,78.6,48.4,0.441,21.4,False,,False,11.4,False,6.5,False,43.4,False,0.0,False,15.6
45,0.225,83.8,48.6,0.122,23.5,False,,False,30.1,False,18.3,False,47.1,False,0.0,False,14.2
45,0.25,87.4,48.0,0.462,18.1,False,,False,20.5,False,36.8,False,43.5,False,0.0,False,12.9
45,0.275,90.8,46.9,0.417,24.2,False,,False,20.6,False,19.1,False,53.1,False,0.0,False,11.5
45,0.3,93.1,50.1,0.463,20.7,False,,False,15.9,False,13.6,False,43.6,False,0.0,False,18.4
45,0.325,95.0,49.8,0.386,20.4,False,,False,10.5,False,12.7,False,32.6,False,0.0,False,17.0
45,0.35,96.2,47.7,0.431,23.9,False,,False,14.0,False,20.9,False,32.4,False,0.0,False,12.6
45,0.375,97.8,48.3,0.467,23.5,False,,False,7.7,False,5.5,False,22.3,False,0.0,False,13.2
45,0.4,99.7,50.1,0.37,20.4,False,,False,8.8,False,7.2,False,25.8,False,0.0,False,18.4
45,0.425,100.7,48.8,0.21,21.8,False,,False,13.0,False,6.4,False,13.9,False,0.0,False,14.2
45,0.45,102.2,48.3,0.408,20.8,False,,False,3.0,False,4.1,False,18.4,False,0.0,False,14.7
45,0.475,103.2,49.4,0.318,22.9,False,,False,2.1,False,7.6,False,17.1,False,0.0,False,15.1
45,0.5,103.4,50.1,0.375,20.4,False,,False,6.2,False,5.4,False,23.1,False,0.0,False,18.4
45,0.525,103.4,48.1,0.445,23.0,False,,False,5.4,False,7.4,False,26.8,False,0.0,False,15.2
45,0.55,103.4,47.1,0.422,23.3,False,,False,15.6,False,39.8,False,51.8,False,0.0,False,15.2
45,0.575,103.2,47.2,0.494,23.9,False,,False,21.4,False,29.1,False,55.3,False,0.0,False,15.1
45,0.6,105.5,48.7,0.446,23.4,False,,False,9.2,False,8.4,False,37.5,False,0.0,False,15.9
45,0.625,106.0,47.9,0.452,19.3,False,,False,24.9,False,46.6,False,56.0,False,0.0,False,16.1
45,0.65,104.9,48.7,0.479,22.0,False,,False,10.3,False,7.3,False,45.8,False,0.0,False,15.7
45,0.675,106.2,50.2,0.338,21.7,False,,False,20.9,False,12.1,False,60.6,False,0.0,False,18.9
45,0.7,104.3,51.0,18.423,-23.8,False,,True,100.0,True,82.2,True,98.5,True,99.6,True,90.8
45,0.725,0.0,41.8,7.152,-12.5,False,,True,70.9,False,5.8,False,61.9,True,16.8,False,45.0
45,0.75,0.3,41.7,2.92,-5.0,False,,False,53.1,False,4.1,False,44.8,False,4.6,False,33.6
45,0.775,0.3,43.9,1.433,1.8,False,,False,53.2,True,70.5,False,62.3,False,2.8,False,23.3
45,0.8,9.5,40.1,0.697,5.5,True,OVERPRESSURE,False,55.7,False,48.8,False,62.6,False,2.1,False,29.4
45,0.825,8.4,43.7,0.319,11.2,True,OVERPRESSURE,False,39.0,False,23.6,False,15.9,False,2.0,False,18.3
45,0.85,10.9,42.2,0.469,12.0,True,OVERPRESSURE,False,31.8,True,100.0,False,0.0,False,1.9,False,19.6
45,0.875,9.2,42.0,0.224,13.6,True,OVERPRESSURE,False,40.5,True,100.0,False,6.6,False,2.0,False,21.0
45,0.9,8.9,42.5,0.315,17.4,True,OVERPRESSURE,False,32.4,True,100.0,False,15.6,False,2.1,False,22.3
45,0.925,12.9,40.5,0.434,15.7,True,OVERPRESSURE,False,45.4,True,100.0,False,42.4,False,2.0,False,27.5
45,0.95,0.0,41.3,0.112,21.4,True,,False,40.4,False,45.8,False,70.4,False,2.5,False,25.0
46,0.975,0.0,43.3,0.337,17.7,False,,False,29.1,False,7.8,False,64.0,False,2.6,False,26.4
46,0.0,0.2,41.7,0.489,19.0,False,,False,48.9,False,7.8,False,62.1,False,0.8,False,26.4
46,0.025,17.1,41.9,0.336,18.5,False,,False,49.0,False,31.1,False,40.9,False,0.5,False,25.0
46,0.05,30.8,46.0,0.211,20.4,False,,False,46.5,False,42.5,False,64.0,False,0.3,False,23.7
46,0.075,43.0,45.6,0.435,17.6,False,,False,38.5,False,27.5,False,49.1,False,0.2,False,22.3
46,0.1,53.2,44.9,0.448,18.8,False,,False,34.8,False,19.8,False,40.6,False,0.1,False,21.0
46,0.125,62.0,45.2,0.274,20.4,False,,False,27.8,False,8.9,False,45.6,False,0.1,False,19.6
46,0.15,69.0,44.8,0.435,21.9,False,,False,28.5,False,18.5,False,59.3,False,0.0,False,18.3
46,0.175,73.8,49.2,0.49,20.8,False,,False,23.9,False,30.2,False,64.8,False,0.0,False,16.9
46,0.2,79.9,49.0,0.476,21.8,False,,False,16.4,False,7.8,False,52.6,False,0.0,False,15.6
46,0.225,83.3,46.4,0.349,18.7,False,,False,29.4,False,44.6,False,51.0,False,0.0,False,14.2
46,0.25,87.6,47.0,0.483,22.6,False,,False,12.2,False,4.0,False,43.7,False,0.0,False,12.9
46,0.275,90.8,49.0,0.369,20.2,False,,False,10.4,False,9.3,False,34.6,False,0.0,False,13.2
46,0.3,92.7,48.1,0.355,22.3,False,,False,5.3,False,3.9,False,27.8,False,0.0,False,11.4
46,0.325,95.1,48.6,0.378,20.1,False,,False,6.4,False,10.6,False,24.3,False,0.0,False,12.2
46,0.35,95.8,48.6,0.493,24.1,False,,False,14.2,False,17.7,False,25.4,False,0.0,False,12.5
46,0.375,97.9,51.1,0.367,22.7,False,,False,20.1,False,30.6,False,52.7,False,0.0,False,23.2
46,0.4,100.0,48.1,0.297,22.4,False,,False,6.8,False,7.0,False,21.5,False,0.0,False,14.0
46,0.425,101.5,47.8,0.417,20.1,False,,False,10.1,False,23.4,False,26.6,False,0.0,False,14.5
46,0.45,102.2,48.7,0.365,21.5,False,,False,0.0,False,7.9,False,14.7,False,0.0,False,14.7
46,0.475,102.2,49.4,0.308,25.2,False,,False,19.9,False,20.7,False,27.5,False,0.0,False,15.1
46,0.5,104.1,48.7,0.236,22.3,False,,False,9.4,False,4.3,False,19.3,False,0.0,False,15.4
46,0.525,102.8,48.9,0.345,22.9,False,,False,1.2,False,3.9,False,17.0,False,0.0,False,15.0
46,0.55,103.2,49.6,0.505,22.5,False,,False,3.1,False,6.9,False,19.7,False,0.0,False,16.0
46,0.575,102.5,49.6,0.283,21.2,False,,False,6.5,False,6.7,False,21.2,False,0.0,False,16.0
46,0.6,104.3,47.1,0.383,21.5,False,,False,14.7,False,34.3,False,58.5,False,0.0,False,15.5
46,0.625,104.4,48.2,0.375,20.6,False,,False,10.2,False,20.4,False,43.0,False,0.0,False,15.5
46,0.65,104.7,47.3,0.465,25.4,False,,False,36.0,False,43.1,True,84.9,False,0.0,False,15.6
46,0.675,104.9,50.2,0.52,20.6,False,,False,22.5,False,27.0,False,59.5,False,0.0,False,18.9
46,0.7,105.1,47.9,18.433,-24.3,False,,True,97.4,False,51.3,True,86.8,True,99.8,True,90.8
46,0.725,0.0,41.1,7.013,-13.3,False,,True,71.9,False,7.1,False,71.5,True,16.3,False,46.2
46,0.75,0.6,42.9,2.604,-4.1,False,,False,57.6,False,4.4,False,50.7,False,4.1,False,32.2
46,0.775,0.0,40.0,1.316,3.6,False,,False,47.8,False,24.5,False,63.0,False,2.7,False,29.9
46,0.8,0.0,42.8,0.763,6.9,False,,False,28.7,False,31.8,False,19.5,False,2.4,False,21.3
46,0.825,0.0,41.3,0.571,11.8,False,,False,21.9,False,12.6,False,0.9,False,2.3,False,23.6
46,0.85,0.2,42.9,0.409,13.0,False,,False,18.0,False,11.0,False,6.6,False,2.3,False,21.2
46,0.875,0.5,41.9,0.348,13.8,False,,False,20.9,False,2.0,False,7.6,False,2.3,False,21.1
46,0.9,0.1,43.0,0.417,16.5,False,,False,19.3,False,8.8,False,23.2,False,2.4,False,22.3
46,0.925,9.2,43.4,0.48,14.9,True,OVERPRESSURE,False,44.1,True,97.5,False,30.2,False,2.1,False,23.7
46,0.95,9.2,40.2,0.429,18.3,True,OVERPRESSURE,False,47.3,True,53.0,False,64.9,False,2.2,False,28.9
47,0.975,10.2,43.9,0.263,17.6,True,OVERPRESSURE,False,47.9,True,71.7,False,69.6,False,2.2,False,26.4
47,0.0,11.7,43.5,0.2,18.6,True,OVERPRESSURE,False,58.0,False,27.3,False,53.0,False,0.6,False,26.4
47,0.025,26.0,42.3,0.347,22.1,True,OVERPRESSURE,False,45.1,True,55.5,False,47.3,False,0.4,False,25.0
47,0.05,38.4,46.6,0.33,21.0,True,OVERPRESSURE,False,35.1,False,17.7,True,74.6,False,0.2,False,23.7
47,0.075,52.5,44.9,0.325,21.0,True,OVERPRESSURE,False,26.6,False,17.8,False,49.5,False,0.1,False,22.3
47,0.1,65.4,45.2,0.438,22.8,True,OVERPRESSURE,False,28.7,False,24.2,False,69.3,False,0.0,False,21.0
47,0.125,68.8,45.9,0.257,20.9,True,OVERPRESSURE,False,23.4,False,9.5,False,57.1,False,0.0,False,19.6
47,0.15,80.0,47.5,0.377,21.4,True,OVERPRESSURE,False,9.9,False,25.3,False,64.9,False,0.0,False,18.3
47,0.175,73.6,46.7,0.456,21.8,True,,False,13.2,False,3.8,False,42.8,False,0.0,False,16.9
47,0.2,79.9,46.8,0.451,22.1,False,,False,12.0,False,5.0,False,45.2,False,0.0,False,15.6
47,0.225,84.7,48.2,0.208,21.5,False,,False,18.9,False,4.4,False,40.1,False,0.0,False,14.2
47,0.25,88.3,49.0,0.392,21.0,False,,False,8.6,False,7.0,False,39.5,False,0.0,False,13.2
47,0.275,89.6,46.5,0.295,21.9,False,,False,18.7,False,8.3,False,47.2,False,0.0,False,11.5
47,0.3,92.7,50.3,0.545,20.2,False,,False,28.8,False,27.9,False,48.9,False,0.0,False,19.4
47,0.325,96.0,49.5,0.462,20.6,False,,False,7.7,False,13.0,False,29.9,False,0.0,False,15.6
47,0.35,96.5,48.7,0.378,24.5,False,,False,11.8,False,25.0,False,29.2,False,0.0,False,12.7
47,0.375,97.5,47.4,0.368,21.8,False,,False,8.8,False,16.8,False,28.1,False,0.0,False,13.1
47,0.4,99.2,48.7,0.439,21.1,False,,False,1.9,False,8.1,False,13.8,False,0.0,False,13.7
47,0.425,100.8,48.3,0.5,22.9,False,,False,7.5,False,3.3,False,19.2,False,0.0,False,14.3
47,0.45,101.9,48.8,0.493,23.1,False,,False,5.3,False,9.8,False,16.5,False,0.0,False,14.6
47,0.475,102.4,48.2,0.225,19.6,False,,False,17.2,False,19.0,False,22.6,False,0.0,False,14.8
47,0.5,103.3,48.4,0.515,20.5,False,,False,9.5,False,8.2,False,19.7,False,0.0,False,15.1
47,0.525,103.5,48.1,0.549,20.6,False,,False,15.9,False,20.8,False,25.0,False,0.0,False,15.2
47,0.55,104.0,50.4,0.419,21.4,False,,False,7.3,False,6.4,False,29.9,False,0.0,False,19.9
47,0.575,104.3,47.9,0.375,21.3,False,,False,6.2,False,11.5,False,35.9,False,0.0,False,15.5
47,0.6,104.5,48.6,0.503,23.5,False,,False,11.4,False,10.3,False,36.4,False,0.0,False,15.6
47,0.625,105.6,49.1,0.163,22.8,False,,False,23.7,False,5.6,False,40.3,False,0.0,False,15.9
47,0.65,104.9,48.8,0.406,18.5,False,,False,20.5,False,23.2,False,54.3,False,0.0,False,15.7
47,0.675,104.9,49.3,0.493,23.3,False,,False,14.2,False,8.6,False,54.9,False,0.0,False,15.7
47,0.7,104.9,48.9,18.413,-26.0,False,,True,93.0,False,2.9,False,68.3,True,99.8,True,90.7
47,0.725,0.0,43.0,6.99,-14.4,False,,True,73.3,False,9.9,False,70.7,True,16.3,False,47.9
47,0.75,0.0,43.7,2.732,-5.3,False,,False,61.8,False,33.9,False,71.0,False,4.4,False,34.1
47,0.775,0.4,40.2,1.166,1.7,False,,False,50.8,False,19.5,True,76.1,False,2.6,False,28.9
47,0.8,0.0,42.3,0.748,7.7,False,,False,23.7,False,4.2,False,10.1,False,2.3,False,21.3
47,0.825,0.1,43.2,0.26,8.2,False,,False,29.5,False,33.1,False,34.6,False,2.4,False,21.2
47,0.85,0.0,42.4,0.383,12.0,False,,False,14.0,False,7.6,False,5.8,False,2.3,False,21.3
47,0.875,0.2,90.5,0.388,15.6,True,THERMAL,False,53.4,True,100.0,True,100.0,True,9.3,True,100.0
47,0.9,0.8,80.7,0.597,17.0,True,THERMAL,False,69.1,True,100.0,True,100.0,True,6.8,True,100.0
47,0.925,0.3,77.6,0.589,18.4,True,THERMAL,False,65.4,True,100.0,True,100.0,True,6.2,True,100.0
47,0.95,0.5,83.8,0.392,19.8,True,THERMAL,False,57.6,True,100.0,True,100.0,True,7.7,True,100.0
48,0.975,0.3,70.7,0.337,21.3,True,THERMAL,False,60.7,True,100.0,True,100.0,False,5.0,True,100.0
48,0.0,0.0,40.8,0.284,17.6,True,,False,56.2,False,25.9,True,80.4,False,0.8,False,26.4
48,0.025,17.1,41.9,0.363,18.9,False,,False,46.1,False,26.7,False,40.2,False,0.5,False,25.0
48,0.05,30.7,45.8,0.212,24.6,False,,False,60.6,True,94.3,True,79.9,False,0.3,False,23.7
48,0.075,43.1,44.5,0.456,23.1,False,,False,38.1,False,17.7,False,44.1,False,0.2,False,22.3
48,0.1,53.0,45.0,0.354,19.9,False,,False,27.4,False,12.5,False,38.9,False,0.1,False,21.0
48,0.125,61.1,45.2,0.477,21.1,False,,False,24.3,False,9.1,False,43.9,False,0.1,False,19.6
48,0.15,69.2,46.6,0.423,23.2,False,,False,20.8,False,12.8,False,51.6,False,0.0,False,18.3
48,0.175,75.3,46.4,0.18,22.8,False,,False,34.8,False,14.1,False,51.9,False,0.0,False,16.9
48,0.2,79.5,47.9,0.275,21.7,False,,False,12.5,False,5.4,False,41.8,False,0.0,False,15.6
48,0.225,83.7,48.9,0.505,19.2,False,,False,22.6,False,27.0,False,47.5,False,0.0,False,14.2
48,0.25,87.0,49.1,0.489,18.7,False,,False,25.0,True,53.7,False,45.9,False,0.0,False,13.6
48,0.275,89.8,47.5,0.5,21.2,False,,False,11.0,False,7.9,False,32.3,False,0.0,False,11.5
48,0.3,92.8,49.2,0.373,19.6,False,,False,10.4,False,21.8,False,32.4,False,0.0,False,14.1
48,0.325,93.6,50.3,0.167,22.7,False,,False,31.0,False,15.8,False,41.1,False,0.0,False,19.4
48,0.35,96.2,48.8,0.401,23.2,False,,False,4.4,False,9.4,False,21.4,False,0.0,False,12.6
48,0.375,97.8,48.5,0.532,20.6,False,,False,11.8,False,9.3,False,16.8,False,0.0,False,13.2
48,0.4,99.8,48.0,0.349,19.9,False,,False,9.3,False,25.0,False,23.0,False,0.0,False,13.9
48,0.425,100.4,49.4,0.517,22.2,False,,False,4.0,False,4.0,False,13.9,False,0.0,False,15.1
48,0.45,100.6,49.0,0.423,19.6,False,,False,7.2,False,15.8,False,13.9,False,0.0,False,14.2
48,0.475,101.4,49.7,0.483,23.4,False,,False,5.2,False,8.7,False,16.7,False,0.0,False,16.5
48,0.5,103.1,50.3,0.229,21.8,False,,False,11.9,False,4.3,False,24.1,False,0.0,False,19.4
48,0.525,102.9,48.1,0.545,22.1,False,,False,11.0,False,6.0,False,23.3,False,0.0,False,15.0
48,0.55,104.5,48.8,0.446,24.2,False,,False,11.1,False,26.4,False,29.8,False,0.0,False,15.6
48,0.575,103.7,50.1,0.254,24.3,False,,False,20.3,False,15.5,False,35.7,False,0.0,False,18.4
48,0.6,103.3,48.6,0.214,22.1,False,,False,12.2,False,7.9,False,29.9,False,0.0,False,15.1
48,0.625,104.7,49.2,0.336,23.1,False,,False,5.5,False,2.8,False,38.1,False,0.0,False,15.6
48,0.65,104.8,49.0,0.121,22.5,False,,False,21.7,False,10.3,False,45.7,False,0.0,False,15.7
48,0.675,105.3,49.1,0.448,22.4,False,,False,9.5,False,12.3,False,53.6,False,0.0,False,15.8
48,0.7,105.7,49.9,18.308,-26.7,False,,True,100.0,False,22.5,False,72.1,True,98.8,True,90.2
48,0.725,0.3,41.4,7.076,-15.2,False,,True,75.3,False,12.8,True,78.8,True,16.7,False,49.1
48,0.75,0.0,43.4,2.789,-4.9,False,,False,56.8,False,15.6,False,59.5,False,4.4,False,33.5
48,0.775,0.0,41.4,1.213,0.5,False,,False,41.0,False,25.4,False,59.6,False,2.7,False,25.2
48,0.8,0.0,42.6,0.632,-11.5,True,UNDERCOOLING,False,51.9,True,100.0,True,100.0,False,3.3,False,43.5
48,0.825,0.3,42.0,0.464,-1.3,True,UNDERCOOLING,False,36.6,True,100.0,True,100.0,False,2.7,False,28.0
48,0.85,0.0,40.0,0.484,-3.9,True,UNDERCOOLING,False,52.7,True,100.0,True,100.0,False,2.9,False,31.9
48,0.875,0.0,41.2,0.305,-1.1,True,UNDERCOOLING,False,44.3,True,100.0,True,100.0,False,2.8,False,27.7
48,0.9,0.1,41.1,0.48,-1.5,True,UNDERCOOLING,False,46.4,True,100.0,True,100.0,False,2.9,False,28.3
48,0.925,0.0,42.2,0.243,1.3,True,UNDERCOOLING,False,46.7,True,100.0,True,100.0,False,2.8,False,24.0
48,0.95,0.0,40.6,0.55,19.7,True,,False,36.5,False,24.3,False,63.2,False,2.5,False,27.0
49,0.975,0.0,43.2,0.343,19.7,False,,False,31.1,False,15.1,False,71.9,False,2.6,False,26.4
49,0.0,0.0,43.4,0.39,19.0,False,,False,47.0,False,21.7,False,66.7,False,0.8,False,26.4
49,0.025,16.4,44.5,0.454,20.2,False,,False,36.9,False,16.9,False,51.4,False,0.5,False,25.0
49,0.05,30.8,44.0,0.312,21.4,False,,False,33.2,False,1.3,False,33.7,False,0.3,False,23.7
49,0.075,42.4,45.0,0.376,22.3,False,,False,30.0,False,13.5,False,41.5,False,0.2,False,22.3
49,0.1,53.5,46.1,0.122,17.9,False,,False,55.5,False,38.9,False,52.5,False,0.1,False,21.0
49,0.125,61.4,45.6,0.416,22.7,False,,False,23.8,False,12.6,False,48.4,False,0.1,False,19.6
49,0.15,67.9,46.8,0.38,20.0,False,,False,17.4,False,3.0,False,43.7,False,0.0,False,18.3
49,0.175,75.1,48.3,0.39,20.5,False,,False,13.3,False,6.8,False,50.8,False,0.0,False,16.9
49,0.2,81.0,45.9,0.389,21.3,False,,False,17.8,False,12.1,False,56.8,False,0.0,False,15.6
49,0.225,84.9,47.6,0.478,22.3,False,,False,10.8,False,3.6,False,41.4,False,0.0,False,14.2
49,0.25,87.7,49.9,0.255,18.7,False,,False,31.7,False,50.3,False,60.9,False,0.0,False,17.5
49,0.275,90.5,48.7,0.347,21.1,False,,False,6.2,False,4.1,False,30.9,False,0.0,False,11.7
49,0.3,94.0,49.0,0.387,19.8,False,,False,8.9,False,16.4,False,32.4,False,0.0,False,13.2
49,0.325,95.0,49.2,0.232,22.5,False,,False,11.7,False,9.6,False,26.1,False,0.0,False,14.1
49,0.35,97.2,48.3,0.221,19.5,False,,False,20.1,False,17.3,False,25.8,False,0.0,False,13.0
49,0.375,98.3,47.8,0.302,23.4,False,,False,10.5,False,11.4,False,28.8,False,0.0,False,13.4
49,0.4,99.5,48.7,0.192,24.3,False,,False,25.3,False,21.9,False,24.2,False,0.0,False,13.8
49,0.425,99.3,48.0,0.448,22.1,False,,False,4.7,False,5.2,False,16.6,False,0.0,False,13.7
49,0.45,100.5,50.3,0.451,21.0,False,,False,7.9,False,9.0,False,22.0,False,0.0,False,19.4
49,0.475,103.1,49.5,0.243,21.7,False,,False,7.5,False,4.1,False,15.7,False,0.0,False,15.6
49,0.5,103.8,49.3,0.382,23.5,False,,False,2.6,False,6.8,False,19.9,False,0.0,False,15.3
49,0.525,102.6,49.6,0.211,23.5,False,,False,14.6,False,20.0,False,19.7,False,0.0,False,16.0
49,0.55,104.0,50.9,0.261,22.4,False,,False,19.5,False,21.0,False,41.3,False,0.0,False,22.2
49,0.575,103.6,48.2,0.32,23.5,False,,False,7.9,False,12.0,False,34.1,False,0.0,False,15.2
49,0.6,104.8,48.0,0.339,23.2,False,,False,10.9,False,14.3,False,44.1,False,0.0,False,15.7
49,0.625,104.1,49.3,0.4,21.9,False,,False,2.8,False,3.4,False,34.3,False,0.0,False,15.4
49,0.65,105.1,49.8,0.515,21.7,False,,False,11.9,False,1.3,False,45.9,False,0.0,False,17.0
49,0.675,105.0,48.6,0.239,21.6,False,,False,18.1,False,9.7,False,55.5,False,0.0,False,15.7
49,0.7,103.4,48.3,18.51,-27.5,False,,True,100.0,False,36.8,True,80.6,True,100.0,True,91.2
49,0.725,0.0,39.9,6.906,-12.0,False,,True,81.5,True,100.0,True,100.0,True,15.8,False,44.3
49,0.75,0.2,41.1,2.895,-3.9,False,,False,54.7,False,4.0,False,47.7,False,4.5,False,31.9
49,0.775,0.4,41.3,1.135,3.0,False,,False,41.6,False,8.2,False,40.2,False,2.6,False,23.6
49,0.8,0.0,41.5,0.849,7.8,False,,False,30.4,False,10.8,False,9.9,False,2.4,False,22.7
49,0.825,0.3,41.5,0.485,10.8,False,,False,19.0,False,10.8,False,4.3,False,2.3,False,22.7
49,0.85,0.2,41.7,0.426,12.6,False,,False,14.6,False,5.2,False,2.8,False,2.3,False,21.7
49,0.875,0.5,42.3,0.462,16.3,False,,False,18.4,False,5.3,False,6.7,False,2.3,False,21.1
49,0.9,0.3,43.7,0.384,-0.8,True,UNDERCOOLING,False,52.6,True,100.0,True,100.0,False,2.9,False,27.2
49,0.925,0.5,42.6,0.454,-2.2,True,UNDERCOOLING,False,48.4,True,100.0,True,100.0,False,3.0,False,29.4
49,0.95,0.0,41.7,0.441,2.3,True,UNDERCOOLING,False,42.1,True,100.0,True,100.0,False,2.8,False,25.0
50,0.975,0.0,41.4,0.35,7.3,True,UNDERCOOLING,False,40.7,True,100.0,True,81.7,False,2.7,False,26.4
50,0.0,0.0,42.6,0.503,7.6,True,UNDERCOOLING,False,55.0,True,100.0,True,100.0,False,1.0,False,26.4
50,0.025,17.1,43.6,0.59,7.5,True,UNDERCOOLING,False,60.3,True,100.0,True,100.0,False,0.7,False,25.0
50,0.05,30.9,43.0,0.465,6.6,True,UNDERCOOLING,False,55.3,True,100.0,True,100.0,False,0.5,False,23.7
50,0.075,42.5,46.1,0.459,2.7,True,UNDERCOOLING,False,57.3,True,100.0,True,100.0,False,0.6,False,22.3
50,0.1,52.7,44.3,0.501,7.1,True,UNDERCOOLING,False,55.1,True,100.0,True,100.0,False,0.3,False,21.0
50,0.125,61.1,47.7,0.456,20.9,True,,False,20.8,False,25.4,False,58.0,False,0.1,False,19.6
50,0.15,68.6,47.6,0.436,18.9,False,,False,25.6,False,22.3,False,52.9,False,0.0,False,18.3
50,0.175,74.9,47.5,0.329,20.4,False,,False,13.9,False,4.1,False,44.5,False,0.0,False,16.9
50,0.2,79.2,46.8,0.48,21.1,False,,False,14.3,False,4.5,False,42.0,False,0.0,False,15.6
50,0.225,84.1,47.1,0.483,23.0,False,,False,14.8,False,9.6,False,45.2,False,0.0,False,14.2
50,0.25,86.1,49.2,0.329,20.6,False,,False,12.7,False,14.6,False,39.4,False,0.0,False,14.1
50,0.275,91.1,48.3,0.217,21.2,False,,False,15.6,False,3.8,False,31.8,False,0.0,False,11.5
50,0.3,92.4,48.4,0.561,21.9,False,,False,14.5,False,6.4,False,25.6,False,0.0,False,11.3
50,0.325,95.0,48.7,0.26,22.5,False,,False,8.3,False,5.0,False,24.1,False,0.0,False,12.2
50,0.35,96.5,49.2,0.23,23.2,False,,False,13.0,False,17.1,False,23.6,False,0.0,False,14.1
50,0.375,98.1,47.8,0.443,24.7,False,,False,17.4,False,28.8,False,35.9,False,0.0,False,13.3
50,0.4,99.1,50.1,0.484,23.3,False,,False,11.0,False,16.9,False,26.3,False,0.0,False,18.4
50,0.425,101.0,49.9,0.43,21.0,False,,False,3.5,False,10.6,False,19.6,False,0.0,False,17.5
50,0.45,102.1,48.6,0.264,24.9,False,,False,21.3,False,28.3,False,28.5,False,0.0,False,14.7
50,0.475,102.3,49.9,0.351,19.8,False,,False,6.8,False,21.4,False,20.8,False,0.0,False,17.5
50,0.5,103.4,49.1,0.394,21.9,False,,False,0.0,False,5.2,False,14.9,False,0.0,False,15.2
50,0.525,104.2,48.7,0.245,22.5,False,,False,9.6,False,8.0,False,21.0,False,0.0,False,15.4
50,0.55,103.9,48.8,0.522,23.6,False,,False,11.8,False,12.7,False,25.3,False,0.0,False,15.3
50,0.575,105.5,50.5,0.172,22.7,False,,False,26.9,False,14.5,False,39.5,False,0.0,False,20.3
50,0.6,106.3,49.4,0.497,24.0,False,,False,17.7,False,11.7,False,39.4,False,0.0,False,16.2
50,0.625,105.1,48.7,0.159,23.3,False,,False,24.6,False,13.7,False,43.0,False,0.0,False,15.8
50,0.65,104.7,49.2,0.258,23.7,False,,False,16.0,False,4.8,False,47.9,False,0.0,False,15.6
50,0.675,105.3,47.9,0.462,6.8,True,UNDERCOOLING,False,42.8,True,100.0,True,100.0,False,0.3,False,15.8
50,0.7,103.6,49.8,18.572,-38.7,True,UNDERCOOLING,True,100.0,True,100.0,True,100.0,True,100.0,True,91.6
50,0.725,0.0,39.3,7.005,-24.1,True,UNDERCOOLING,True,90.4,True,100.0,True,100.0,True,17.4,True,62.7
50,0.75,0.0,40.2,2.824,-18.6,True,UNDERCOOLING,True,73.7,True,100.0,True,100.0,True,5.6,True,54.3
50,0.775,0.2,41.5,1.438,-10.6,True,UNDERCOOLING,False,56.5,True,100.0,True,100.0,False,3.5,False,42.1
50,0.8,0.0,42.8,0.679,-3.6,True,UNDERCOOLING,False,40.5,True,100.0,True,100.0,False,2.8,False,31.5
50,0.825,0.0,43.3,0.421,9.9,True,,False,23.4,False,10.5,False,20.1,False,2.3,False,21.3
50,0.85,0.0,39.7,0.304,13.4,False,,False,33.8,True,69.1,False,48.7,False,2.3,False,31.3
50,0.875,0.0,44.0,0.455,12.8,False,,False,27.7,False,21.1,False,37.8,False,2.4,False,21.3
50,0.9,0.0,40.7,0.439,17.5,False,,False,20.6,False,9.4,False,33.1,False,2.4,False,26.5
50,0.925,0.0,43.6,0.399,20.2,False,,False,27.0,False,33.4,False,61.8,False,2.4,False,23.7
50,0.95,0.5,42.2,0.387,19.0,False,,False,22.8,False,3.0,False,45.1,False,2.5,False,25.0
51,0.975,0.2,41.4,0.234,18.8,False,,False,35.3,False,7.4,False,58.6,False,2.6,False,26.4
51,0.0,0.1,40.0,0.421,20.9,False,,False,56.4,False,35.5,True,100.0,False,0.8,False,29.9
51,0.025,17.2,42.4,0.479,20.6,False,,False,41.7,False,5.0,False,36.4,False,0.5,False,25.0
51,0.05,31.3,44.6,0.326,19.9,False,,False,33.8,False,1.4,False,36.7,False,0.3,False,23.7
51,0.075,42.8,45.0,0.445,22.2,False,,False,29.3,False,12.7,False,41.2,False,0.2,False,22.3
51,0.1,53.2,45.2,0.459,22.2,False,,False,25.6,False,15.2,False,43.5,False,0.1,False,21.0
51,0.125,61.1,47.3,0.541,18.8,False,,False,36.9,False,32.1,False,55.6,False,0.1,False,19.6
51,0.15,69.3,47.2,0.288,19.3,False,,False,25.2,False,12.2,False,49.4,False,0.0,False,18.3
51,0.175,74.4,47.3,0.277,24.1,False,,False,27.9,False,23.3,False,54.2,False,0.0,False,16.9
51,0.2,79.4,46.6,0.38,21.4,False,,False,12.2,False,5.3,False,44.3,False,0.0,False,15.6
51,0.225,84.4,48.0,0.418,17.8,False,,False,22.8,False,37.6,False,49.8,False,0.0,False,14.2
51,0.25,87.1,46.6,0.418,23.3,False,,False,15.2,False,12.2,False,51.0,False,0.0,False,12.9
51,0.275,91.4,48.8,0.366,20.6,False,,False,7.3,False,6.8,False,33.5,False,0.0,False,12.2
51,0.3,93.0,48.4,0.453,22.8,False,,False,4.6,False,6.1,False,28.7,False,0.0,False,11.5
51,0.325,94.7,49.6,0.384,21.2,False,,False,6.0,False,5.2,False,28.0,False,0.0,False,16.0
51,0.35,95.0,49.5,0.315,24.6,False,,False,18.2,False,23.3,False,30.5,False,0.0,False,15.6
51,0.375,98.2,49.1,0.341,25.5,False,,False,22.5,False,37.4,False,34.6,False,0.0,False,13.6
51,0.4,98.9,49.5,0.323,22.4,False,,False,3.1,False,4.9,False,16.0,False,0.0,False,15.6
51,0.425,100.1,49.2,0.388,22.6,False,,False,0.1,False,3.0,False,13.1,False,0.0,False,14.1
51,0.45,101.8,48.0,0.448,22.8,False,,False,5.8,False,6.6,False,22.9,False,0.0,False,14.6
51,0.475,101.4,50.0,0.27,21.3,False,,False,8.4,False,11.8,False,16.8,False,0.0,False,17.9
51,0.5,102.0,49.0,0.33,23.4,False,,False,3.1,False,4.5,False,15.6,False,0.0,False,14.7
51,0.525,104.5,49.3,0.496,22.2,False,,False,3.8,False,5.9,False,18.9,False,0.0,False,15.6
51,0.55,103.6,51.0,0.427,19.4,False,,False,22.1,False,49.5,False,48.8,False,0.0,False,22.7
51,0.575,104.6,49.1,0.344,24.3,False,,False,10.7,False,19.1,False,32.7,False,0.0,False,15.6
51,0.6,105.2,49.5,0.335,20.4,False,,False,7.1,False,12.0,False,32.8,False,0.0,False,15.8
51,0.625,105.4,49.1,0.388,21.9,False,,False,4.9,False,3.4,False,37.5,False,0.0,False,15.9
51,0.65,104.5,50.6,0.558,18.3,False,,False,39.6,True,71.8,False,68.3,False,0.0,False,20.8
51,0.675,104.1,47.8,0.466,23.3,False,,False,19.5,False,10.3,False,67.4,False,0.0,False,15.4
51,0.7,105.4,48.2,18.487,-25.3,False,,True,98.2,False,27.1,True,78.4,True,100.0,True,91.1
51,0.725,0.0,42.1,28.275,-14.4,True,FLOW_SPIKE,True,82.6,True,100.0,True,100.0,True,100.0,True,100.0
51,0.75,0.0,41.5,14.469,-1.8,True,FLOW_SPIKE,True,74.1,True,100.0,True,100.0,True,61.5,True,70.0
51,0.775,0.0,43.7,11.171,2.2,True,FLOW_SPIKE,True,76.8,True,100.0,True,100.0,True,36.9,True,52.8
51,0.8,0.1,43.7,13.553,5.8,True,FLOW_SPIKE,True,78.4,True,100.0,True,100.0,True,53.8,True,65.2
51,0.825,0.0,42.6,14.847,10.5,True,FLOW_SPIKE,True,72.4,True,100.0,True,100.0,True,64.3,True,72.0
51,0.85,0.0,41.8,19.37,10.8,True,FLOW_SPIKE,True,74.9,True,100.0,True,100.0,True,100.0,True,95.7
51,0.875,0.4,41.7,0.493,13.8,True,,False,22.3,False,2.8,False,5.9,False,2.3,False,21.7
51,0.9,0.3,40.6,0.343,17.2,False,,False,26.4,False,10.2,False,35.2,False,2.4,False,27.0
51,0.925,0.0,41.6,0.543,16.7,False,,False,22.2,False,0.3,False,25.2,False,2.4,False,23.7
51,0.95,0.0,42.5,0.416,20.9,False,,False,26.8,False,30.7,False,60.8,False,2.5,False,25.0
52,0.975,0.0,41.5,0.191,19.1,False,,False,36.1,False,7.0,False,60.3,False,2.6,False,26.4
52,0.0,0.0,42.3,0.204,21.0,False,,False,54.1,False,0.0,False,62.8,False,0.8,False,26.4
52,0.025,17.6,44.0,0.259,20.4,False,,False,40.5,False,5.5,False,43.0,False,0.5,False,25.0
52,0.05,30.7,43.6,0.27,21.0,False,,False,36.7,False,8.4,False,31.1,False,0.3,False,23.7
52,0.075,43.3,45.5,0.378,19.6,False,,False,28.0,False,5.1,False,42.1,False,0.2,False,22.3
52,0.1,52.5,46.1,0.359,22.9,False,,False,28.8,False,13.0,False,50.8,False,0.1,False,21.0
52,0.125,62.0,46.8,0.493,24.0,False,,False,33.3,False,22.1,False,59.6,False,0.1,False,19.6
52,0.15,68.2,47.0,0.32,23.2,False,,False,23.6,False,14.9,False,51.1,False,0.0,False,18.3
52,0.175,74.4,46.6,0.341,18.9,False,,False,24.2,False,21.4,False,47.0,False,0.0,False,16.9
52,0.2,79.8,47.3,0.249,22.0,False,,False,16.7,False,5.3,False,42.7,False,0.0,False,15.6
52,0.225,83.4,48.1,0.364,19.3,False,,False,15.2,False,15.9,False,40.3,False,0.0,False,14.2
52,0.25,87.4,46.7,0.353,20.6,False,,False,13.7,False,8.9,False,44.5,False,0.0,False,12.9
52,0.275,90.3,48.9,0.417,22.4,False,,False,7.8,False,4.2,False,32.8,False,0.0,False,12.7
52,0.3,93.8,50.4,0.394,23.2,False,,False,19.4,False,23.0,False,53.5,False,0.0,False,19.9
52,0.325,95.6,46.2,0.562,21.8,False,,False,28.6,False,40.5,False,59.6,False,0.0,False,12.4
52,0.35,96.6,48.9,0.534,22.2,False,,False,8.2,False,5.1,False,19.6,False,0.0,False,12.8
52,0.375,98.3,48.2,0.405,19.8,False,,False,7.6,False,16.4,False,21.8,False,0.0,False,13.4
52,0.4,100.7,49.2,0.466,20.8,False,,False,3.0,False,6.6,False,17.8,False,0.0,False,14.2
52,0.425,101.1,48.8,0.331,21.6,False,,False,2.6,False,4.7,False,14.3,False,0.0,False,14.4
52,0.45,100.4,47.5,0.539,22.3,False,,False,14.6,False,20.1,False,26.5,False,0.0,False,14.1
52,0.475,103.0,47.9,0.366,21.9,False,,False,4.4,False,9.8,False,24.9,False,0.0,False,15.0
52,0.5,102.6,49.3,0.464,21.6,False,,False,0.0,False,3.0,False,13.0,False,0.0,False,14.9
52,0.525,84.2,49.1,0.336,20.9,True,PRESSURE_DROP,False,11.8,True,100.0,False,0.0,False,0.1,False,13.6
52,0.55,66.5,50.1,0.461,20.3,True,PRESSURE_DROP,False,29.2,True,100.0,False,18.3,False,0.2,False,18.4
52,0.575,81.8,47.0,0.268,21.6,True,PRESSURE_DROP,False,24.8,True,100.0,False,1.8,False,0.1,False,7.6
52,0.6,77.6,49.0,0.505,21.8,True,PRESSURE_DROP,False,20.5,True,100.0,False,0.0,False,0.1,False,13.2
52,0.625,85.6,49.0,0.43,20.5,True,PRESSURE_DROP,False,16.1,True,100.0,False,6.9,False,0.1,False,13.2
52,0.65,66.9,49.3,0.32,20.6,True,PRESSURE_DROP,False,26.8,True,100.0,False,22.4,False,0.3,False,14.6
52,0.675,104.5,47.0,0.338,20.5,True,,False,26.1,True,56.1,True,82.6,False,0.0,False,15.6
52,0.7,106.1,48.7,18.351,-25.9,False,,True,100.0,False,4.0,False,70.2,True,99.1,True,90.4
52,0.725,0.0,42.8,7.059,-14.4,False,,True,71.7,False,2.6,False,69.7,True,16.6,False,47.9
52,0.75,0.0,42.6,2.874,-3.6,False,,False,49.9,False,1.8,False,37.9,False,4.5,False,31.5
52,0.775,0.5,41.7,1.366,2.3,False,,False,41.1,False,9.7,False,35.6,False,2.7,False,22.5
52,0.8,0.1,41.8,0.503,7.0,False,,False,23.3,False,3.6,False,22.5,False,2.3,False,21.3
52,0.825,0.0,40.3,0.555,9.0,False,,False,33.5,False,22.4,False,36.9,False,2.3,False,28.4
52,0.85,0.0,41.3,0.718,13.0,False,,False,27.0,False,9.9,False,1.2,False,2.3,False,23.6
52,0.875,0.3,43.2,0.182,18.0,False,,False,31.8,False,31.5,False,26.0,False,2.3,False,21.2
52,0.9,0.1,42.6,0.505,16.8,False,,False,19.0,False,4.8,False,18.1,False,2.4,False,22.3
52,0.925,0.2,43.1,0.285,19.3,False,,False,28.2,False,15.5,False,47.2,False,2.4,False,23.7
52,0.95,0.2,40.5,0.251,19.0,False,,False,35.0,False,16.0,False,63.7,False,2.5,False,27.5
53,0.975,0.0,41.8,0.458,19.9,False,,False,26.6,False,12.2,False,61.0,False,2.6,False,26.4
53,0.0,0.0,41.4,0.341,18.6,False,,False,49.8,False,14.7,False,66.7,False,0.8,False,26.4
53,0.025,16.7,44.2,0.277,18.8,False,,False,44.8,False,14.1,False,46.7,False,0.5,False,25.0
53,0.05,31.1,44.7,0.394,17.7,False,,False,41.6,False,38.0,False,42.2,False,0.3,False,23.7
53,0.075,42.5,43.6,0.568,20.1,False,,False,43.9,False,8.9,False,33.5,False,0.2,False,22.3
53,0.1,54.2,44.8,0.351,21.2,False,,False,24.9,False,13.7,False,42.4,False,0.1,False,21.0
53,0.125,61.7,45.3,0.398,20.8,False,,False,20.5,False,8.3,False,44.3,False,0.1,False,19.6
53,0.15,67.3,47.1,0.523,20.2,False,,False,23.1,False,2.9,False,44.1,False,0.0,False,18.3
53,0.175,75.1,48.4,0.401,19.3,False,,False,21.2,False,23.7,False,54.9,False,0.0,False,16.9
53,0.2,79.8,46.8,0.415,19.7,False,,False,16.0,False,13.4,False,44.6,False,0.0,False,15.6
53,0.225,83.6,49.5,0.435,21.9,False,,False,14.7,False,15.2,False,52.6,False,0.0,False,15.6
53,0.25,87.9,48.9,0.431,20.3,False,,False,11.4,False,9.3,False,38.9,False,0.0,False,12.9
53,0.275,89.4,47.8,0.342,19.7,False,,False,10.6,False,16.9,False,31.5,False,0.0,False,11.5
53,0.3,93.8,46.7,0.442,23.8,False,,False,20.3,False,27.0,False,55.5,False,0.0,False,11.8
53,0.325,95.4,49.4,0.434,23.2,False,,False,6.9,False,9.1,False,30.2,False,0.0,False,15.1
53,0.35,96.9,49.1,0.349,22.1,False,,False,2.1,False,7.8,False,20.6,False,0.0,False,13.6
53,0.375,99.3,48.0,0.497,23.0,False,,False,11.5,False,5.4,False,27.0,False,0.0,False,13.7
53,0.4,100.1,50.8,0.559,24.1,False,,False,30.3,False,30.7,False,46.7,False,0.0,False,21.8
53,0.425,99.7,50.8,0.476,23.3,False,,False,17.5,False,18.8,False,37.7,False,0.0,False,21.8
53,0.45,100.0,49.0,0.355,20.2,False,,False,5.7,False,12.3,False,10.5,False,0.0,False,14.0
53,0.475,102.3,49.8,0.335,23.2,False,,False,3.4,False,8.5,False,18.6,False,0.0,False,17.0
53,0.5,101.7,49.9,0.351,23.7,False,,False,6.3,False,10.3,False,20.0,False,0.0,False,17.5
53,0.525,103.4,48.7,0.568,19.3,False,,False,22.2,False,33.6,False,22.9,False,0.0,False,15.2
53,0.55,103.5,51.0,0.432,20.3,False,,False,17.5,False,32.4,False,44.9,False,0.0,False,22.7
53,0.575,103.1,49.8,0.234,22.1,False,,False,9.8,False,5.3,False,24.1,False,0.0,False,17.0
53,0.6,104.0,48.4,0.308,23.6,False,,False,9.1,False,15.9,False,37.8,False,0.0,False,15.4
53,0.625,104.5,48.2,0.394,21.8,False,,False,6.9,False,12.7,False,42.8,False,0.0,False,15.6
53,0.65,104.7,48.4,0.387,20.7,False,,False,12.3,False,8.0,False,48.4,False,0.0,False,15.6
53,0.675,103.5,48.4,0.385,22.0,False,,False,12.6,False,10.4,False,53.6,False,0.0,False,15.2
53,0.7,104.1,51.1,18.392,-23.9,False,,True,100.0,True,89.1,True,100.0,True,99.3,True,90.6
53,0.725,0.0,41.2,7.068,-11.9,False,,True,71.5,False,9.2,False,66.3,True,16.4,False,44.1
53,0.75,0.0,41.6,2.766,-4.1,False,,False,50.6,False,0.5,False,44.6,False,4.4,False,32.2
53,0.775,0.0,43.7,1.052,0.1,False,,False,47.8,True,77.2,True,84.8,False,2.7,False,25.8
53,0.8,0.0,42.5,0.905,7.2,False,,False,31.0,False,10.3,False,11.2,False,2.4,False,21.3
53,0.825,0.0,41.4,0.237,13.2,False,,False,22.2,False,8.4,False,2.3,False,2.3,False,23.2
53,0.85,0.0,43.9,0.429,13.0,False,,False,23.5,False,15.9,False,27.0,False,2.3,False,21.3
53,0.875,0.0,41.7,0.402,17.8,False,,False,14.2,False,14.2,False,13.5,False,2.3,False,21.7
53,0.9,0.0,41.4,0.405,17.5,False,,False,16.0,False,9.0,False,22.3,False,2.4,False,23.2
53,0.925,0.0,40.7,0.347,14.5,False,,False,27.2,False,29.4,False,37.7,False,2.5,False,26.5
53,0.95,0.5,43.5,0.482,17.4,False,,False,33.0,False,6.2,False,53.6,False,2.5,False,25.0
54,0.975,0.3,40.9,0.434,18.5,False,,False,31.2,False,14.7,False,60.8,False,2.5,False,26.4
54,0.0,0.6,42.6,0.45,20.9,False,,False,45.1,False,0.0,False,60.7,False,0.8,False,26.4
54,0.025,16.4,44.0,0.406,20.3,False,,False,33.3,False,5.6,False,43.1,False,0.5,False,25.0
54,0.05,30.9,42.5,0.425,20.3,False,,False,37.6,False,36.8,False,34.3,False,0.3,False,23.7
54,0.075,43.8,44.5,0.433,21.0,False,,False,27.5,False,0.6,False,35.7,False,0.2,False,22.3
54,0.1,52.8,45.0,0.46,24.1,False,,False,40.9,False,44.3,False,54.6,False,0.1,False,21.0
54,0.125,62.0,46.5,0.413,22.4,False,,False,20.5,False,6.5,False,49.1,False,0.1,False,19.6
54,0.15,69.5,45.4,0.497,19.9,False,,False,28.9,False,18.7,False,51.2,False,0.0,False,18.3
54,0.175,76.0,46.5,0.468,22.5,False,,False,15.7,False,6.6,False,50.6,False,0.0,False,16.9
54,0.2,79.2,46.2,22.28,21.3,True,FLOW_SPIKE,False,68.2,True,100.0,True,100.0,True,100.0,True,100.0
54,0.225,84.1,47.6,17.327,18.5,True,FLOW_SPIKE,True,72.1,True,100.0,True,100.0,True,85.4,True,85.0
54,0.25,88.5,49.9,14.286,23.2,True,FLOW_SPIKE,True,69.8,True,100.0,True,100.0,True,57.5,True,69.1
54,0.275,91.2,50.0,21.297,20.8,True,FLOW_SPIKE,True,71.2,True,100.0,True,100.0,True,100.0,True,100.0
54,0.3,92.0,50.1,22.331,21.1,True,FLOW_SPIKE,False,69.5,True,100.0,True,100.0,True,100.0,True,100.0
54,0.325,95.4,48.2,13.234,18.4,True,FLOW_SPIKE,False,67.6,True,100.0,True,100.0,True,49.1,True,63.6
54,0.35,97.4,47.6,12.286,21.5,True,FLOW_SPIKE,False,62.6,True,100.0,True,100.0,True,42.1,True,58.6
54,0.375,98.3,47.5,0.373,21.7,True,,False,7.6,False,14.6,False,28.5,False,0.0,False,13.4
54,0.4,99.1,47.0,0.548,24.1,False,,False,30.4,False,46.6,False,46.2,False,0.0,False,13.7
54,0.425,101.0,49.0,0.336,21.0,False,,False,2.4,False,5.7,False,13.9,False,0.0,False,14.3
54,0.45,101.4,50.3,0.348,22.8,False,,False,7.7,False,12.8,False,24.5,False,0.0,False,19.4
54,0.475,102.6,46.8,0.397,22.5,False,,False,13.9,True,54.9,False,50.2,False,0.0,False,14.9
54,0.5,102.0,48.8,0.594,20.2,False,,False,19.4,False,13.3,False,14.4,False,0.0,False,14.7
54,0.525,104.6,49.8,0.367,24.3,False,,False,13.2,False,17.3,False,28.8,False,0.0,False,17.0
54,0.55,105.4,48.5,0.281,21.8,False,,False,9.6,False,2.9,False,27.2,False,0.0,False,15.9
54,0.575,104.0,49.0,0.287,23.0,False,,False,4.9,False,6.7,False,25.8,False,0.0,False,15.4
54,0.6,105.0,48.8,0.194,19.7,False,,False,23.6,False,13.5,False,36.0,False,0.0,False,15.7
54,0.625,106.1,49.4,0.468,20.6,False,,False,12.3,False,6.0,False,40.0,False,0.0,False,16.1
54,0.65,104.7,48.2,0.402,21.7,False,,False,10.5,False,9.4,False,50.4,False,0.0,False,15.6
54,0.675,104.5,47.1,0.375,20.7,False,,False,24.9,False,46.8,True,79.8,False,0.0,False,15.6
54,0.7,105.7,50.2,18.427,-25.4,False,,True,97.4,False,20.1,True,75.2,True,99.9,True,90.8
54,0.725,0.0,42.2,7.024,-11.2,False,,False,68.6,False,33.1,False,53.9,True,16.2,False,43.0
54,0.75,0.1,42.2,2.766,0.9,False,,False,48.6,True,100.0,False,17.4,False,4.1,False,24.6
54,0.775,0.0,41.3,1.25,1.0,False,,False,40.1,False,14.2,False,55.0,False,2.7,False,24.5
54,0.8,0.1,43.1,0.774,5.6,False,,False,33.6,False,44.9,False,33.9,False,2.4,False,21.2
54,0.825,0.6,43.8,0.376,12.6,False,,False,29.5,False,13.6,False,18.7,False,2.2,False,21.1
54,0.85,0.0,42.6,0.34,12.8,False,,False,14.9,False,9.0,False,5.5,False,2.3,False,21.3
54,0.875,0.5,42.5,0.41,14.2,False,,False,19.1,False,5.0,False,7.4,False,2.3,False,21.1
54,0.9,0.1,41.9,0.152,16.2,False,,False,24.8,False,6.4,False,19.9,False,2.4,False,22.3
54,0.925,0.2,43.0,0.436,18.3,False,,False,23.1,False,4.8,False,38.5,False,2.4,False,23.7
54,0.95,0.0,40.8,0.34,21.3,False,,False,34.0,False,41.4,True,73.8,False,2.5,False,26.0
55,0.975,0.6,41.1,0.452,16.3,False,,False,36.4,False,19.2,False,49.8,False,2.5,False,26.4
55,0.0,0.7,41.5,0.478,17.1,False,,False,55.3,False,31.0,False,68.2,False,0.8,False,26.4
55,0.025,16.7,43.5,0.274,21.7,False,,False,43.0,False,14.9,False,41.9,False,0.5,False,25.0
55,0.05,29.9,43.7,0.353,22.4,False,,False,39.4,False,24.2,False,36.3,False,0.3,False,23.7
55,0.075,43.2,44.5,0.629,19.2,False,,False,44.4,False,8.0,False,34.4,False,0.2,False,22.3
55,0.1,53.4,46.3,0.345,19.8,False,,False,25.3,False,16.5,False,47.2,False,0.1,False,21.0
55,0.125,61.4,47.6,0.444,20.8,False,,False,19.1,False,21.4,False,56.5,False,0.1,False,19.6
55,0.15,69.7,46.4,0.505,24.1,False,,False,31.5,False,31.6,False,58.4,False,0.0,False,18.3
55,0.175,74.9,47.7,0.242,21.0,False,,False,17.5,False,3.3,False,45.6,False,0.0,False,16.9
55,0.2,79.6,47.7,0.409,21.5,False,,False,7.5,False,3.6,False,40.8,False,0.0,False,15.6
55,0.225,83.9,46.9,0.39,22.9,False,,False,14.1,False,9.1,False,46.2,False,0.0,False,14.2
55,0.25,88.9,46.2,0.299,22.4,False,,False,21.3,False,16.4,False,60.0,False,0.0,False,12.9
55,0.275,90.5,47.6,0.379,23.8,False,,False,12.0,False,19.4,False,40.8,False,0.0,False,11.5
55,0.3,91.9,48.7,0.417,21.6,False,,False,2.6,False,3.6,False,24.3,False,0.0,False,11.7
55,0.325,94.6,48.1,0.349,23.6,False,,False,11.6,False,7.7,False,29.2,False,0.0,False,12.1
55,0.35,96.1,49.5,0.417,21.0,False,,False,4.3,False,11.2,False,21.8,False,0.0,False,15.6
55,0.375,98.3,46.6,0.479,18.4,False,,False,30.8,True,79.0,False,54.6,False,0.0,False,13.4
55,0.4,100.2,49.0,0.393,23.5,False,,False,4.5,False,9.4,False,20.2,False,0.0,False,14.0
55,0.425,100.2,48.0,0.396,24.0,False,,False,12.1,False,13.3,False,26.2,False,0.0,False,14.0
55,0.45,102.7,49.2,0.363,19.2,False,,False,9.2,False,30.1,False,21.2,False,0.0,False,14.9
55,0.475,102.3,49.7,0.475,21.7,False,,False,0.2,False,8.2,False,14.9,False,0.0,False,16.5
55,0.5,104.2,49.6,0.404,20.8,False,,False,3.5,False,11.2,False,18.7,False,0.0,False,16.0
55,0.525,103.8,48.9,0.275,22.9,False,,False,6.1,False,4.0,False,19.6,False,0.0,False,15.3
55,0.55,104.9,47.7,0.306,23.7,False,,False,17.0,False,23.6,False,44.0,False,0.0,False,15.7
55,0.575,104.7,48.1,0.438,21.3,False,,False,5.6,False,5.7,False,33.7,False,0.0,False,15.6
55,0.6,105.2,47.9,0.323,21.5,False,,False,9.7,False,19.2,False,43.5,False,0.0,False,15.8
55,0.625,105.1,48.4,0.438,23.6,False,,False,11.6,False,15.5,False,46.5,False,0.0,False,15.8
55,0.65,103.7,48.7,0.355,21.3,False,,False,8.6,False,6.7,False,42.7,False,0.0,False,15.3
55,0.675,106.0,48.3,0.456,23.7,False,,False,22.5,False,17.3,False,66.1,False,0.0,False,16.1
55,0.7,105.7,50.1,18.376,-24.3,False,,True,98.3,False,15.6,True,75.0,True,99.2,True,90.5
55,0.725,0.0,40.9,7.135,-15.7,False,,True,77.8,False,37.8,True,94.2,True,17.0,False,49.9
55,0.75,0.0,41.6,2.858,-4.8,False,,False,50.1,False,3.0,False,46.3,False,4.5,False,33.3
55,0.775,0.0,42.1,1.341,2.6,False,,False,37.4,False,0.6,False,32.5,False,2.7,False,22.0
55,0.8,0.0,40.7,0.817,9.1,False,,False,35.1,False,18.2,False,15.9,False,2.3,False,26.5
55,0.825,0.4,40.1,0.497,10.9,False,,False,34.8,False,43.6,False,33.7,False,2.3,False,29.4
55,0.85,0.0,41.1,0.516,14.0,False,,False,20.2,False,6.8,False,5.5,False,2.3,False,24.6
55,0.875,0.0,43.0,0.482,12.5,False,,False,21.5,False,17.6,False,15.8,False,2.4,False,21.3
55,0.9,0.0,41.9,0.264,16.6,False,,False,18.5,False,1.2,False,18.6,False,2.4,False,22.3
55,0.925,0.0,41.7,0.504,16.9,False,,False,19.7,False,1.3,False,25.6,False,2.4,False,23.7
55,0.95,0.1,42.5,0.253,17.9,False,,False,25.6,False,4.5,False,43.5,False,2.5,False,25.0
56,0.975,0.7,41.5,0.262,18.2,False,,False,38.0,False,7.5,False,54.1,False,2.5,False,26.4
56,0.0,0.0,40.2,0.405,18.1,False,,False,56.5,False,28.2,True,94.9,False,0.8,False,28.9
56,0.025,16.2,43.9,0.383,21.3,False,,False,33.3,False,6.5,False,44.4,False,0.5,False,25.0
56,0.05,31.1,46.0,0.371,19.5,False,,False,35.4,False,39.1,False,63.2,False,0.3,False,23.7
56,0.075,42.1,46.8,0.73,20.9,False,,False,47.3,False,22.2,False,66.1,False,0.2,False,22.3
56,0.1,52.9,89.2,0.237,20.4,True,THERMAL,False,56.1,True,100.0,True,100.0,True,5.8,True,100.0
56,0.125,61.8,78.2,0.422,22.6,True,THERMAL,False,49.0,True,100.0,True,100.0,False,3.1,True,100.0
56,0.15,69.0,81.1,0.397,19.0,True,THERMAL,False,52.7,True,100.0,True,100.0,False,3.5,True,100.0
56,0.175,75.2,93.4,0.645,22.6,True,THERMAL,False,60.6,True,100.0,True,100.0,True,6.4,True,100.0
56,0.2,80.4,96.5,0.189,24.1,True,THERMAL,False,60.6,True,100.0,True,100.0,True,7.2,True,100.0
56,0.225,83.2,93.1,0.43,23.8,True,THERMAL,False,43.1,True,100.0,True,100.0,True,6.2,True,100.0
56,0.25,87.8,98.9,0.369,19.9,True,THERMAL,False,38.9,True,100.0,True,100.0,True,7.7,True,100.0
56,0.275,90.2,97.6,0.378,22.9,True,THERMAL,False,36.2,True,100.0,True,100.0,True,7.3,True,100.0
56,0.3,93.4,83.1,0.451,25.4,True,THERMAL,False,46.5,True,100.0,True,100.0,False,3.6,True,100.0
56,0.325,93.9,48.6,0.492,23.5,True,,False,10.6,False,7.1,False,25.2,False,0.0,False,11.8
56,0.35,97.1,48.5,0.417,19.4,False,,False,9.6,False,15.1,False,24.5,False,0.0,False,12.9
56,0.375,99.0,48.9,0.521,20.8,False,,False,9.7,False,6.5,False,18.5,False,0.0,False,13.6
56,0.4,100.4,50.5,0.43,20.4,False,,False,14.3,False,18.4,False,35.0,False,0.0,False,20.3
56,0.425,100.6,49.1,0.287,23.0,False,,False,6.2,False,8.8,False,15.4,False,0.0,False,14.2
56,0.45,101.9,49.0,0.341,21.3,False,,False,0.6,False,5.5,False,13.1,False,0.0,False,14.6
56,0.475,102.7,48.6,0.354,24.1,False,,False,8.9,False,14.2,False,23.0,False,0.0,False,14.9
56,0.5,102.7,49.3,0.419,21.7,False,,False,0.0,False,3.2,False,13.2,False,0.0,False,14.9
56,0.525,103.8,48.1,0.35,25.3,False,,False,22.9,False,49.6,False,41.6,False,0.0,False,15.3
56,0.55,102.9,49.5,0.462,22.2,False,,False,0.7,False,4.3,False,17.9,False,0.0,False,15.6
56,0.575,103.7,49.5,0.52,23.7,False,,False,10.6,False,14.8,False,27.7,False,0.0,False,15.6
56,0.6,106.5,49.0,0.482,21.4,False,,False,11.4,False,6.8,False,34.5,False,0.0,False,16.3
56,0.625,104.6,48.5,0.336,23.6,False,,False,9.4,False,14.9,False,44.1,False,0.0,False,15.6
56,0.65,104.4,50.3,0.448,20.4,False,,False,14.4,False,22.2,False,52.0,False,0.0,False,19.4
56,0.675,103.9,49.5,0.164,21.7,False,,False,23.4,False,14.4,False,51.0,False,0.0,False,15.6
56,0.7,104.8,50.6,18.46,-26.0,False,,True,98.9,False,51.9,True,84.1,True,100.0,True,91.0
56,0.725,0.5,42.1,7.109,-13.8,False,,True,72.2,False,1.0,False,64.4,True,16.7,False,47.0
56,0.75,0.0,43.2,2.639,-3.3,False,,False,55.5,False,9.7,False,49.8,False,4.1,False,31.0
56,0.775,0.0,43.0,1.453,6.5,False,,False,40.5,True,68.1,False,8.1,False,2.6,False,21.3
56,0.8,0.0,41.0,0.642,9.2,False,,False,26.0,False,20.8,False,12.4,False,2.3,False,25.1
56,0.825,0.0,42.7,0.435,13.0,False,,False,15.3,False,13.7,False,0.0,False,2.2,False,21.3
56,0.85,0.0,43.6,0.402,14.6,False,,False,19.9,False,12.1,False,17.2,False,2.3,False,21.3
56,0.875,0.0,40.5,0.327,14.6,False,,False,24.6,False,13.6,False,27.2,False,2.4,False,27.5
56,0.9,0.0,42.1,0.306,16.8,False,,False,17.1,False,1.9,False,18.3,False,2.4,False,22.3
56,0.925,0.0,42.0,0.447,19.2,False,,False,17.5,False,10.5,False,36.2,False,2.4,False,23.7
56,0.95,0.3,42.2,0.358,18.9,False,,False,21.8,False,1.8,False,45.0,False,2.5,False,25.0
57,0.975,0.1,42.1,0.469,17.3,False,,False,24.6,False,15.1,False,47.3,False,2.6,False,26.4
57,0.0,0.0,42.2,0.32,21.2,False,,False,47.6,False,4.1,False,63.0,False,0.8,False,26.4
57,0.025,17.2,43.4,0.532,20.7,False,,False,41.4,False,5.8,False,37.0,False,0.5,False,25.0
57,0.05,31.5,42.3,0.327,20.7,False,,False,40.8,False,46.4,False,38.8,False,0.3,False,23.7
57,0.075,42.1,43.7,0.164,19.7,False,,False,49.9,False,8.5,False,33.7,False,0.2,False,22.3
57,0.1,51.9,44.4,0.282,20.0,False,,False,33.4,False,13.2,False,38.2,False,0.1,False,21.0
57,0.125,61.1,47.6,0.395,20.8,False,,False,18.7,False,24.3,False,56.4,False,0.1,False,19.6
57,0.15,69.1,45.7,0.425,21.2,False,,False,18.2,False,6.2,False,48.1,False,0.0,False,18.3
57,0.175,74.3,47.6,0.46,23.5,False,,False,18.4,False,12.0,False,50.9,False,0.0,False,16.9
57,0.2,79.5,49.6,0.513,23.2,False,,False,29.2,False,28.5,False,67.4,False,0.0,False,16.0
57,0.225,83.4,48.5,0.525,22.8,False,,False,17.4,False,9.9,False,41.8,False,0.0,False,14.2
57,0.25,87.8,48.5,0.536,25.0,False,,False,28.8,True,61.7,False,50.5,False,0.0,False,12.9
57,0.275,89.7,49.4,0.535,22.0,False,,False,16.7,False,4.9,False,36.4,False,0.0,False,15.1
57,0.3,94.4,48.8,0.449,25.9,False,,False,27.8,True,64.2,False,51.8,False,0.0,False,13.4
57,0.325,94.5,49.4,0.347,19.8,False,,False,11.2,False,30.6,False,28.3,False,0.0,False,15.1
57,0.35,96.6,46.7,0.364,23.2,False,,False,17.4,False,36.5,False,49.1,False,0.0,False,12.8
57,0.375,97.3,47.1,0.529,22.5,False,,False,18.1,False,23.1,False,34.9,False,0.0,False,13.0
57,0.4,98.6,49.9,0.291,23.6,False,,False,11.6,False,16.9,False,23.7,False,0.0,False,17.5
57,0.425,97.8,47.5,0.503,22.4,False,,False,13.3,False,21.8,False,21.2,False,0.0,False,13.2
57,0.45,101.6,49.8,0.284,22.4,False,,False,5.8,False,6.5,False,17.1,False,0.0,False,17.0
57,0.475,102.1,47.2,0.346,20.5,False,,False,13.3,False,47.3,False,36.7,False,0.0,False,14.7
57,0.5,103.2,51.1,0.336,23.3,False,,False,18.0,False,35.0,False,45.0,False,0.0,False,23.2
57,0.525,103.2,50.4,0.508,23.3,False,,False,13.9,False,8.0,False,29.2,False,0.0,False,19.9
57,0.55,104.2,50.2,0.494,21.1,False,,False,8.9,False,5.4,False,27.5,False,0.0,False,18.9
57,0.575,104.9,47.6,0.429,21.1,False,,False,12.1,False,19.7,False,43.6,False,0.0,False,15.7
57,0.6,104.9,49.6,0.502,25.6,False,,False,27.0,False,31.2,False,47.7,False,0.0,False,16.0
57,0.625,104.6,48.6,0.471,22.7,False,,False,7.7,False,11.3,False,39.9,False,0.0,False,15.6
57,0.65,105.0,50.1,0.695,23.3,False,,False,31.9,False,10.3,False,52.2,False,0.0,False,18.4
57,0.675,104.9,49.8,0.39,20.2,False,,False,15.1,False,13.3,False,56.2,False,0.0,False,17.0
57,0.7,105.6,49.1,18.343,-23.5,False,,True,96.6,False,7.9,False,71.4,True,98.7,True,90.4
57,0.725,0.0,41.8,7.119,-14.9,False,,True,73.1,False,7.4,False,72.9,True,16.9,False,48.7
57,0.75,0.0,43.6,2.716,-2.8,False,,False,59.4,False,32.6,False,53.8,False,4.2,False,30.3
57,0.775,0.0,41.7,1.411,1.3,False,,False,39.3,False,10.4,False,43.2,False,2.8,False,24.0
57,0.8,0.1,41.7,0.746,8.4,False,,False,25.6,False,5.1,False,6.2,False,2.3,False,21.7
57,0.825,0.0,42.1,0.225,11.6,False,,False,21.3,False,4.0,False,4.3,False,2.3,False,21.3
57,0.85,0.7,42.6,0.407,13.2,False,,False,23.1,False,8.6,False,2.3,False,2.3,False,21.0
57,0.875,0.4,41.1,0.562,16.5,False,,False,27.4,False,9.7,False,13.3,False,2.3,False,24.6
57,0.9,0.0,40.3,0.3,20.0,False,,False,32.9,False,42.0,False,58.5,False,2.4,False,28.4
57,0.925,0.2,40.8,0.255,16.4,False,,False,28.2,False,8.9,False,38.4,False,2.4,False,26.0
57,0.95,0.1,43.3,0.526,18.3,False,,False,31.1,False,5.6,False,53.2,False,2.5,False,25.0
58,0.975,0.2,41.2,0.426,17.7,False,,False,26.5,False,7.7,False,53.2,False,2.6,False,26.4
58,0.0,0.2,40.7,0.387,20.8,False,,False,51.6,False,16.1,True,81.8,False,0.8,False,26.5
58,0.025,17.7,42.8,0.613,19.0,False,,False,51.5,False,19.3,False,33.9,False,0.5,False,25.0
58,0.05,31.3,41.7,0.262,20.9,False,,False,48.0,True,57.3,False,50.1,False,0.3,False,23.7
58,0.075,43.7,45.0,0.461,21.6,False,,False,28.6,False,8.3,False,39.6,False,0.2,False,22.3
58,0.1,62.8,45.4,0.351,20.5,True,OVERPRESSURE,False,23.6,False,10.8,False,56.8,False,0.0,False,21.0
58,0.125,71.0,46.5,0.425,20.3,True,OVERPRESSURE,False,16.8,False,10.2,False,59.7,False,0.0,False,19.6
58,0.15,76.8,46.2,0.575,19.2,True,OVERPRESSURE,False,37.2,False,31.1,False,64.3,False,0.0,False,18.3
58,0.175,85.5,46.4,0.458,19.6,True,OVERPRESSURE,False,22.9,False,51.6,True,73.6,False,0.0,False,16.9
58,0.2,92.6,48.7,0.464,20.0,True,OVERPRESSURE,False,12.8,True,85.5,False,70.0,False,0.0,False,15.6
58,0.225,92.7,46.8,0.627,22.2,True,OVERPRESSURE,False,32.0,False,27.7,False,69.1,False,0.0,False,14.2
58,0.25,95.4,48.7,0.549,21.1,True,OVERPRESSURE,False,17.2,False,46.1,False,51.3,False,0.0,False,12.9
58,0.275,90.5,48.8,0.243,21.7,True,,False,13.5,False,4.7,False,31.9,False,0.0,False,12.2
58,0.3,93.4,47.9,0.353,20.7,False,,False,7.8,False,10.6,False,29.7,False,0.0,False,11.6
58,0.325,95.2,47.7,0.32,23.5,False,,False,12.8,False,17.2,False,34.2,False,0.0,False,12.3
58,0.35,97.7,48.8,0.47,21.3,False,,False,3.8,False,4.9,False,21.2,False,0.0,False,13.2
58,0.375,98.2,48.7,0.463,24.0,False,,False,11.0,False,15.8,False,23.7,False,0.0,False,13.3
58,0.4,100.0,46.9,0.572,21.8,False,,False,25.0,False,41.9,False,42.7,False,0.0,False,14.0
58,0.425,100.6,50.0,0.406,20.9,False,,False,4.1,False,9.4,False,20.4,False,0.0,False,17.9
58,0.45,101.9,47.9,0.368,23.9,False,,False,12.9,False,20.3,False,29.6,False,0.0,False,14.6
58,0.475,102.2,49.7,0.275,20.6,False,,False,7.6,False,19.2,False,16.1,False,0.0,False,16.5
58,0.5,103.2,49.6,0.544,23.5,False,,False,11.3,False,15.0,False,19.8,False,0.0,False,16.0
58,0.525,103.7,49.5,0.301,24.6,False,,False,14.3,False,25.9,False,27.1,False,0.0,False,15.6
58,0.55,104.2,47.8,0.463,22.6,False,,False,8.8,False,6.3,False,35.5,False,0.0,False,15.4
58,0.575,102.9,50.2,0.411,19.7,False,,False,12.6,False,17.8,False,32.3,False,0.0,False,18.9
58,0.6,104.9,48.7,0.433,21.6,False,,False,4.3,False,3.0,False,32.1,False,0.0,False,15.7
58,0.625,104.7,49.2,0.49,21.7,False,,False,5.7,False,3.2,False,35.6,False,0.0,False,15.6
58,0.65,104.4,49.1,0.468,23.1,False,,False,9.3,False,6.4,False,44.9,False,0.0,False,15.5
58,0.675,104.2,48.5,0.283,21.9,False,,False,13.7,False,9.0,False,54.4,False,0.0,False,15.4
58,0.7,105.7,50.1,18.312,-27.0,False,,True,100.0,False,37.9,True,75.8,True,98.8,True,90.2
58,0.725,0.2,43.5,7.055,-15.8,False,,True,79.4,True,61.1,True,91.9,True,16.7,True,50.0
58,0.75,0.3,41.5,2.705,-4.2,False,,False,53.5,False,0.9,False,47.8,False,4.3,False,32.4
58,0.775,0.0,41.6,1.429,3.8,False,,False,37.1,False,16.8,False,23.2,False,2.7,False,22.2
58,0.8,0.4,41.4,0.737,7.4,False,,False,32.4,False,10.3,False,16.1,False,2.3,False,23.2
58,0.825,0.0,42.6,0.313,9.0,False,,False,21.7,False,15.6,False,19.3,False,2.3,False,21.3
58,0.85,0.2,41.1,0.387,14.5,False,,False,16.5,False,9.1,False,7.1,False,2.3,False,24.6
58,0.875,0.3,40.9,0.417,14.3,False,,False,22.1,False,8.6,False,16.7,False,2.3,False,25.6
58,0.9,0.0,41.5,0.436,16.6,False,,False,14.5,False,2.5,False,18.1,False,2.4,False,22.7
58,0.925,0.0,41.9,0.216,17.1,False,,False,24.7,False,8.5,False,29.6,False,2.5,False,23.7
58,0.95,0.0,42.2,0.422,18.3,False,,False,18.3,False,1.0,False,41.5,False,2.5,False,25.0
59,0.975,0.8,41.4,0.487,20.7,False,,False,44.2,False,25.8,False,68.6,False,2.5,False,26.4
59,0.0,0.0,41.4,0.366,19.1,False,,False,49.8,False,11.5,False,66.2,False,0.8,False,26.4
59,0.025,17.1,43.2,0.521,22.6,False,,False,46.3,False,27.1,False,44.3,False,0.5,False,25.0
59,0.05,31.0,44.6,0.238,19.9,False,,False,40.3,False,1.7,False,37.1,False,0.3,False,23.7
59,0.075,42.3,45.8,0.476,25.7,False,,False,52.6,True,82.3,True,76.7,False,0.2,False,22.3
59,0.1,54.0,44.5,0.533,21.6,False,,False,35.1,False,12.7,False,44.1,False,0.1,False,21.0
59,0.125,60.8,47.8,0.598,20.2,False,,False,37.2,False,34.2,False,60.1,False,0.1,False,19.6
59,0.15,41.0,46.9,0.343,21.5,True,PRESSURE_DROP,False,28.9,False,49.3,False,37.1,False,0.2,False,18.3
59,0.175,51.5,47.9,0.421,19.7,True,PRESSURE_DROP,False,27.3,True,99.0,False,41.4,False,0.2,False,16.9
59,0.2,49.1,48.0,0.429,22.5,True,PRESSURE_DROP,False,27.1,True,100.0,False,39.3,False,0.2,False,15.6
59,0.225,55.7,46.6,0.33,22.2,True,PRESSURE_DROP,False,23.9,True,100.0,False,6.0,False,0.1,False,14.2
59,0.25,64.3,46.7,0.487,23.5,True,PRESSURE_DROP,False,25.1,True,100.0,False,10.8,False,0.1,False,12.9
59,0.275,89.8,48.1,0.476,20.5,True,,False,8.7,False,7.1,False,29.3,False,0.0,False,11.5
59,0.3,92.9,47.0,0.218,20.6,False,,False,25.0,False,17.1,False,40.0,False,0.0,False,11.5
59,0.325,94.9,49.1,0.369,21.7,False,,False,3.7,False,4.6,False,23.6,False,0.0,False,13.6
59,0.35,97.3,48.6,0.542,21.6,False,,False,9.4,False,0.6,False,20.6,False,0.0,False,13.0
59,0.375,98.7,49.1,0.388,20.2,False,,False,5.0,False,14.4,False,19.4,False,0.0,False,13.6
59,0.4,99.3,49.4,0.399,24.6,False,,False,11.3,False,26.5,False,25.6,False,0.0,False,15.1
59,0.425,100.8,47.3,0.387,22.8,False,,False,9.6,False,27.3,False,35.1,False,0.0,False,14.3
59,0.45,102.0,48.0,0.514,20.9,False,,False,9.9,False,6.9,False,21.5,False,0.0,False,14.7
59,0.475,102.5,50.5,0.449,21.5,False,,False,7.5,False,11.1,False,27.1,False,0.0,False,20.3
59,0.5,102.7,49.7,0.379,24.0,False,,False,6.1,False,12.5,False,21.6,False,0.0,False,16.5
59,0.525,102.5,49.5,0.379,22.5,False,,False,0.0,False,7.7,False,15.3,False,0.0,False,15.6
59,0.55,103.0,48.5,0.269,21.0,False,,False,7.4,False,6.9,False,21.0,False,0.0,False,15.0
59,0.575,105.2,48.9,0.498,21.9,False,,False,5.6,False,3.8,False,26.9,False,0.0,False,15.8
59,0.6,104.8,49.3,0.535,20.6,False,,False,11.9,False,9.8,False,30.9,False,0.0,False,15.7
59,0.625,106.0,50.4,0.437,23.0,False,,False,16.9,False,1.6,False,49.1,False,0.0,False,19.9
59,0.65,105.2,50.7,0.381,22.4,False,,False,16.8,False,6.2,False,59.0,False,0.0,False,21.3
59,0.675,105.8,49.9,0.425,21.0,False,,False,14.3,False,11.9,False,57.0,False,0.0,False,17.5
59,0.7,105.1,49.2,18.446,-26.3,False,,True,91.7,False,6.3,False,67.5,True,100.0,True,90.9
59,0.725,0.0,42.1,7.023,-14.0,False,,True,69.7,False,1.5,False,63.3,True,16.4,False,47.3
59,0.75,1.2,42.4,2.761,-5.1,False,,False,59.2,False,6.9,False,48.2,False,4.4,False,33.8
59,0.775,0.4,43.1,1.446,3.6,False,,False,46.1,False,15.2,False,29.7,False,2.7,False,21.1
59,0.8,0.0,42.2,0.816,9.5,False,,False,28.5,False,14.3,False,0.0,False,2.3,False,21.3
59,0.825,0.1,41.1,0.546,13.8,False,,False,21.7,False,8.3,False,0.0,False,2.2,False,24.6
59,0.85,0.1,43.3,0.276,11.8,False,,False,25.8,False,12.3,False,20.3,False,2.3,False,21.2
59,0.875,0.0,43.3,0.303,15.6,False,,False,21.1,False,6.8,False,20.4,False,2.3,False,21.3
59,0.9,0.0,40.4,0.395,14.2,False,,False,26.7,False,23.9,False,36.0,False,2.4,False,27.9
59,0.925,0.0,44.0,0.184,19.4,False,,False,38.2,False,26.9,False,69.0,False,2.5,False,23.7
59,0.95,0.0,40.5,0.431,20.4,False,,False,32.5,False,28.2,False,71.4,False,2.5,False,27.5
60,0.975,0.0,41.1,0.585,17.3,False,,False,37.0,False,14.2,False,51.6,False,2.6,False,26.4
60,0.0,0.0,42.2,0.313,20.4,False,,False,46.9,False,0.0,False,60.8,False,0.8,False,26.4
60,0.025,17.7,44.6,0.319,21.9,False,,False,40.2,False,40.6,False,57.2,False,0.5,False,25.0
60,0.05,30.9,42.8,0.418,17.5,False,,False,46.8,False,44.2,False,35.1,False,0.3,False,23.7
60,0.075,43.5,45.3,0.319,18.5,False,,False,39.4,False,12.2,False,42.4,False,0.2,False,22.3
60,0.1,52.8,44.4,0.341,20.1,False,,False,30.6,False,14.0,False,39.8,False,0.1,False,21.0
60,0.125,61.9,46.7,0.384,21.2,False,,False,15.4,False,2.5,False,47.1,False,0.0,False,19.6
60,0.15,67.8,47.9,0.413,22.6,False,,False,19.5,False,16.9,False,55.1,False,0.0,False,18.3
60,0.175,73.9,49.1,0.324,22.2,False,,False,22.6,False,26.7,False,63.8,False,0.0,False,16.9
60,0.2,80.8,48.0,0.467,22.6,False,,False,11.8,False,5.4,False,45.9,False,0.0,False,15.6
60,0.225,85.1,48.4,0.473,19.9,False,,False,14.3,False,14.5,False,42.5,False,0.0,False,14.2
60,0.25,87.8,48.2,0.434,22.5,False,,False,6.7,False,5.7,False,36.2,False,0.0,False,12.9
60,0.275,91.0,48.1,0.357,22.0,False,,False,4.7,False,4.5,False,32.1,False,0.0,False,11.5
60,0.3,92.6,49.3,0.516,26.2,False,,False,32.3,True,70.1,False,54.5,False,0.0,False,14.6
60,0.325,95.4,49.1,0.108,11.1,True,UNDERCOOLING,False,43.1,True,100.0,True,100.0,False,0.2,False,13.6
60,0.35,98.4,48.0,0.47,4.6,True,UNDERCOOLING,False,34.1,True,100.0,True,100.0,False,0.4,False,19.0
60,0.375,97.2,49.0,0.52,9.6,True,UNDERCOOLING,False,30.2,True,100.0,True,100.0,False,0.2,False,13.2
60,0.4,100.4,49.2,0.357,11.3,True,UNDERCOOLING,False,25.6,True,100.0,True,100.0,False,0.1,False,14.1
60,0.425,100.6,51.0,0.412,8.8,True,UNDERCOOLING,False,40.6,True,100.0,True,100.0,False,0.2,False,22.7
60,0.45,101.4,49.6,0.408,4.4,True,UNDERCOOLING,False,30.1,True,100.0,True,100.0,False,0.4,False,19.3
60,0.475,101.1,49.7,0.484,7.6,True,UNDERCOOLING,False,30.0,True,100.0,True,100.0,False,0.3,False,16.5
60,0.5,103.2,50.0,0.162,9.5,True,UNDERCOOLING,False,39.6,True,100.0,True,100.0,False,0.2,False,17.9
60,0.525,103.8,49.2,0.513,11.9,True,UNDERCOOLING,False,26.8,True,100.0,True,100.0,False,0.1,False,15.3
60,0.55,103.4,47.8,0.256,5.7,True,UNDERCOOLING,False,39.1,True,100.0,True,100.0,False,0.3,False,17.3
60,0.575,104.2,48.1,0.564,12.2,True,UNDERCOOLING,False,35.4,True,100.0,True,100.0,False,0.1,False,15.4
60,0.6,104.7,47.3,0.379,23.0,True,,False,15.1,False,16.5,False,57.9,False,0.0,False,15.6
60,0.625,103.7,49.1,0.549,23.1,False,,False,13.1,False,7.0,False,36.2,False,0.0,False,15.3
60,0.65,104.1,49.6,0.374,23.2,False,,False,8.2,False,7.0,False,45.0,False,0.0,False,16.0
60,0.675,104.5,47.8,0.432,24.3,False,,False,24.6,False,23.8,True,73.5,False,0.0,False,15.6
60,0.7,105.9,50.1,18.295,-24.1,False,,True,100.0,False,16.6,True,75.6,True,98.3,True,90.1
60,0.725,0.0,44.0,7.023,-14.5,False,,True,79.5,True,100.0,True,96.0,True,16.5,False,48.1
60,0.75,0.0,41.6,3.106,-4.6,False,,False,52.8,False,1.7,False,39.1,False,4.9,False,33.0
60,0.775,0.0,43.4,1.328,4.2,False,,False,42.6,False,28.0,False,33.4,False,2.6,False,21.3
60,0.8,0.0,42.0,0.657,8.4,False,,False,22.1,False,3.7,False,7.1,False,2.3,False,21.3
60,0.825,0.7,40.0,0.366,12.9,False,,False,38.6,True,54.6,False,32.4,False,2.2,False,29.9
60,0.85,0.3,41.9,0.37,13.7,False,,False,16.0,False,0.7,False,0.4,False,2.3,False,21.2
60,0.875,0.0,42.2,0.358,16.6,False,,False,13.5,False,5.2,False,9.1,False,2.3,False,21.3
60,0.9,0.5,42.6,0.417,14.3,False,,False,23.8,False,13.9,False,16.4,False,2.4,False,22.3
60,0.925,0.5,42.0,0.549,14.1,False,,False,30.8,False,47.4,False,21.0,False,2.5,False,23.7
60,0.95,0.2,41.4,0.48,17.9,False,,False,24.7,False,5.3,False,41.0,False,2.5,False,25.0
61,0.975,0.2,41.4,0.465,18.0,False,,False,28.0,False,7.9,False,52.0,False,2.6,False,26.4
61,0.0,0.0,41.1,0.399,20.3,False,,False,48.8,False,11.2,False,72.0,False,0.8,False,26.4
61,0.025,16.4,43.3,0.522,21.5,False,,False,43.2,False,7.8,False,39.3,False,0.5,False,25.0
61,0.05,30.6,44.1,0.321,17.9,False,,False,43.1,False,31.2,False,34.8,False,0.3,False,23.7
61,0.075,43.7,44.2,0.374,19.6,False,,False,29.6,False,2.9,False,34.1,False,0.2,False,22.3
61,0.1,53.0,45.0,0.46,20.8,False,,False,25.5,False,13.7,False,39.1,False,0.1,False,21.0
61,0.125,60.6,46.3,0.514,21.8,False,,False,24.9,False,1.3,False,44.5,False,0.1,False,19.6
61,0.15,69.0,47.7,0.48,23.1,False,,False,22.0,False,15.6,False,55.9,False,0.0,False,18.3
61,0.175,73.8,47.5,0.419,9.3,True,UNDERCOOLING,False,38.5,True,100.0,True,100.0,False,0.2,False,16.9
61,0.2,79.1,47.6,0.59,9.3,True,UNDERCOOLING,False,45.5,True,100.0,True,100.0,False,0.2,False,15.6
61,0.225,84.6,47.7,0.589,9.3,True,UNDERCOOLING,False,43.8,True,100.0,True,100.0,False,0.2,False,14.2
61,0.25,87.5,49.3,0.503,11.7,True,UNDERCOOLING,False,34.6,True,100.0,True,100.0,False,0.1,False,14.6
61,0.275,91.0,47.3,0.417,8.0,True,UNDERCOOLING,False,34.8,True,100.0,True,100.0,False,0.2,False,13.8
61,0.3,93.7,48.7,0.454,6.5,True,UNDERCOOLING,False,28.6,True,100.0,True,100.0,False,0.3,False,16.1
61,0.325,96.1,47.5,0.461,4.2,True,UNDERCOOLING,False,38.8,True,100.0,True,100.0,False,0.4,False,19.6
61,0.35,97.4,49.9,0.397,9.2,True,UNDERCOOLING,False,30.5,True,100.0,True,100.0,False,0.2,False,17.5
61,0.375,98.4,47.8,0.394,9.6,True,UNDERCOOLING,False,29.6,True,100.0,True,100.0,False,0.2,False,13.4
61,0.4,99.7,50.4,0.485,5.0,True,UNDERCOOLING,False,41.0,True,100.0,True,100.0,False,0.4,False,19.9
61,0.425,99.6,49.5,0.395,6.4,True,UNDERCOOLING,False,30.2,True,100.0,True,100.0,False,0.3,False,16.3
61,0.45,101.4,48.7,0.252,20.5,True,,False,10.8,False,6.2,False,14.1,False,0.0,False,14.5
61,0.475,103.0,48.1,0.323,22.3,False,,False,4.1,False,8.3,False,22.5,False,0.0,False,15.0
61,0.5,104.0,50.6,0.479,21.6,False,,False,11.5,False,7.9,False,31.3,False,0.0,False,20.8
61,0.525,104.1,49.4,0.539,23.5,False,,False,11.1,False,15.7,False,21.9,False,0.0,False,15.4
61,0.55,104.2,50.0,0.626,20.4,False,,False,24.4,False,10.7,False,26.8,False,0.0,False,17.9
61,0.575,103.2,48.5,0.485,23.7,False,,False,9.4,False,13.2,False,30.2,False,0.0,False,15.1
61,0.6,103.5,49.6,0.4,20.5,False,,False,4.8,False,11.3,False,29.1,False,0.0,False,16.0
61,0.625,105.4,47.5,0.469,20.8,False,,False,19.0,False,22.3,False,58.2,False,0.0,False,15.9
61,0.65,104.9,48.7,0.338,21.1,False,,False,9.8,False,6.6,False,45.7,False,0.0,False,15.7
61,0.675,106.0,50.2,0.478,22.3,False,,False,19.6,False,10.6,False,60.5,False,0.0,False,18.9
61,0.7,104.9,50.6,18.164,-23.7,False,,True,100.0,True,53.5,True,87.7,True,96.9,True,89.4
61,0.725,0.0,42.0,7.008,-14.3,False,,True,71.3,False,2.5,False,65.1,True,16.4,False,47.8
61,0.75,0.4,43.3,2.906,-2.5,False,,False,59.2,False,18.6,False,41.6,False,4.5,False,29.8
61,0.775,0.0,43.3,1.353,2.7,False,,False,43.3,False,18.8,False,42.9,False,2.7,False,21.9
61,0.8,0.0,41.7,0.786,5.0,False,,False,30.5,False,30.0,False,32.0,False,2.4,False,21.7
61,0.825,0.1,42.7,0.304,11.4,False,,False,19.5,False,7.0,False,6.1,False,2.3,False,21.2
61,0.85,0.0,43.9,0.334,12.5,False,,False,25.7,False,14.2,False,30.4,False,2.3,False,21.3
61,0.875,0.3,40.4,0.48,15.5,False,,False,27.9,False,15.2,False,27.6,False,2.3,False,27.9
61,0.9,0.0,41.3,0.414,16.0,False,,False,15.7,False,6.2,False,19.2,False,2.4,False,23.6
61,0.925,0.0,41.8,0.319,16.5,False,,False,18.2,False,1.7,False,26.6,False,2.4,False,23.7
61,0.95,0.0,42.6,0.22,17.2,False,,False,29.0,False,5.2,False,42.6,False,2.5,False,25.0
62,0.975,0.0,42.7,0.406,19.3,False,,False,26.9,False,15.0,False,61.6,False,2.6,False,26.4
62,0.0,0.4,42.7,0.414,19.4,False,,False,44.8,False,5.6,False,59.2,False,0.8,False,26.4
62,0.025,16.5,40.7,0.271,21.5,False,,False,57.3,True,58.3,False,70.6,False,0.5,False,26.5
62,0.05,30.9,44.0,0.479,20.3,False,,False,32.5,False,0.0,False,30.8,False,0.3,False,23.7
62,0.075,42.8,46.0,0.466,18.4,False,,False,39.0,False,29.5,False,51.9,False,0.2,False,22.3
62,0.1,53.4,46.2,0.265,21.0,False,,False,26.9,False,6.4,False,46.6,False,0.1,False,21.0
62,0.125,61.8,46.7,0.387,22.0,False,,False,17.6,False,5.4,False,48.7,False,0.1,False,19.6
62,0.15,68.1,45.6,0.443,19.0,False,,False,28.1,False,24.1,False,48.0,False,0.0,False,18.3
62,0.175,74.4,47.9,0.355,21.5,False,,False,12.3,False,4.3,False,46.3,False,0.0,False,16.9
62,0.2,79.6,47.8,0.343,20.0,False,,False,12.6,False,8.0,False,42.0,False,0.0,False,15.6
62,0.225,84.5,47.0,0.547,20.9,False,,False,19.7,False,6.4,False,42.6,False,0.0,False,14.2
62,0.25,87.7,84.6,0.309,20.6,True,THERMAL,False,36.2,True,100.0,True,100.0,False,4.0,True,100.0
62,0.275,89.6,90.4,0.646,20.2,True,THERMAL,False,60.0,True,100.0,True,100.0,False,5.3,True,100.0
62,0.3,92.6,92.2,0.338,22.6,True,THERMAL,False,34.8,True,100.0,True,100.0,True,5.7,True,100.0
62,0.325,96.2,88.2,0.232,20.9,True,THERMAL,False,38.9,True,100.0,True,100.0,False,4.7,True,100.0
62,0.35,97.8,84.7,0.287,23.0,True,THERMAL,False,34.6,True,100.0,True,100.0,False,3.9,True,100.0
62,0.375,98.0,78.9,0.527,23.0,True,THERMAL,False,36.6,True,100.0,True,100.0,False,2.7,True,100.0
62,0.4,100.0,84.9,0.404,20.1,True,THERMAL,False,32.1,True,100.0,True,100.0,False,3.9,True,100.0
62,0.425,100.8,90.9,0.387,23.9,True,THERMAL,False,32.2,True,100.0,True,100.0,False,5.3,True,100.0
62,0.45,100.7,96.6,0.336,20.5,True,THERMAL,False,31.3,True,100.0,True,100.0,True,6.8,True,100.0
62,0.475,101.1,50.3,0.373,24.6,True,,False,17.4,False,21.3,False,30.1,False,0.0,False,19.4
62,0.5,102.4,49.5,0.391,22.3,False,,False,0.0,False,8.0,False,13.8,False,0.0,False,15.6
62,0.525,103.7,47.7,0.402,21.0,False,,False,8.2,False,18.1,False,31.8,False,0.0,False,15.3
62,0.55,104.3,47.8,0.377,24.2,False,,False,14.4,False,30.3,False,42.8,False,0.0,False,15.5
62,0.575,104.3,48.7,0.245,24.2,False,,False,17.6,False,24.0,False,34.0,False,0.0,False,15.5
62,0.6,104.4,49.4,0.493,20.2,False,,False,7.6,False,11.0,False,31.1,False,0.0,False,15.5
62,0.625,105.5,48.8,0.493,21.1,False,,False,9.0,False,6.6,False,39.2,False,0.0,False,15.9
62,0.65,107.4,49.0,0.28,20.3,False,,False,20.8,False,9.2,False,52.0,False,0.0,False,16.6
62,0.675,106.2,49.0,0.27,23.1,False,,False,21.8,False,7.4,False,58.1,False,0.0,False,16.2
62,0.7,105.7,48.8,18.317,-28.4,False,,True,100.0,False,47.6,True,77.9,True,99.1,True,90.2
62,0.725,0.0,42.3,6.985,-11.4,False,,True,70.1,False,30.9,False,53.1,True,16.1,False,43.4
62,0.75,0.0,40.3,2.776,-3.7,False,,False,58.7,False,42.1,False,70.3,False,4.4,False,31.6
62,0.775,0.0,43.7,1.153,1.2,False,,False,47.2,True,60.2,False,70.7,False,2.7,False,24.2
62,0.8,0.0,41.5,0.677,5.7,False,,False,28.3,False,18.3,False,30.7,False,2.4,False,22.7
62,0.825,0.0,43.4,0.498,12.3,False,,False,22.2,False,10.5,False,9.0,False,2.3,False,21.3
62,0.85,0.6,42.8,0.457,13.9,False,,False,21.8,False,9.4,False,2.2,False,2.3,False,21.1
62,0.875,0.0,40.9,0.441,15.0,False,,False,18.1,False,7.4,False,16.4,False,2.3,False,25.6
62,0.9,0.2,41.5,0.579,19.8,False,,False,29.9,False,32.4,False,32.9,False,2.4,False,22.7
62,0.925,0.2,41.9,0.263,18.3,False,,False,23.3,False,3.0,False,33.3,False,2.4,False,23.7
62,0.95,0.4,40.3,0.191,18.0,False,,False,42.9,False,24.9,False,64.5,False,2.5,False,28.4
63,0.975,0.0,41.6,0.346,16.6,False,,False,25.2,False,15.1,False,47.6,False,2.6,False,26.4
63,0.0,0.0,42.5,0.332,19.4,False,,False,46.0,False,1.4,False,59.5,False,0.8,False,26.4
63,0.025,17.4,44.2,0.397,19.2,False,,False,36.1,False,12.7,False,45.1,False,0.5,False,25.0
63,0.05,31.2,44.5,0.303,20.9,False,,False,33.3,False,0.0,False,36.8,False,0.3,False,23.7
63,0.075,42.2,42.9,0.541,19.4,False,,False,46.5,False,33.8,False,39.0,False,0.2,False,22.3
63,0.1,54.0,46.2,0.419,21.4,False,,False,22.0,False,5.3,False,47.3,False,0.1,False,21.0
63,0.125,60.0,46.4,0.573,20.7,False,,False,29.6,False,2.9,False,42.6,False,0.1,False,19.6
63,0.15,68.0,46.7,0.409,19.8,False,,False,18.9,False,7.9,False,43.8,False,0.0,False,18.3
63,0.175,74.2,47.9,0.332,18.8,False,,False,24.4,False,23.8,False,50.6,False,0.0,False,16.9
63,0.2,78.8,45.9,0.432,19.9,False,,False,22.5,False,24.9,False,50.8,False,0.0,False,15.6
63,0.225,83.6,48.3,0.264,22.6,False,,False,14.1,False,7.1,False,40.5,False,0.0,False,14.2
63,0.25,87.0,48.5,0.317,22.3,False,,False,8.7,False,5.5,False,35.1,False,0.0,False,12.9
63,0.275,90.1,46.6,0.398,23.7,False,,False,19.7,False,19.4,False,53.4,False,0.0,False,11.5
63,0.3,92.3,48.0,0.483,23.1,False,,False,10.0,False,8.6,False,30.0,False,0.0,False,11.3
63,0.325,94.7,48.7,0.348,22.2,False,,False,3.8,False,3.7,False,22.5,False,0.0,False,12.1
63,0.35,97.5,48.1,0.408,22.6,False,,False,4.2,False,2.7,False,25.5,False,0.0,False,13.1
63,0.375,97.3,47.7,0.49,21.5,False,,False,9.5,False,8.8,False,22.3,False,0.0,False,13.0
63,0.4,100.0,49.3,0.464,24.2,False,,False,9.8,False,20.1,False,24.1,False,0.0,False,14.6
63,0.425,99.9,49.5,0.139,21.2,False,,False,18.3,False,14.4,False,14.1,False,0.0,False,15.6
63,0.45,101.2,47.8,0.323,20.3,False,,False,9.8,False,17.0,False,23.3,False,0.0,False,14.4
63,0.475,103.4,49.3,0.351,22.3,False,,False,0.0,False,4.2,False,15.8,False,0.0,False,15.2
63,0.5,102.5,50.4,0.291,19.2,False,,False,19.5,False,20.8,False,31.6,False,0.0,False,19.9
63,0.525,103.6,48.7,0.24,22.4,False,,False,8.5,False,7.5,False,19.2,False,0.0,False,15.2
63,0.55,103.5,49.3,0.268,20.8,False,,False,6.2,False,8.1,False,19.3,False,0.0,False,15.2
63,0.575,103.1,48.2,0.291,22.8,False,,False,8.3,False,4.4,False,30.2,False,0.0,False,15.1
63,0.6,105.2,49.6,0.566,21.8,False,,False,12.6,False,5.2,False,31.7,False,0.0,False,16.0
63,0.625,103.4,49.3,0.487,23.2,False,,False,7.4,False,5.0,False,35.5,False,0.0,False,15.2
63,0.65,105.6,48.3,0.281,24.9,False,,False,30.6,False,38.6,False,64.0,False,0.0,False,15.9
63,0.675,105.2,49.4,0.346,18.8,False,,False,21.3,False,32.4,False,61.0,False,0.0,False,15.8
63,0.7,105.7,47.9,18.382,-25.7,False,,True,99.1,False,40.4,True,85.3,True,99.5,True,90.6
63,0.725,0.0,42.8,7.032,-13.2,False,,True,70.9,False,4.8,False,62.8,True,16.4,False,46.1
63,0.75,0.0,41.7,2.926,-3.0,False,,False,50.5,False,3.0,False,34.0,False,4.5,False,30.6
63,0.775,0.4,41.3,1.21,4.0,False,,False,40.6,False,8.8,False,29.7,False,2.6,False,23.6
63,0.8,0.0,41.6,0.679,9.6,False,,False,24.5,False,16.0,False,1.0,False,2.3,False,22.2
63,0.825,0.4,43.0,0.319,10.8,False,,False,25.1,False,9.9,False,12.0,False,2.3,False,21.1
63,0.85,0.1,42.4,0.272,13.6,False,,False,18.2,False,8.9,False,3.5,False,2.3,False,21.2
63,0.875,0.0,41.0,0.569,12.8,False,,False,26.4,False,9.1,False,14.9,False,2.4,False,25.1
63,0.9,0.2,44.3,0.384,15.7,False,,False,32.7,False,40.2,False,53.4,False,2.4,False,22.3
63,0.925,0.0,41.8,0.349,16.3,False,,False,17.7,False,2.6,False,25.7,False,2.4,False,23.7
63,0.95,0.5,42.8,0.395,16.6,False,,False,26.4,False,9.3,False,40.2,False,2.5,False,25.0
64,0.975,0.0,41.2,0.428,21.9,False,,False,36.7,True,58.5,True,82.6,False,2.6,False,26.4
64,0.0,0.3,40.8,0.539,19.6,False,,False,58.9,False,13.0,True,76.9,False,0.8,False,26.4
64,0.025,17.3,44.5,0.352,21.4,False,,False,35.9,False,21.9,False,53.5,False,0.5,False,25.0
64,0.05,31.3,44.6,0.425,21.2,False,,False,29.1,False,1.0,False,38.3,False,0.3,False,23.7
64,0.075,43.8,44.3,0.302,18.3,False,,False,41.5,False,10.6,False,37.1,False,0.2,False,22.3
64,0.1,53.2,46.0,0.295,22.0,False,,False,27.7,False,5.5,False,46.8,False,0.1,False,21.0
64,0.125,62.2,47.2,0.357,2.2,True,UNDERCOOLING,False,50.5,True,100.0,True,100.0,False,0.5,False,22.7
64,0.15,67.8,46.6,0.426,1.1,True,UNDERCOOLING,False,49.0,True,100.0,True,100.0,False,0.5,False,24.3
64,0.175,73.5,48.3,0.338,3.6,True,UNDERCOOLING,False,47.1,True,100.0,True,100.0,False,0.4,False,20.5
64,0.2,78.8,47.1,0.548,5.6,True,UNDERCOOLING,False,43.8,True,100.0,True,100.0,False,0.3,False,17.5
64,0.225,84.1,47.7,0.273,9.1,True,UNDERCOOLING,False,33.7,True,100.0,True,100.0,False,0.2,False,14.2
64,0.25,86.9,49.5,0.521,7.0,True,UNDERCOOLING,False,42.6,True,100.0,True,100.0,False,0.3,False,15.6
64,0.275,91.1,48.4,0.312,6.2,True,UNDERCOOLING,False,32.9,True,100.0,True,100.0,False,0.3,False,16.6
64,0.3,93.7,47.8,0.432,0.0,True,UNDERCOOLING,False,41.6,True,100.0,True,100.0,False,0.6,False,26.0
64,0.325,95.0,47.8,0.431,20.9,True,,False,7.2,False,7.7,False,26.8,False,0.0,False,12.2
64,0.35,97.3,49.5,0.517,19.8,False,,False,15.9,False,29.3,False,27.1,False,0.0,False,15.6
64,0.375,97.0,50.6,0.567,21.3,False,,False,27.7,False,22.5,False,36.4,False,0.0,False,20.8
64,0.4,97.7,48.2,0.424,20.7,False,,False,4.8,False,9.4,False,13.4,False,0.0,False,13.2
64,0.425,100.5,48.4,0.474,22.7,False,,False,3.6,False,5.0,False,16.8,False,0.0,False,14.1
64,0.45,102.1,49.6,0.381,19.9,False,,False,5.3,False,24.2,False,18.6,False,0.0,False,16.0
64,0.475,102.5,49.2,0.327,21.3,False,,False,0.0,False,2.2,False,13.1,False,0.0,False,14.8
64,0.5,103.0,48.4,0.507,22.3,False,,False,4.5,False,7.3,False,18.7,False,0.0,False,15.0
64,0.525,103.5,47.7,0.261,23.7,False,,False,15.0,False,24.7,False,37.6,False,0.0,False,15.2
64,0.55,103.5,49.5,0.342,20.7,False,,False,2.7,False,7.4,False,19.9,False,0.0,False,15.6
64,0.575,105.0,48.8,0.444,23.8,False,,False,10.0,False,12.5,False,32.4,False,0.0,False,15.7
64,0.6,104.6,50.4,0.612,21.9,False,,False,22.4,False,7.2,False,39.5,False,0.0,False,19.9
64,0.625,103.5,48.4,0.439,19.1,False,,False,17.4,False,19.2,False,43.1,False,0.0,False,15.2
64,0.65,105.8,48.2,0.336,21.8,False,,False,13.3,False,9.9,False,53.6,False,0.0,False,16.0
64,0.675,105.6,49.6,0.326,20.1,False,,False,18.8,False,14.5,False,56.8,False,0.0,False,16.0
64,0.7,104.2,47.5,18.299,-25.2,False,,True,100.0,True,72.9,True,97.1,True,98.5,True,90.1
64,0.725,0.4,42.1,6.98,-13.1,False,,True,72.5,False,1.9,False,57.8,True,16.2,False,45.9
64,0.75,0.6,41.3,2.943,-3.7,False,,False,57.5,False,0.7,False,41.9,False,4.6,False,31.6
64,0.775,0.6,43.7,1.406,2.5,False,,False,51.6,False,44.7,False,51.6,False,2.7,False,22.2
64,0.8,0.0,41.2,0.77,8.7,False,,False,29.2,False,19.0,False,9.4,False,2.3,False,24.1
64,0.825,0.5,42.5,0.559,11.8,False,,False,22.0,False,6.3,False,0.0,False,2.3,False,21.1
64,0.85,0.2,41.4,0.443,13.4,False,,False,16.3,False,3.7,False,3.2,False,2.3,False,23.2
64,0.875,0.0,41.9,0.5,14.5,False,,False,16.9,False,3.4,False,4.8,False,2.3,False,21.3
64,0.9,0.0,40.0,0.309,16.3,False,,False,30.5,False,28.2,False,50.3,False,2.4,False,29.9
64,0.925,0.8,42.9,0.441,18.7,False,,False,30.3,False,11.7,False,38.4,False,2.4,False,23.7
64,0.95,0.5,41.2,0.465,18.3,False,,False,28.3,False,5.4,False,44.9,False,2.5,False,25.0
65,0.975,0.0,42.0,0.4,18.1,False,,False,22.2,False,4.2,False,51.0,False,2.6,False,26.4
65,0.0,0.0,42.5,0.397,22.1,False,,False,50.3,False,9.2,False,66.7,False,0.8,False,26.4
65,0.025,17.0,43.9,0.399,20.3,False,,False,32.5,False,5.3,False,41.3,False,0.5,False,25.0
65,0.05,31.2,44.4,0.375,23.4,False,,False,42.0,False,33.4,False,47.6,False,0.3,False,23.7
65,0.075,43.2,45.2,0.374,21.1,False,,False,25.4,False,4.0,False,39.6,False,0.2,False,22.3
65,0.1,53.3,46.2,0.417,19.0,False,,False,29.4,False,21.8,False,47.4,False,0.1,False,21.0
65,0.125,61.3,47.5,0.429,24.5,False,,False,35.2,False,39.7,False,69.8,False,0.1,False,19.6
65,0.15,68.5,47.0,0.414,18.2,False,,False,29.6,False,17.5,False,51.2,False,0.0,False,18.3
65,0.175,73.9,48.1,0.327,20.4,False,,False,16.1,False,5.2,False,47.7,False,0.0,False,16.9
65,0.2,80.0,46.8,0.355,21.7,False,,False,11.6,False,4.9,False,44.6,False,0.0,False,15.6
65,0.225,83.3,46.6,0.249,22.6,False,,False,20.6,False,5.6,False,47.5,False,0.0,False,14.2
65,0.25,87.1,47.4,0.235,19.7,False,,False,19.9,False,14.1,False,38.2,False,0.0,False,12.9
65,0.275,90.7,47.8,0.336,20.5,False,,False,8.0,False,10.7,False,32.7,False,0.0,False,11.5
65,0.3,93.7,49.3,0.415,18.6,False,,False,16.5,True,64.8,False,40.1,False,0.0,False,14.6
65,0.325,95.2,50.4,0.384,25.5,False,,False,33.4,True,71.3,False,59.9,False,0.0,False,19.9
65,0.35,95.9,48.2,0.403,21.4,False,,False,1.8,False,7.0,False,18.9,False,0.0,False,12.5
65,0.375,98.7,50.9,0.585,23.3,False,,False,34.1,False,26.6,False,49.9,False,0.0,False,22.2
65,0.4,99.5,47.6,0.229,19.9,False,,False,20.2,False,45.4,False,28.3,False,0.0,False,13.8
65,0.425,101.4,48.4,0.438,20.4,False,,False,5.1,False,8.4,False,18.4,False,0.0,False,14.5
65,0.45,101.3,49.9,0.367,21.3,False,,False,2.1,False,14.7,False,16.9,False,0.0,False,17.5
65,0.475,101.2,48.8,0.472,19.7,False,,False,7.8,False,12.6,False,13.9,False,0.0,False,14.4
65,0.5,101.9,49.6,0.501,23.5,False,,False,7.6,False,14.2,False,17.0,False,0.0,False,16.0
65,0.525,103.6,49.2,0.465,20.0,False,,False,5.0,False,17.5,False,18.9,False,0.0,False,15.2
65,0.55,104.6,48.9,0.306,22.7,False,,False,4.1,False,6.7,False,23.3,False,0.0,False,15.6
65,0.575,104.0,49.3,0.344,20.4,False,,False,1.7,False,12.5,False,24.6,False,0.0,False,15.4
65,0.6,103.6,49.6,0.311,23.7,False,,False,9.5,False,13.1,False,32.7,False,0.0,False,16.0
65,0.625,104.0,49.8,0.292,20.3,False,,False,11.9,False,10.3,False,38.4,False,0.0,False,17.0
65,0.65,104.9,50.5,0.451,23.6,False,,False,16.7,False,8.5,False,57.8,False,0.0,False,20.3
65,0.675,104.8,49.5,0.47,20.7,False,,False,13.7,False,11.2,False,52.9,False,0.0,False,15.7
65,0.7,104.2,49.0,18.525,-26.6,False,,True,100.0,False,7.9,False,69.1,True,100.0,True,91.3
65,0.725,0.0,41.9,6.977,-14.4,False,,True,72.5,False,3.5,False,65.5,True,16.3,False,47.9
65,0.75,0.1,42.9,2.725,-3.2,False,,False,54.1,False,4.3,False,42.3,False,4.3,False,30.9
65,0.775,0.0,41.6,1.243,1.0,False,,False,37.4,False,12.3,False,51.9,False,2.7,False,24.5
65,0.8,0.1,40.6,0.811,6.5,False,,False,37.3,False,14.5,False,36.2,False,2.4,False,27.0
65,0.825,0.3,41.2,0.534,10.2,False,,False,23.6,False,21.7,False,10.0,False,2.3,False,24.1
65,0.85,0.0,40.7,0.402,10.5,False,,False,22.6,False,37.6,False,26.5,False,2.4,False,26.5
65,0.875,0.6,41.0,0.306,15.3,False,,False,28.7,False,8.0,False,16.5,False,2.3,False,25.1
65,0.9,0.0,41.4,0.31,16.8,False,,False,18.4,False,4.9,False,21.4,False,2.4,False,23.2
65,0.925,0.0,42.1,0.327,18.8,False,,False,17.8,False,4.3,False,35.2,False,2.4,False,23.7
65,0.95,0.3,41.2,17.018,18.2,True,FLOW_SPIKE,True,76.7,True,100.0,True,100.0,True,84.5,True,83.4
66,0.975,0.0,40.8,20.782,18.8,True,FLOW_SPIKE,True,81.3,True,100.0,True,100.0,True,100.0,True,100.0
66,0.0,0.0,41.5,15.869,18.4,True,FLOW_SPIKE,True,85.1,True,100.0,True,100.0,True,72.0,True,77.4
66,0.025,18.0,44.0,13.298,19.3,True,FLOW_SPIKE,True,77.6,True,100.0,True,100.0,True,50.0,True,63.9
66,0.05,31.7,45.7,19.983,18.9,True,FLOW_SPIKE,True,81.3,True,100.0,True,100.0,True,100.0,True,99.0
66,0.075,42.3,45.0,15.47,21.3,True,FLOW_SPIKE,True,70.3,True,100.0,True,100.0,True,67.8,True,75.3
66,0.1,52.7,46.1,0.386,22.3,True,,False,23.9,False,7.8,False,48.1,False,0.1,False,21.0
66,0.125,62.0,44.9,0.542,21.3,False,,False,33.2,False,9.8,False,48.2,False,0.1,False,19.6
66,0.15,69.1,49.2,0.406,20.6,False,,False,23.6,False,48.6,True,77.0,False,0.0,False,18.3
66,0.175,74.2,46.9,0.353,21.9,False,,False,13.6,False,5.0,False,43.7,False,0.0,False,16.9
66,0.2,78.9,47.5,0.396,20.2,False,,False,11.6,False,7.3,False,39.8,False,0.0,False,15.6
66,0.225,84.9,49.5,0.551,21.3,False,,False,24.5,False,19.9,False,53.7,False,0.0,False,15.6
66,0.25,89.1,47.7,0.459,22.5,False,,False,7.2,False,6.9,False,40.3,False,0.0,False,12.9
66,0.275,89.4,50.0,0.48,21.6,False,,False,18.1,False,11.2,False,46.1,False,0.0,False,17.9
66,0.3,92.0,48.7,0.614,22.4,False,,False,23.0,False,6.6,False,26.2,False,0.0,False,11.7
66,0.325,95.4,50.1,0.533,21.5,False,,False,16.9,False,9.2,False,37.4,False,0.0,False,18.4
66,0.35,96.7,48.1,0.401,21.2,False,,False,3.1,False,7.2,False,21.7,False,0.0,False,12.8
66,0.375,97.7,47.7,0.335,20.0,False,,False,11.6,False,17.7,False,25.2,False,0.0,False,13.2
66,0.4,98.7,47.8,0.254,20.1,False,,False,16.5,False,32.1,False,22.3,False,0.0,False,13.5
66,0.425,100.7,49.0,0.391,22.1,False,,False,0.9,False,5.1,False,13.3,False,0.0,False,14.2
66,0.45,102.9,49.7,0.44,22.9,False,,False,2.3,False,5.2,False,19.8,False,0.0,False,16.5
66,0.475,101.6,48.7,0.311,21.9,False,,False,1.2,False,3.1,False,12.2,False,0.0,False,14.5
66,0.5,103.5,48.2,0.456,21.6,False,,False,2.5,False,5.5,False,21.6,False,0.0,False,15.2
66,0.525,103.2,50.1,0.438,20.7,False,,False,5.6,False,3.0,False,22.6,False,0.0,False,18.4
66,0.55,105.1,49.5,0.274,22.0,False,,False,9.8,False,4.0,False,22.9,False,0.0,False,15.8
66,0.575,103.4,47.5,0.441,22.2,False,,False,9.2,False,16.8,False,42.1,False,0.0,False,15.2
66,0.6,104.3,49.1,0.373,18.7,False,,False,14.0,False,22.6,False,37.5,False,0.0,False,15.5
66,0.625,104.4,51.0,0.349,23.8,False,,False,22.5,False,15.1,False,61.4,False,0.0,False,22.7
66,0.65,105.6,49.7,0.345,22.4,False,,False,10.8,False,1.4,False,46.7,False,0.0,False,16.5
66,0.675,104.8,49.6,0.347,21.4,False,,False,10.4,False,7.3,False,52.5,False,0.0,False,16.0
66,0.7,104.1,48.0,18.273,-24.7,False,,True,100.0,False,45.1,True,83.2,True,98.2,True,90.0
66,0.725,8.5,43.6,7.011,-12.8,True,OVERPRESSURE,True,83.4,True,99.5,True,78.4,True,16.0,False,45.5
66,0.75,7.6,42.6,2.891,-6.3,True,OVERPRESSURE,False,65.3,False,37.5,False,54.6,False,4.4,False,35.6
66,0.775,7.6,42.2,1.351,4.3,True,OVERPRESSURE,False,48.7,False,38.0,False,16.3,False,2.4,False,19.5
66,0.8,8.8,42.1,1.001,7.7,True,OVERPRESSURE,False,45.2,True,67.2,False,1.3,False,2.1,False,19.8
66,0.825,11.1,42.1,0.209,11.3,True,OVERPRESSURE,False,39.7,True,100.0,False,1.9,False,1.9,False,19.8
66,0.85,7.3,43.8,0.522,15.0,True,OVERPRESSURE,False,40.2,False,47.7,False,11.3,False,2.0,False,19.6
66,0.875,7.8,43.5,0.379,18.3,True,OVERPRESSURE,False,34.2,True,55.0,False,21.5,False,2.0,False,21.0
66,0.9,12.4,42.7,0.554,18.0,True,OVERPRESSURE,False,39.5,True,100.0,False,16.0,False,1.9,False,22.3
66,0.925,0.0,41.2,0.304,19.0,True,,False,23.3,False,9.9,False,41.7,False,2.4,False,24.1
66,0.95,0.0,40.9,0.396,19.2,False,,False,23.7,False,11.1,False,55.3,False,2.5,False,25.6
67,0.975,0.6,41.7,0.538,18.8,False,,False,36.2,False,4.9,False,53.2,False,2.5,False,26.4
67,0.0,0.0,40.8,0.279,20.6,False,,False,55.6,False,16.9,True,79.5,False,0.8,False,26.4
67,0.025,16.6,44.0,0.297,23.2,False,,False,47.8,False,48.5,False,55.9,False,0.5,False,25.0
67,0.05,32.2,44.9,0.235,21.0,False,,False,40.8,False,5.3,False,42.6,False,0.3,False,23.7
67,0.075,43.5,44.3,0.361,22.1,False,,False,32.3,False,4.2,False,38.9,False,0.2,False,22.3
67,0.1,53.5,45.0,0.616,21.8,False,,False,40.6,False,21.8,False,42.7,False,0.1,False,21.0
67,0.125,60.6,46.6,0.444,19.7,False,,False,21.0,False,11.9,False,45.2,False,0.1,False,19.6
67,0.15,68.6,46.2,0.308,19.7,False,,False,23.1,False,10.7,False,45.2,False,0.0,False,18.3
67,0.175,74.4,47.1,0.235,22.2,False,,False,21.8,False,5.6,False,45.1,False,0.0,False,16.9
67,0.2,81.0,48.7,0.316,22.3,False,,False,14.5,False,5.2,False,50.7,False,0.0,False,15.6
67,0.225,84.3,45.7,0.488,22.7,False,,False,25.8,False,33.5,False,65.2,False,0.0,False,14.2
67,0.25,88.0,48.7,0.516,23.8,False,,False,19.0,False,24.3,False,43.6,False,0.0,False,12.9
67,0.275,90.2,48.8,0.358,20.9,False,,False,7.0,False,4.8,False,31.0,False,0.0,False,12.2
67,0.3,91.6,49.0,0.285,25.9,False,,False,33.4,True,74.8,False,47.8,False,0.0,False,13.4
67,0.325,95.1,47.8,0.319,20.9,False,,False,9.2,False,7.6,False,27.3,False,0.0,False,12.2
67,0.35,95.9,49.8,0.361,23.1,False,,False,7.0,False,12.2,False,27.7,False,0.0,False,17.0
67,0.375,98.9,48.4,0.335,21.5,False,,False,2.8,False,6.3,False,19.3,False,0.0,False,13.6
67,0.4,99.4,50.3,0.48,21.1,False,,False,11.1,False,7.7,False,27.6,False,0.0,False,19.4
67,0.425,100.8,48.4,0.318,22.2,False,,False,3.0,False,6.1,False,16.5,False,0.0,False,14.3
67,0.45,100.9,49.5,0.215,20.3,False,,False,13.9,False,23.8,False,14.5,False,0.0,False,15.6
67,0.475,102.2,49.5,0.531,22.1,False,,False,4.3,False,5.0,False,13.7,False,0.0,False,15.6
67,0.5,103.0,50.1,0.328,23.8,False,,False,9.3,False,12.0,False,25.4,False,0.0,False,18.4
67,0.525,103.7,47.2,0.374,22.1,False,,False,10.2,False,25.3,False,43.8,False,0.0,False,15.3
67,0.55,103.2,47.8,0.179,21.6,False,,False,20.4,False,12.9,False,31.8,False,0.0,False,15.1
67,0.575,103.7,49.3,0.457,22.5,False,,False,0.4,False,4.3,False,23.2,False,0.0,False,15.3
67,0.6,103.7,47.7,0.341,19.1,False,,False,21.1,False,42.1,False,47.9,False,0.0,False,15.3
67,0.625,104.9,50.2,0.506,19.2,False,,False,22.1,False,38.9,False,49.3,False,0.0,False,18.9
67,0.65,107.0,48.5,0.381,21.1,False,,False,15.6,False,6.7,False,53.0,False,0.0,False,16.4
67,0.675,103.5,50.1,0.517,19.4,False,,False,29.0,True,56.7,False,59.9,False,0.0,False,18.4
67,0.7,104.9,48.6,18.523,-25.1,False,,True,96.2,False,5.3,False,71.7,True,100.0,True,91.3
67,0.725,0.0,43.2,7.063,-12.9,False,,True,73.6,False,25.5,False,68.4,True,16.5,False,45.6
67,0.75,0.0,41.9,2.798,-5.2,False,,False,50.2,False,8.5,False,48.2,False,4.5,False,33.9
67,0.775,0.0,40.9,1.26,2.7,False,,False,40.0,False,6.8,False,46.5,False,2.6,False,25.6
67,0.8,0.0,41.6,0.607,7.2,False,,False,23.8,False,7.5,False,19.3,False,2.3,False,22.2
67,0.825,0.0,43.0,0.154,8.8,False,,False,31.7,False,33.7,False,30.4,False,2.4,False,21.3
67,0.85,0.0,43.7,0.355,14.5,False,,False,22.2,False,14.9,False,20.5,False,2.3,False,21.3
67,0.875,0.3,41.0,0.475,13.5,False,,False,23.9,False,9.0,False,14.8,False,2.3,False,25.1
67,0.9,0.7,42.0,0.275,17.9,False,,False,27.6,False,11.8,False,21.9,False,2.4,False,22.3
67,0.925,0.0,41.9,0.416,16.9,False,,False,15.0,False,3.8,False,26.0,False,2.4,False,23.7
67,0.95,0.4,43.3,0.275,16.1,False,,False,34.0,False,23.9,False,49.3,False,2.5,False,25.0
68,0.975,0.0,43.2,0.308,16.4,False,,False,32.0,False,25.0,False,59.1,False,2.6,False,26.4
68,0.0,0.2,42.7,0.296,22.1,False,,False,52.8,False,11.1,False,67.2,False,0.8,False,26.4
68,0.025,16.3,42.0,0.354,19.1,False,,False,43.4,False,21.9,False,38.8,False,0.5,False,25.0
68,0.05,30.9,44.1,0.555,19.9,False,,False,41.0,False,0.0,False,31.2,False,0.3,False,23.7
68,0.075,43.2,45.4,0.501,22.2,False,,False,33.0,False,13.8,False,45.1,False,0.2,False,22.3
68,0.1,52.8,45.7,0.446,22.5,False,,False,24.3,False,8.7,False,46.1,False,0.1,False,21.0
68,0.125,61.7,46.8,8.899,21.8,True,FLOW_SPIKE,False,60.9,True,100.0,True,100.0,True,21.6,False,40.9
68,0.15,67.9,45.6,11.192,19.7,True,FLOW_SPIKE,False,68.4,True,100.0,True,100.0,True,34.8,True,52.9
68,0.175,74.1,45.4,10.488,22.7,True,FLOW_SPIKE,False,68.0,True,100.0,True,100.0,True,30.4,False,49.2
68,0.2,78.9,49.0,19.691,20.4,True,FLOW_SPIKE,False,67.5,True,100.0,True,100.0,True,100.0,True,97.4
68,0.225,84.1,50.8,19.837,22.4,True,FLOW_SPIKE,True,76.4,True,100.0,True,100.0,True,100.0,True,98.2
68,0.25,87.9,48.4,9.729,21.4,True,FLOW_SPIKE,False,53.5,True,100.0,True,100.0,True,25.9,False,45.2
68,0.275,90.5,48.6,12.413,24.3,True,FLOW_SPIKE,False,67.1,True,100.0,True,100.0,True,43.0,True,59.3
68,0.3,92.3,46.9,15.76,22.6,True,FLOW_SPIKE,False,67.0,True,100.0,True,100.0,True,70.3,True,76.8
68,0.325,95.2,49.3,14.925,21.3,True,FLOW_SPIKE,False,59.4,True,100.0,True,100.0,True,62.9,True,72.4
68,0.35,96.8,47.3,12.585,21.6,True,FLOW_SPIKE,False,64.9,True,100.0,True,100.0,True,44.3,True,60.2
68,0.375,97.5,51.1,15.394,21.9,True,FLOW_SPIKE,True,69.8,True,100.0,True,100.0,True,67.0,True,74.9
68,0.4,100.8,49.5,0.193,22.2,True,,False,15.1,False,5.6,False,20.1,False,0.0,False,15.6
68,0.425,100.5,49.2,0.397,21.5,False,,False,0.0,False,5.6,False,12.7,False,0.0,False,14.1
68,0.45,101.5,49.5,0.374,21.9,False,,False,0.0,False,4.5,False,13.5,False,0.0,False,15.6
68,0.475,101.9,48.5,0.417,23.4,False,,False,3.6,False,9.4,False,18.2,False,0.0,False,14.6
68,0.5,102.4,49.2,0.408,24.4,False,,False,9.2,False,14.6,False,21.4,False,0.0,False,14.8
68,0.525,102.6,47.5,0.454,20.1,False,,False,14.9,False,29.6,False,33.9,False,0.0,False,14.9
68,0.55,104.8,47.9,0.49,21.9,False,,False,11.5,False,5.2,False,34.0,False,0.0,False,15.7
68,0.575,103.7,46.7,0.334,21.3,False,,False,17.2,True,63.8,False,63.2,False,0.0,False,15.3
68,0.6,104.3,48.2,0.445,20.4,False,,False,8.6,False,23.2,False,37.0,False,0.0,False,15.5
68,0.625,104.8,48.6,0.585,18.9,False,,False,30.7,False,18.9,False,46.0,False,0.0,False,15.7
68,0.65,105.0,49.8,0.327,21.0,False,,False,9.1,False,5.7,False,46.1,False,0.0,False,17.0
68,0.675,106.2,47.4,0.417,19.6,False,,False,30.0,True,56.8,True,80.2,False,0.0,False,16.2
68,0.7,104.3,49.1,18.588,-24.8,False,,True,98.0,False,0.0,False,68.2,True,100.0,True,91.6
68,0.725,0.0,40.6,6.903,-11.2,False,,True,77.7,False,43.6,True,75.5,True,15.7,False,43.0
68,0.75,0.0,41.7,2.759,-2.5,False,,False,50.4,False,9.7,False,34.8,False,4.3,False,29.8
68,0.775,0.3,40.8,1.28,1.6,False,,False,43.9,False,11.8,False,57.6,False,2.7,False,26.0
68,0.8,0.0,41.5,0.51,6.8,False,,False,23.6,False,12.6,False,26.3,False,2.3,False,22.7
68,0.825,0.5,41.4,0.26,9.7,False,,False,28.8,False,24.5,False,17.2,False,2.3,False,23.2
68,0.85,0.2,43.3,0.271,12.6,False,,False,26.5,False,10.9,False,17.2,False,2.3,False,21.2
68,0.875,0.0,41.2,0.322,18.0,False,,False,20.2,False,19.1,False,20.5,False,2.3,False,24.1
68,0.9,0.0,42.4,0.253,14.0,False,,False,24.5,False,21.1,False,18.8,False,2.4,False,22.3
68,0.925,0.0,41.7,0.438,16.6,False,,False,15.9,False,0.5,False,25.5,False,2.4,False,23.7
68,0.95,0.0,41.7,0.419,20.3,False,,False,24.0,False,18.9,False,54.4,False,2.5,False,25.0
69,0.975,0.0,41.0,0.483,20.7,False,,False,36.3,False,36.5,True,73.8,False,2.6,False,26.4
69,0.0,0.0,40.5,0.58,19.0,False,,False,63.6,False,18.7,True,84.8,False,0.8,False,27.5
69,0.025,16.2,44.5,0.334,19.2,False,,False,39.9,False,23.4,False,51.9,False,0.5,False,25.0
69,0.05,30.9,44.1,0.509,23.8,False,,False,49.5,True,54.5,False,48.3,False,0.3,False,23.7
69,0.075,42.7,43.8,0.285,19.1,False,,False,39.1,False,9.3,False,34.0,False,0.2,False,22.3
69,0.1,53.0,46.5,0.407,20.7,False,,False,21.2,False,19.9,False,48.9,False,0.1,False,21.0
69,0.125,61.5,47.2,0.424,19.0,False,,False,25.9,False,21.1,False,53.9,False,0.1,False,19.6
69,0.15,68.7,44.6,0.418,24.8,False,,False,43.5,True,55.2,True,79.4,False,0.1,False,18.3
69,0.175,74.0,48.8,0.408,22.4,False,,False,19.0,False,20.4,False,58.7,False,0.0,False,16.9
69,0.2,79.6,48.6,0.268,22.3,False,,False,16.8,False,6.3,False,48.3,False,0.0,False,15.6
69,0.225,83.8,47.7,0.321,21.6,False,,False,7.1,False,3.3,False,37.7,False,0.0,False,14.2
69,0.25,87.2,48.7,0.374,22.0,False,,False,6.1,False,5.0,False,35.8,False,0.0,False,12.9
69,0.275,90.2,48.3,0.383,23.7,False,,False,11.8,False,24.5,False,36.0,False,0.0,False,11.5
69,0.3,92.9,97.8,0.434,24.6,True,THERMAL,False,40.1,True,100.0,True,100.0,True,7.3,True,100.0
69,0.325,95.3,92.9,0.408,23.3,True,THERMAL,False,33.3,True,100.0,True,100.0,True,5.9,True,100.0
69,0.35,96.5,87.0,0.272,21.8,True,THERMAL,False,33.6,True,100.0,True,100.0,False,4.4,True,100.0
69,0.375,98.5,87.2,0.197,23.0,True,THERMAL,False,42.0,True,100.0,True,100.0,False,4.4,True,100.0
69,0.4,99.2,96.1,0.309,21.7,True,THERMAL,False,29.9,True,100.0,True,100.0,True,6.7,True,100.0
69,0.425,99.3,89.3,0.496,21.7,True,THERMAL,False,30.9,True,100.0,True,100.0,False,4.9,True,100.0
69,0.45,101.5,48.8,0.355,21.8,True,,False,0.9,False,6.0,False,12.6,False,0.0,False,14.5
69,0.475,102.1,47.7,0.485,20.8,False,,False,9.8,False,15.2,False,25.7,False,0.0,False,14.7
69,0.5,103.0,49.0,0.287,26.8,False,,False,28.3,True,81.2,False,44.6,False,0.0,False,15.0
69,0.525,103.0,48.4,0.44,25.8,False,,False,24.0,True,64.4,False,39.8,False,0.0,False,15.0
69,0.55,103.7,48.9,0.328,21.1,False,,False,1.6,False,5.6,False,19.7,False,0.0,False,15.3
69,0.575,103.3,49.7,0.176,22.9,False,,False,17.3,False,14.1,False,25.6,False,0.0,False,16.5
69,0.6,103.9,48.3,0.347,22.1,False,,False,4.9,False,3.2,False,34.2,False,0.0,False,15.3
69,0.625,104.7,49.0,0.357,18.6,False,,False,16.9,False,17.6,False,45.3,False,0.0,False,15.6
69,0.65,105.7,48.9,0.396,19.5,False,,False,15.5,False,11.7,False,50.6,False,0.0,False,16.0
69,0.675,104.7,50.8,0.439,23.2,False,,False,21.7,False,21.7,False,70.3,False,0.0,False,21.8
69,0.7,105.9,50.3,18.378,-26.0,False,,True,98.9,False,32.4,True,77.3,True,99.4,True,90.5
69,0.725,0.0,40.6,6.996,-13.8,False,,True,76.0,False,40.2,True,86.5,True,16.3,False,47.0
69,0.75,0.0,42.4,2.716,-4.6,False,,False,50.4,False,1.4,False,46.6,False,4.3,False,33.0
69,0.775,0.9,42.0,1.42,-0.9,False,,False,50.4,False,44.5,False,60.8,False,2.9,False,27.4
69,0.8,0.0,41.9,0.707,6.8,False,,False,25.9,False,1.9,False,18.0,False,2.4,False,21.3
69,0.825,0.0,44.9,0.39,6.3,False,,False,44.1,True,90.6,True,95.5,False,2.4,False,21.3
69,0.85,0.0,41.0,0.296,13.2,False,,False,20.6,False,7.7,False,12.5,False,2.3,False,25.1
69,0.875,0.0,42.8,0.26,17.1,False,,False,19.7,False,14.9,False,16.2,False,2.3,False,21.3
69,0.9,0.0,42.5,0.433,17.2,False,,False,14.8,False,3.3,False,19.5,False,2.4,False,22.3
69,0.925,0.1,41.0,0.208,15.3,False,,False,30.5,False,17.0,False,34.5,False,2.5,False,25.1
69,0.95,0.0,42.0,0.592,18.2,False,,False,29.1,False,1.5,False,39.1,False,2.5,False,25.0
70,0.975,0.4,41.8,0.363,19.5,False,,False,28.6,False,7.5,False,58.8,False,2.5,False,26.4
70,0.0,0.0,42.8,0.378,19.3,False,,False,45.0,False,6.5,False,60.5,False,0.8,False,26.4
70,0.025,16.9,45.4,0.403,19.7,False,,False,39.8,True,64.0,False,72.4,False,0.5,False,25.0
70,0.05,31.8,42.7,0.223,20.2,False,,False,46.8,False,31.1,False,34.2,False,0.3,False,23.7
70,0.075,43.2,45.0,0.41,21.8,False,,False,27.0,False,9.5,False,39.9,False,0.2,False,22.3
70,0.1,52.6,46.3,0.359,19.2,False,,False,27.6,False,23.1,False,47.6,False,0.1,False,21.0
70,0.125,61.6,46.8,0.323,21.8,False,,False,20.1,False,5.9,False,48.9,False,0.1,False,19.6
70,0.15,67.8,46.4,0.449,20.8,False,,False,15.7,False,5.8,False,42.5,False,0.0,False,18.3
70,0.175,74.5,46.9,0.287,20.6,False,,False,17.0,False,7.5,False,43.2,False,0.0,False,16.9
70,0.2,78.8,47.6,0.344,21.3,False,,False,9.5,False,4.4,False,39.3,False,0.0,False,15.6
70,0.225,83.7,95.6,0.496,20.7,True,THERMAL,False,38.0,True,100.0,True,100.0,True,6.8,True,100.0
70,0.25,87.6,92.9,0.397,21.3,True,THERMAL,False,33.7,True,100.0,True,100.0,True,6.0,True,100.0
70,0.275,90.6,93.7,0.287,21.5,True,THERMAL,False,36.5,True,100.0,True,100.0,True,6.2,True,100.0
70,0.3,93.4,81.2,0.314,23.0,True,THERMAL,False,35.6,True,100.0,True,100.0,False,3.2,True,100.0
70,0.325,94.9,88.0,0.51,20.4,True,THERMAL,False,37.6,True,100.0,True,100.0,False,4.6,True,100.0
70,0.35,96.7,84.8,0.295,21.6,True,THERMAL,False,32.3,True,100.0,True,100.0,False,3.9,True,100.0
70,0.375,99.1,94.0,0.209,24.1,True,THERMAL,False,45.8,True,100.0,True,100.0,True,6.1,True,100.0
70,0.4,101.6,48.9,0.434,23.9,True,,False,8.2,False,14.6,False,25.5,False,0.0,False,14.5
70,0.425,101.6,48.5,0.41,20.6,False,,False,4.1,False,8.2,False,17.8,False,0.0,False,14.5
70,0.45,101.6,48.8,0.402,21.4,False,,False,0.5,False,6.3,False,12.7,False,0.0,False,14.5
70,0.475,102.6,48.8,0.56,22.0,False,,False,9.0,False,7.2,False,14.4,False,0.0,False,14.9
70,0.5,101.7,48.8,0.513,20.4,False,,False,8.1,False,5.1,False,12.8,False,0.0,False,14.6
70,0.525,101.7,48.6,0.448,21.2,False,,False,1.2,False,3.2,False,13.9,False,0.0,False,14.6
70,0.55,103.4,51.1,0.481,20.7,False,,False,17.4,False,32.4,False,46.4,False,0.0,False,23.2
70,0.575,104.3,47.6,0.206,20.0,False,,False,24.0,False,26.8,False,44.3,False,0.0,False,15.5
70,0.6,105.3,50.2,0.498,24.8,False,,False,22.9,False,15.7,False,47.4,False,0.0,False,18.9
70,0.625,105.6,48.9,0.427,23.1,False,,False,8.8,False,5.5,False,41.2,False,0.0,False,15.9
70,0.65,103.4,48.7,0.389,23.3,False,,False,10.7,False,6.2,False,45.4,False,0.0,False,15.2
70,0.675,104.8,49.1,0.482,17.6,False,,False,27.5,True,60.1,False,67.9,False,0.0,False,15.7
70,0.7,106.8,49.1,18.232,-26.5,False,,True,100.0,False,11.6,False,68.5,True,97.9,True,89.8
70,0.725,0.0,42.1,7.099,-17.0,False,,True,75.1,False,50.4,True,89.1,True,17.0,True,51.9
70,0.75,0.0,42.6,2.799,-3.8,False,,False,50.2,False,1.2,False,40.8,False,4.4,False,31.8
70,0.775,0.0,43.3,1.243,3.3,False,,False,40.9,False,21.7,False,40.7,False,2.6,False,21.3
70,0.8,0.0,40.9,0.87,8.4,False,,False,35.3,False,13.8,False,14.8,False,2.4,False,25.6
70,0.825,0.8,42.4,0.392,8.6,False,,False,28.1,False,12.6,False,17.7,False,2.3,False,21.0
70,0.85,0.7,41.1,0.386,16.2,False,,False,25.9,False,21.6,False,8.0,False,2.2,False,24.6
70,0.875,0.1,42.0,0.17,15.4,False,,False,23.0,False,9.9,False,10.6,False,2.3,False,21.2
70,0.9,0.7,40.6,0.606,16.4,False,,False,41.2,False,12.0,False,29.7,False,2.4,False,27.0
70,0.925,0.3,43.2,0.336,17.9,False,,False,25.5,False,6.4,False,41.1,False,2.4,False,23.7
70,0.95,0.0,41.7,0.447,17.7,False,,False,18.4,False,4.4,False,38.7,False,2.5,False,25.0
71,0.975,0.0,43.6,0.454,19.5,False,,False,31.5,False,22.0,True,77.8,False,2.6,False,26.4
71,0.0,0.0,41.7,0.411,20.4,False,,False,45.5,False,4.6,False,63.6,False,0.8,False,26.4
71,0.025,15.9,42.0,0.522,23.0,False,,False,55.8,True,58.7,False,51.8,False,0.5,False,25.0
71,0.05,32.1,46.8,0.35,19.3,False,,False,39.5,False,52.0,True,84.8,False,0.3,False,23.7
71,0.075,44.2,44.8,0.381,20.9,False,,False,26.9,False,4.9,False,37.2,False,0.2,False,22.3
71,0.1,52.8,45.8,0.581,22.3,False,,False,36.2,False,6.6,False,46.0,False,0.1,False,21.0
71,0.125,62.7,47.3,0.485,18.1,False,,False,35.0,False,38.5,False,59.9,False,0.1,False,19.6
71,0.15,68.4,45.0,0.443,20.5,False,,False,26.1,False,15.0,False,52.5,False,0.0,False,18.3
71,0.175,73.8,48.0,0.262,23.9,False,,False,27.6,False,30.6,False,55.5,False,0.0,False,16.9
71,0.2,78.6,47.2,0.345,22.3,False,,False,12.7,False,5.3,False,41.2,False,0.0,False,15.6
71,0.225,85.0,47.2,0.396,20.6,False,,False,11.4,False,5.9,False,42.2,False,0.0,False,14.2
71,0.25,87.7,49.5,0.428,19.9,False,,False,18.5,False,25.6,False,47.5,False,0.0,False,15.6
71,0.275,90.1,48.2,0.337,19.8,False,,False,9.8,False,11.5,False,31.5,False,0.0,False,11.5
71,0.3,92.1,49.3,0.297,21.8,False,,False,9.5,False,2.6,False,29.0,False,0.0,False,14.6
71,0.325,95.1,48.1,0.332,21.4,False,,False,6.4,False,6.1,False,24.5,False,0.0,False,12.2
71,0.35,97.9,48.0,0.387,21.5,False,,False,4.3,False,5.7,False,25.8,False,0.0,False,13.2
71,0.375,99.2,49.0,0.563,20.4,False,,False,17.0,False,11.9,False,20.0,False,0.0,False,13.7
71,0.4,99.8,47.9,0.338,24.1,False,,False,14.3,False,16.2,False,30.6,False,0.0,False,13.9
71,0.425,100.7,48.9,0.36,17.4,False,,False,20.3,True,100.0,False,31.3,False,0.0,False,14.2
71,0.45,100.1,49.6,0.322,22.0,False,,False,2.6,False,6.8,False,11.5,False,0.0,False,16.0
71,0.475,102.5,48.7,0.29,22.7,False,,False,4.2,False,6.6,False,16.0,False,0.0,False,14.8
71,0.5,102.7,47.6,0.347,20.8,False,,False,8.3,False,21.2,False,29.7,False,0.0,False,14.9
71,0.525,103.9,49.7,0.405,17.4,False,,False,19.8,True,100.0,False,38.5,False,0.0,False,16.5
71,0.55,103.5,49.9,0.348,22.0,False,,False,1.0,False,3.6,False,22.0,False,0.0,False,17.5
71,0.575,104.8,48.1,0.439,21.2,False,,False,7.0,False,7.0,False,34.0,False,0.0,False,15.7
71,0.6,104.0,49.1,0.346,21.8,False,,False,0.8,False,5.4,False,28.1,False,0.0,False,15.4
71,0.625,103.8,49.7,0.315,20.6,False,,False,8.8,False,5.7,False,36.4,False,0.0,False,16.5
71,0.65,104.5,51.8,0.376,24.0,False,,False,34.2,False,42.9,True,93.5,False,0.0,False,26.5
71,0.675,104.5,49.6,0.284,23.0,False,,False,14.5,False,8.8,False,53.9,False,0.0,False,16.0
71,0.7,106.3,49.9,18.586,-24.1,False,,True,100.0,False,10.7,True,73.5,True,100.0,True,91.6
71,0.725,0.0,41.4,6.947,-14.4,False,,True,74.4,False,8.0,False,70.3,True,16.2,False,47.9
71,0.75,0.0,41.2,3.033,-3.3,False,,False,54.5,False,2.4,False,40.0,False,4.7,False,31.0
71,0.775,0.6,40.6,1.334,-10.6,True,UNDERCOOLING,False,64.2,True,100.0,True,100.0,False,3.4,False,42.1
71,0.8,0.0,39.9,0.71,-2.5,True,UNDERCOOLING,False,52.3,True,100.0,True,100.0,False,2.8,False,30.3
71,0.825,0.1,40.4,0.353,-3.1,True,UNDERCOOLING,False,47.8,True,100.0,True,100.0,False,2.8,False,30.7
71,0.85,0.0,42.5,0.264,-6.5,True,UNDERCOOLING,False,46.4,True,100.0,True,100.0,False,3.1,False,35.9
71,0.875,0.1,43.6,0.508,-3.7,True,UNDERCOOLING,False,49.7,True,100.0,True,100.0,False,3.0,False,31.6
71,0.9,0.4,42.6,0.457,2.0,True,UNDERCOOLING,False,43.9,True,100.0,True,99.1,False,2.7,False,23.0
71,0.925,0.3,42.1,0.447,4.1,True,UNDERCOOLING,False,39.9,True,100.0,True,84.3,False,2.7,False,23.7
71,0.95,0.0,40.8,0.424,3.4,True,UNDERCOOLING,False,43.7,True,100.0,True,100.0,False,2.8,False,26.0
72,0.975,0.0,41.4,0.265,9.6,True,UNDERCOOLING,False,41.1,True,100.0,False,67.3,False,2.7,False,26.4
72,0.0,0.1,42.3,0.42,19.9,True,,False,42.4,False,0.0,False,59.3,False,0.8,False,26.4
72,0.025,16.1,43.4,0.187,20.5,False,,False,49.9,False,4.8,False,38.2,False,0.5,False,25.0
72,0.05,31.3,43.9,0.328,22.5,False,,False,39.0,False,21.4,False,38.5,False,0.3,False,23.7
72,0.075,43.3,44.9,0.324,21.7,False,,False,30.5,False,10.4,False,39.2,False,0.2,False,22.3
72,0.1,52.7,45.7,0.262,20.3,False,,False,28.7,False,1.5,False,41.3,False,0.1,False,21.0
72,0.125,60.5,48.4,0.308,20.1,False,,False,29.0,False,35.5,False,72.3,False,0.1,False,19.6
72,0.15,67.7,47.9,0.338,22.2,False,,False,19.1,False,15.0,False,53.9,False,0.0,False,18.3
72,0.175,75.4,47.6,0.374,22.4,False,,False,12.0,False,6.2,False,47.6,False,0.0,False,16.9
72,0.2,79.3,46.8,0.386,22.4,False,,False,13.0,False,4.4,False,44.8,False,0.0,False,15.6
72,0.225,83.7,47.2,0.612,20.2,False,,False,29.8,False,11.6,False,40.0,False,0.0,False,14.2
72,0.25,86.9,48.3,0.212,19.9,False,,False,20.9,False,15.7,False,35.3,False,0.0,False,12.9
72,0.275,90.2,49.4,0.548,22.8,False,,False,20.1,False,6.7,False,38.9,False,0.0,False,15.1
72,0.3,92.6,48.6,0.461,22.5,False,,False,3.6,False,5.9,False,26.9,False,0.0,False,11.4
72,0.325,93.7,49.0,0.467,21.2,False,,False,5.7,False,3.2,False,20.7,False,0.0,False,13.2
72,0.35,97.4,48.3,0.396,20.2,False,,False,5.2,False,10.4,False,23.4,False,0.0,False,13.1
72,0.375,98.3,47.0,0.359,23.8,False,,False,18.1,False,45.5,False,45.6,False,0.0,False,13.4
72,0.4,100.0,47.8,0.402,22.5,False,,False,5.0,False,10.8,False,25.6,False,0.0,False,14.0
72,0.425,100.4,50.9,0.481,20.8,False,,False,17.0,False,16.2,False,39.6,False,0.0,False,22.2
72,0.45,102.0,49.4,0.327,21.1,False,,False,1.7,False,6.6,False,14.3,False,0.0,False,15.1
72,0.475,102.3,49.0,0.629,24.0,False,,False,25.1,False,15.2,False,20.0,False,0.0,False,14.8
72,0.5,103.6,48.3,0.41,23.3,False,,False,5.0,False,13.8,False,24.4,False,0.0,False,15.2
72,0.525,102.3,49.5,0.386,21.2,False,,False,0.7,False,6.9,False,14.2,False,0.0,False,15.6
72,0.55,102.7,48.7,0.334,21.2,False,,False,1.8,False,4.5,False,18.2,False,0.0,False,14.9
72,0.575,104.4,49.0,0.434,20.9,False,,False,2.0,False,5.8,False,24.7,False,0.0,False,15.5
72,0.6,105.8,49.3,0.272,19.1,False,,False,21.4,False,24.5,False,39.2,False,0.0,False,16.0
72,0.625,104.4,50.2,0.424,22.1,False,,False,8.3,False,3.7,False,41.5,False,0.0,False,18.9
72,0.65,104.1,52.1,0.325,23.8,False,,False,35.1,True,58.9,True,100.0,False,0.0,False,28.0
72,0.675,104.4,50.0,0.357,22.0,False,,False,11.5,False,7.0,False,54.8,False,0.0,False,17.9
72,0.7,105.6,50.0,18.427,-25.4,False,,True,96.0,False,13.2,False,71.9,True,99.9,True,90.8
72,0.725,0.0,41.1,7.205,-14.7,False,,True,76.3,False,12.8,True,84.1,True,17.2,False,48.4
72,0.75,0.3,44.1,2.757,-4.3,False,,False,66.1,True,59.0,True,75.7,False,4.4,False,32.5
72,0.775,0.0,42.0,1.136,3.7,False,,False,35.8,False,8.9,False,28.7,False,2.5,False,21.3
72,0.8,9.3,41.6,0.79,7.7,True,OVERPRESSURE,False,43.1,True,64.8,False,8.7,False,2.0,False,22.2
72,0.825,8.6,41.1,0.277,9.8,True,OVERPRESSURE,False,42.1,True,73.7,False,18.6,False,2.0,False,24.6
72,0.85,12.8,41.0,0.349,15.8,True,OVERPRESSURE,False,38.2,True,100.0,False,8.8,False,1.8,False,25.1
72,0.875,12.0,42.5,0.431,14.2,True,OVERPRESSURE,False,33.2,True,100.0,False,2.0,False,1.9,False,21.0
72,0.9,6.5,41.6,0.33,16.5,True,OVERPRESSURE,False,35.0,True,53.9,False,15.0,False,2.2,False,22.3
72,0.925,8.6,42.6,0.295,16.5,True,OVERPRESSURE,False,38.8,True,89.0,False,23.9,False,2.1,False,23.7
72,0.95,8.8,41.2,0.462,17.8,True,OVERPRESSURE,False,41.1,True,74.5,False,40.6,False,2.2,False,25.0
73,0.975,10.1,42.9,0.302,20.6,True,OVERPRESSURE,False,46.7,True,100.0,False,67.5,False,2.2,False,26.4
73,0.0,0.4,43.1,0.731,22.3,True,,False,68.0,False,23.9,False,71.1,False,0.8,False,26.4
73,0.025,17.3,42.5,0.577,23.1,False,,False,58.5,False,50.8,False,48.4,False,0.5,False,25.0
73,0.05,30.3,43.5,0.337,19.9,False,,False,36.3,False,10.9,False,28.5,False,0.3,False,23.7
73,0.075,42.5,45.4,0.436,19.3,False,,False,30.6,False,3.3,False,40.6,False,0.2,False,22.3
73,0.1,53.3,46.1,0.296,21.5,False,,False,26.5,False,3.7,False,46.3,False,0.1,False,21.0
73,0.125,61.4,48.9,0.364,19.5,False,,False,31.8,True,77.8,True,85.7,False,0.1,False,19.6
73,0.15,68.5,46.9,0.295,22.3,False,,False,21.2,False,4.0,False,47.4,False,0.0,False,18.3
73,0.175,74.8,47.6,0.307,22.3,False,,False,15.1,False,7.0,False,46.7,False,0.0,False,16.9
73,0.2,80.3,47.1,0.437,21.1,False,,False,10.7,False,4.9,False,42.7,False,0.0,False,15.6
73,0.225,83.9,49.6,0.287,23.5,False,,False,25.2,False,22.7,False,59.6,False,0.0,False,16.0
73,0.25,87.0,47.9,0.328,22.2,False,,False,7.3,False,2.9,False,34.4,False,0.0,False,12.9
73,0.275,90.7,47.1,0.532,21.7,False,,False,16.1,False,7.0,False,39.7,False,0.0,False,11.5
73,0.3,92.8,47.8,0.308,21.3,False,,False,7.3,False,8.5,False,28.9,False,0.0,False,11.4
73,0.325,95.0,47.9,0.401,21.3,False,,False,6.1,False,6.7,False,25.8,False,0.0,False,12.2
73,0.35,96.7,50.3,0.486,22.4,False,,False,12.7,False,12.9,False,36.2,False,0.0,False,19.4
73,0.375,98.3,49.4,0.383,21.6,False,,False,0.8,False,4.8,False,18.4,False,0.0,False,15.1
73,0.4,99.4,47.6,0.521,20.4,False,,False,15.8,False,30.2,False,26.3,False,0.0,False,13.8
73,0.425,99.6,47.5,0.47,21.7,False,,False,9.6,False,16.5,False,25.0,False,0.0,False,13.8
73,0.45,101.8,49.2,0.393,23.0,False,,False,2.2,False,6.6,False,15.2,False,0.0,False,14.6
73,0.475,101.6,48.4,0.365,21.3,False,,False,0.8,False,3.2,False,14.1,False,0.0,False,14.5
73,0.5,103.4,50.5,0.374,21.8,False,,False,7.2,False,4.8,False,28.0,False,0.0,False,20.3
73,0.525,103.6,48.9,0.372,22.9,False,,False,1.2,False,3.8,False,18.9,False,0.0,False,15.2
73,0.55,103.3,48.5,0.385,22.3,False,,False,0.6,False,4.1,False,22.0,False,0.0,False,15.1
73,0.575,104.9,47.2,0.269,20.5,False,,False,21.8,False,44.0,False,53.9,False,0.0,False,15.7
73,0.6,105.9,48.2,0.413,21.8,False,,False,9.2,False,6.6,False,40.6,False,0.0,False,16.0
73,0.625,105.1,50.4,0.324,22.2,False,,False,12.0,False,1.8,False,46.0,False,0.0,False,19.9
73,0.65,104.7,50.0,0.339,23.0,False,,False,9.7,False,4.0,False,48.6,False,0.0,False,17.9
73,0.675,104.7,48.7,0.513,20.3,False,,False,19.4,False,12.0,False,55.0,False,0.0,False,15.6
73,0.7,105.2,49.2,18.267,-25.1,False,,True,95.3,False,0.0,False,67.0,True,98.1,True,90.0
73,0.725,0.0,41.5,7.15,-14.4,False,,True,73.4,False,5.7,True,73.8,True,17.0,False,47.9
73,0.75,0.0,44.0,2.893,-5.4,False,,False,62.5,False,52.7,True,75.7,False,4.6,False,34.2
73,0.775,0.0,40.6,1.386,3.9,False,,False,42.8,False,11.4,False,40.8,False,2.7,False,27.0
73,0.8,0.0,42.0,0.704,5.5,False,,False,27.4,False,18.2,False,28.8,False,2.4,False,21.3
73,0.825,0.0,40.2,0.326,11.9,False,,False,29.8,False,41.9,False,30.2,False,2.3,False,28.9
73,0.85,0.0,42.1,0.518,13.1,False,,False,15.7,False,5.1,False,0.0,False,2.3,False,21.3
73,0.875,0.0,43.5,0.532,16.8,False,,False,24.7,False,12.2,False,23.3,False,2.3,False,21.3
73,0.9,0.1,42.5,0.398,14.1,False,,False,18.8,False,18.8,False,16.5,False,2.4,False,22.3
73,0.925,0.0,41.0,0.612,19.0,False,,False,32.4,False,13.0,False,41.8,False,2.4,False,25.1
73,0.95,0.3,41.8,0.398,19.7,False,,False,23.8,False,9.0,False,49.5,False,2.5,False,25.0
74,0.975,0.2,41.6,0.498,19.4,False,,False,30.4,False,8.1,False,57.9,False,2.5,False,26.4
74,0.0,0.3,41.8,0.463,19.5,False,,False,47.4,False,5.2,False,61.0,False,0.8,False,26.4
74,0.025,16.8,42.4,0.58,19.7,False,,False,53.1,False,8.8,False,35.1,False,0.5,False,25.0
74,0.05,31.1,46.7,0.441,21.2,False,,False,34.5,False,46.4,True,83.0,False,0.3,False,23.7
74,0.075,44.3,45.6,0.368,20.3,False,,False,27.6,False,3.6,False,43.7,False,0.2,False,22.3
74,0.1,52.4,46.2,18.515,20.3,True,FLOW_SPIKE,True,70.7,True,100.0,True,100.0,True,97.9,True,91.3
74,0.125,62.2,47.1,18.509,21.8,True,FLOW_SPIKE,False,69.4,True,100.0,True,100.0,True,97.8,True,91.2
74,0.15,69.1,45.2,21.936,19.1,True,FLOW_SPIKE,True,77.2,True,100.0,True,100.0,True,100.0,True,100.0
74,0.175,74.3,47.7,20.953,20.4,True,FLOW_SPIKE,False,65.2,True,100.0,True,100.0,True,100.0,True,100.0
74,0.2,79.2,46.7,13.304,19.2,True,FLOW_SPIKE,False,64.7,True,100.0,True,100.0,True,49.7,True,63.9
74,0.225,83.4,46.2,14.394,22.2,True,FLOW_SPIKE,False,67.0,True,100.0,True,100.0,True,58.4,True,69.7
74,0.25,87.4,48.2,16.984,19.5,True,FLOW_SPIKE,False,65.8,True,100.0,True,100.0,True,82.0,True,83.2
74,0.275,90.7,49.0,16.686,22.4,True,FLOW_SPIKE,False,63.0,True,100.0,True,100.0,True,79.0,True,81.7
74,0.3,93.3,47.0,9.783,23.9,True,FLOW_SPIKE,False,64.4,True,100.0,True,100.0,True,26.3,False,45.5
74,0.325,94.6,48.0,17.64,23.6,True,FLOW_SPIKE,False,67.8,True,100.0,True,100.0,True,88.6,True,86.7
74,0.35,96.1,47.3,0.33,19.8,True,,False,17.2,False,34.2,False,32.5,False,0.0,False,12.6
74,0.375,99.2,48.7,0.47,21.7,False,,False,2.8,False,5.7,False,18.7,False,0.0,False,13.7
74,0.4,98.4,50.2,0.472,26.3,False,,False,32.4,True,68.2,False,47.8,False,0.0,False,18.9
74,0.425,100.3,49.4,0.215,21.0,False,,False,10.4,False,13.0,False,14.0,False,0.0,False,15.1
74,0.45,101.4,49.0,0.365,22.2,False,,False,0.3,False,6.3,False,12.3,False,0.0,False,14.5
74,0.475,103.2,49.4,0.427,22.0,False,,False,0.0,False,3.1,False,15.2,False,0.0,False,15.1
74,0.5,103.1,47.7,0.34,23.8,False,,False,12.8,False,24.0,False,35.3,False,0.0,False,15.1
74,0.525,103.2,49.5,0.46,20.2,False,,False,4.3,False,16.4,False,18.2,False,0.0,False,15.6
74,0.55,103.8,49.8,0.302,23.3,False,,False,5.7,False,14.9,False,24.6,False,0.0,False,17.0
74,0.575,104.4,47.3,0.454,21.8,False,,False,11.1,False,19.7,False,49.2,False,0.0,False,15.5
74,0.6,103.1,50.6,0.285,23.1,False,,False,15.5,False,5.0,False,42.1,False,0.0,False,20.8
74,0.625,104.6,49.2,0.544,19.5,False,,False,16.5,False,9.8,False,40.1,False,0.0,False,15.6
74,0.65,104.3,50.0,0.523,21.6,False,,False,14.2,False,3.4,False,46.1,False,0.0,False,17.9
74,0.675,103.9,47.3,0.288,22.9,False,,False,22.0,False,18.9,True,76.2,False,0.0,False,15.3
74,0.7,104.3,46.9,18.565,-23.8,False,,True,100.0,True,100.0,True,100.0,True,100.0,True,91.5
74,0.725,0.0,40.8,6.949,-12.6,False,,True,74.1,False,22.2,True,74.3,True,16.0,False,45.2
74,0.75,0.2,41.8,2.777,-3.4,False,,False,50.7,False,0.8,False,38.5,False,4.3,False,31.2
74,0.775,0.0,43.5,1.328,2.5,False,,False,44.5,False,32.4,False,49.4,False,2.7,False,22.2
74,0.8,0.0,43.3,0.885,8.2,False,,False,36.3,False,27.8,False,15.2,False,2.4,False,21.3
74,0.825,0.2,42.3,0.542,13.4,False,,False,17.3,False,12.4,False,0.0,False,2.2,False,21.2
74,0.85,0.2,42.8,0.429,14.6,False,,False,15.3,False,7.8,False,2.5,False,2.3,False,21.2
74,0.875,0.0,42.3,0.269,15.7,False,,False,16.5,False,5.1,False,9.4,False,2.3,False,21.3
74,0.9,0.0,44.0,0.422,15.3,False,,False,27.7,False,25.0,False,43.9,False,2.4,False,22.3
74,0.925,0.3,41.7,0.359,18.7,False,,False,20.6,False,7.3,False,34.6,False,2.4,False,23.7
74,0.95,0.0,42.3,0.304,20.6,False,,False,28.0,False,25.7,False,58.1,False,2.5,False,25.0
75,0.975,0.5,42.2,0.393,18.8,False,,False,26.3,False,8.5,False,54.6,False,2.5,False,26.4
75,0.0,0.0,41.7,0.317,20.6,False,,False,48.7,False,5.0,False,64.4,False,0.8,False,26.4
75,0.025,16.9,42.3,0.476,19.5,False,,False,42.9,False,11.1,False,35.6,False,0.5,False,25.0
75,0.05,30.8,43.3,0.469,19.8,False,,False,36.3,False,15.1,False,28.5,False,0.3,False,23.7
75,0.075,43.3,44.9,0.325,19.5,False,,False,32.1,False,5.5,False,36.5,False,0.2,False,22.3
75,0.1,53.4,47.6,0.32,18.8,False,,False,36.2,True,53.1,False,71.2,False,0.1,False,21.0
75,0.125,61.8,47.8,0.37,23.8,False,,False,32.3,False,35.0,False,69.4,False,0.1,False,19.6
75,0.15,68.0,46.4,0.387,19.3,False,,False,22.9,False,10.4,False,44.6,False,0.0,False,18.3
75,0.175,75.0,47.3,0.062,23.7,False,,False,39.4,False,29.1,False,54.0,False,0.1,False,16.9
75,0.2,79.5,47.0,0.503,23.0,False,,False,18.1,False,7.7,False,46.3,False,0.0,False,15.6
75,0.225,83.4,48.6,0.462,21.7,False,,False,9.3,False,4.3,False,39.9,False,0.0,False,14.2
75,0.25,86.3,47.5,0.282,20.0,False,,False,13.3,False,9.7,False,34.7,False,0.0,False,12.9
75,0.275,53.9,47.6,0.389,22.4,True,PRESSURE_DROP,False,23.4,True,100.0,False,3.3,False,0.2,False,11.5
75,0.3,54.8,48.5,0.497,22.9,True,PRESSURE_DROP,False,30.7,True,100.0,False,14.9,False,0.2,False,10.8
75,0.325,76.0,48.8,0.335,24.1,True,PRESSURE_DROP,False,26.9,True,100.0,False,9.2,False,0.0,False,12.2
75,0.35,61.8,47.9,0.506,23.8,True,PRESSURE_DROP,False,30.2,True,100.0,False,0.0,False,0.2,False,10.2
75,0.375,74.6,48.4,0.591,22.5,True,PRESSURE_DROP,False,30.2,True,100.0,False,0.0,False,0.1,False,10.3
75,0.4,71.7,49.3,0.179,20.0,True,PRESSURE_DROP,False,33.1,True,100.0,False,0.0,False,0.1,False,14.6
75,0.425,69.2,49.6,0.339,22.9,True,PRESSURE_DROP,False,22.5,True,100.0,False,0.7,False,0.1,False,16.0
75,0.45,71.7,48.5,0.532,20.7,True,PRESSURE_DROP,False,24.3,True,100.0,False,0.0,False,0.1,False,10.8
75,0.475,85.5,49.5,0.301,22.4,True,PRESSURE_DROP,False,14.0,True,100.0,False,0.0,False,0.0,False,15.6
75,0.5,103.7,48.6,0.257,22.2,True,,False,6.4,False,3.2,False,18.7,False,0.0,False,15.3
75,0.525,104.3,47.9,0.531,20.2,False,,False,16.7,False,27.6,False,31.3,False,0.0,False,15.5
75,0.55,103.6,51.0,0.139,24.8,False,,False,42.6,True,55.5,False,53.1,False,0.0,False,22.7
75,0.575,104.6,48.9,0.306,22.2,False,,False,2.1,False,4.7,False,25.8,False,0.0,False,15.6
75,0.6,106.2,49.0,0.395,24.9,False,,False,21.9,False,14.2,False,45.5,False,0.0,False,16.2
75,0.625,105.9,49.2,0.388,19.9,False,,False,12.1,False,9.0,False,41.5,False,0.0,False,16.0
75,0.65,104.4,48.3,0.56,22.6,False,,False,21.4,False,10.4,False,49.9,False,0.0,False,15.5
75,0.675,105.6,49.4,0.284,22.1,False,,False,15.3,False,10.3,False,53.9,False,0.0,False,15.9
75,0.7,103.5,48.2,18.324,-24.8,False,,True,100.0,False,29.4,True,78.5,True,98.7,True,90.3
75,0.725,0.0,42.3,7.264,-13.6,False,,True,70.6,False,1.1,False,67.7,True,17.3,False,46.7
75,0.75,0.0,43.2,2.671,-6.7,False,,False,59.7,False,34.7,False,71.7,False,4.4,False,36.2
75,0.775,0.0,41.8,1.155,3.4,False,,False,34.7,False,7.9,False,31.5,False,2.6,False,21.3
75,0.8,0.0,41.0,0.586,7.8,False,,False,26.4,False,11.2,False,23.3,False,2.3,False,25.1
75,0.825,0.0,41.3,0.375,11.3,False,,False,17.8,False,14.8,False,7.0,False,2.3,False,23.6
75,0.85,0.0,41.0,0.244,14.8,False,,False,21.9,False,9.6,False,11.6,False,2.3,False,25.1
75,0.875,0.0,42.6,0.49,17.1,False,,False,15.8,False,15.3,False,11.0,False,2.3,False,21.3
75,0.9,0.0,42.1,0.24,16.1,False,,False,21.9,False,4.3,False,18.0,False,2.4,False,22.3
75,0.925,0.0,41.4,0.334,19.6,False,,False,22.3,False,14.5,False,42.9,False,2.4,False,23.7
75,0.95,0.0,41.6,0.334,19.5,False,,False,22.9,False,5.9,False,50.0,False,2.5,False,25.0
76,0.975,0.0,41.9,0.393,19.3,False,,False,23.3,False,6.8,False,57.5,False,2.6,False,26.4
76,0.0,0.3,41.1,0.603,21.9,False,,False,64.9,False,31.4,True,77.5,False,0.8,False,26.4
76,0.025,16.7,43.4,0.366,21.5,False,,False,35.7,False,11.1,False,39.9,False,0.5,False,25.0
76,0.05,31.1,43.7,0.536,19.5,False,,False,42.1,False,8.7,False,29.1,False,0.3,False,23.7
76,0.075,42.9,45.0,0.605,19.4,False,,False,42.7,False,6.5,False,36.7,False,0.2,False,22.3
76,0.1,55.1,45.5,0.403,18.6,False,,False,31.8,False,20.5,False,45.7,False,0.1,False,21.0
76,0.125,60.6,45.5,0.552,22.4,False,,False,33.9,False,16.4,False,45.9,False,0.1,False,19.6
76,0.15,68.3,47.5,0.314,20.2,False,,False,18.9,False,10.0,False,48.5,False,0.0,False,18.3
76,0.175,74.9,47.2,0.345,21.1,False,,False,10.5,False,3.5,False,43.6,False,0.0,False,16.9
76,0.2,80.5,48.5,0.467,19.8,False,,False,16.2,False,13.4,False,48.4,False,0.0,False,15.6
76,0.225,84.8,47.9,0.409,21.4,False,,False,7.4,False,3.0,False,39.1,False,0.0,False,14.2
76,0.25,85.7,50.0,0.388,22.4,False,,False,18.3,False,28.7,False,54.2,False,0.0,False,17.9
76,0.275,91.3,48.9,0.215,23.0,False,,False,18.4,False,11.9,False,36.8,False,0.0,False,12.7
76,0.3,93.2,48.3,0.394,22.4,False,,False,4.0,False,3.2,False,28.2,False,0.0,False,11.6
76,0.325,94.6,48.5,0.482,23.5,False,,False,9.1,False,6.2,False,26.8,False,0.0,False,12.1
76,0.35,96.5,50.4,0.393,24.4,False,,False,22.5,False,41.5,False,45.8,False,0.0,False,19.9
76,0.375,97.3,48.4,0.448,23.8,False,,False,7.9,False,9.0,False,21.9,False,0.0,False,13.0
76,0.4,100.5,49.5,0.315,20.3,False,,False,6.3,False,15.3,False,20.3,False,0.0,False,15.6
76,0.425,101.8,48.0,0.456,23.3,False,,False,8.5,False,9.8,False,27.1,False,0.0,False,14.6
76,0.45,100.8,49.5,0.398,21.4,False,,False,0.1,False,7.2,False,11.9,False,0.0,False,15.6
76,0.475,102.9,49.3,0.294,21.4,False,,False,2.2,False,2.6,False,14.2,False,0.0,False,15.0
76,0.5,103.1,50.1,0.435,22.3,False,,False,3.2,False,4.4,False,21.0,False,0.0,False,18.4
76,0.525,102.6,51.4,0.338,21.9,False,,False,21.1,False,32.3,False,51.4,False,0.0,False,24.6
76,0.55,102.6,50.0,0.353,22.1,False,,False,2.2,False,5.0,False,21.4,False,0.0,False,17.9
76,0.575,104.5,49.5,0.484,13.7,True,UNDERCOOLING,False,24.8,True,100.0,True,89.3,False,0.1,False,15.6
76,0.6,104.4,49.8,0.369,4.6,True,UNDERCOOLING,False,32.2,True,100.0,True,100.0,False,0.4,False,19.0
76,0.625,105.3,49.2,0.383,8.3,True,UNDERCOOLING,False,29.9,True,100.0,True,100.0,False,0.2,False,15.8
76,0.65,104.5,49.3,0.369,2.6,True,UNDERCOOLING,False,37.8,True,100.0,True,100.0,False,0.5,False,22.0
76,0.675,106.1,49.5,0.369,1.9,True,UNDERCOOLING,False,46.2,True,100.0,True,100.0,False,0.5,False,23.1
76,0.7,104.3,51.2,18.282,-38.9,True,UNDERCOOLING,True,100.0,True,100.0,True,100.0,True,100.0,True,90.0
76,0.725,0.6,42.6,7.113,-23.1,True,UNDERCOOLING,True,79.8,True,100.0,True,100.0,True,17.6,True,61.2
76,0.75,0.3,40.3,2.894,-15.9,True,UNDERCOOLING,True,75.1,True,100.0,True,100.0,False,5.4,True,50.2
76,0.775,0.1,41.7,1.29,-10.8,True,UNDERCOOLING,False,54.5,True,100.0,True,100.0,False,3.4,False,42.4
76,0.8,0.0,42.8,0.578,-6.3,True,UNDERCOOLING,False,44.3,True,100.0,True,100.0,False,3.0,False,35.6
76,0.825,0.0,41.8,0.341,13.9,True,,False,15.1,False,7.0,False,0.0,False,2.2,False,21.3
76,0.85,0.6,43.0,0.52,15.9,False,,False,25.6,False,8.2,False,4.0,False,2.3,False,21.1
76,0.875,0.1,41.8,0.331,14.5,False,,False,17.8,False,5.7,False,7.9,False,2.3,False,21.3
76,0.9,0.0,40.5,0.39,16.9,False,,False,22.6,False,11.9,False,36.2,False,2.4,False,27.5
76,0.925,0.6,40.7,0.478,17.6,False,,False,33.3,False,9.1,False,40.7,False,2.4,False,26.5
76,0.95,0.0,41.7,0.482,19.6,False,,False,23.6,False,6.3,False,48.8,False,2.5,False,25.0
77,0.975,0.0,42.5,0.511,18.2,False,,False,28.1,False,12.3,False,52.8,False,2.6,False,26.4
77,0.0,0.1,43.6,0.259,19.8,False,,False,48.9,False,19.8,False,70.1,False,0.8,False,26.4
77,0.025,17.1,42.0,0.3,20.2,False,,False,43.5,False,14.8,False,39.7,False,0.5,False,25.0
77,0.05,31.1,44.9,0.373,22.2,False,,False,34.3,False,16.5,False,46.2,False,0.3,False,23.7
77,0.075,43.3,43.9,0.44,21.7,False,,False,30.5,False,7.8,False,37.3,False,0.2,False,22.3
77,0.1,53.2,45.9,0.708,23.1,False,,False,49.7,False,23.7,False,51.7,False,0.1,False,21.0
77,0.125,60.6,48.9,0.442,21.9,False,,False,29.3,True,84.6,True,84.8,False,0.1,False,19.6
77,0.15,68.7,48.2,0.445,22.7,False,,False,20.5,False,26.5,False,60.0,False,0.0,False,18.3
77,0.175,74.3,48.3,0.446,22.7,False,,False,17.3,False,17.7,False,52.8,False,0.0,False,16.9
77,0.2,79.9,47.1,0.308,21.8,False,,False,12.5,False,4.4,False,42.9,False,0.0,False,15.6
77,0.225,83.4,48.2,0.201,20.8,False,,False,20.0,False,8.0,False,38.0,False,0.0,False,14.2
77,0.25,87.3,47.8,0.549,22.9,False,,False,18.0,False,8.1,False,37.6,False,0.0,False,12.9
77,0.275,91.3,47.6,0.346,23.7,False,,False,12.6,False,19.2,False,42.2,False,0.0,False,11.5
77,0.3,93.0,49.0,0.427,21.5,False,,False,4.6,False,3.8,False,27.7,False,0.0,False,13.2
77,0.325,94.9,47.7,0.327,22.4,False,,False,8.5,False,4.5,False,29.2,False,0.0,False,12.2
77,0.35,96.1,47.7,0.424,17.5,False,,False,22.3,True,76.2,False,39.1,False,0.0,False,12.6
77,0.375,98.4,48.8,0.256,20.3,False,,False,11.6,False,11.5,False,18.4,False,0.0,False,13.4
77,0.4,98.8,47.6,0.418,22.3,False,,False,7.8,False,13.1,False,25.0,False,0.0,False,13.5
77,0.425,99.9,49.3,0.347,23.4,False,,False,3.2,False,7.1,False,15.7,False,0.0,False,14.6
77,0.45,101.3,49.3,0.436,22.3,False,,False,0.0,False,3.9,False,12.6,False,0.0,False,14.6
77,0.475,102.8,48.1,0.379,24.0,False,,False,10.9,False,18.7,False,28.4,False,0.0,False,15.0
77,0.5,101.6,49.7,0.459,21.0,False,,False,1.3,False,10.3,False,13.4,False,0.0,False,16.5
77,0.525,104.0,47.3,0.464,20.2,False,,False,17.2,False,35.2,False,42.5,False,0.0,False,15.4
77,0.55,104.0,51.1,0.497,22.5,False,,False,19.1,False,29.0,False,46.6,False,0.0,False,23.2
77,0.575,105.0,90.0,0.411,20.4,True,THERMAL,False,31.0,True,100.0,True,100.0,False,5.0,True,100.0
77,0.6,103.1,91.9,0.569,24.5,True,THERMAL,False,46.3,True,100.0,True,100.0,True,5.5,True,100.0
77,0.625,106.0,90.5,0.639,18.4,True,THERMAL,False,60.2,True,100.0,True,100.0,False,5.1,True,100.0
77,0.65,104.7,89.5,0.344,22.9,True,THERMAL,False,34.1,True,100.0,True,100.0,False,4.9,True,100.0
77,0.675,105.9,90.0,0.479,19.7,True,THERMAL,False,45.0,True,100.0,True,100.0,False,4.9,True,100.0
77,0.7,105.6,86.3,18.304,-25.2,True,THERMAL,True,100.0,True,100.0,True,100.0,True,100.0,True,100.0
77,0.725,0.8,91.1,7.244,-15.3,True,THERMAL,True,99.7,True,100.0,True,100.0,True,24.3,True,100.0
77,0.75,0.4,70.5,2.746,-4.2,True,THERMAL,True,84.6,True,100.0,True,100.0,True,6.7,True,100.0
77,0.775,0.8,89.0,1.31,3.7,True,THERMAL,True,77.1,True,100.0,True,100.0,True,9.1,True,100.0
77,0.8,0.0,73.3,0.883,9.4,True,THERMAL,True,71.6,True,100.0,True,100.0,False,5.2,True,100.0
77,0.825,0.0,42.0,0.528,13.8,True,,False,16.7,False,6.9,False,0.0,False,2.2,False,21.3
77,0.85,0.0,41.7,0.358,13.1,False,,False,14.2,False,2.2,False,3.1,False,2.3,False,21.7
77,0.875,0.2,42.5,0.481,16.8,False,,False,15.9,False,4.9,False,9.2,False,2.3,False,21.2
77,0.9,0.0,41.3,0.21,14.4,False,,False,29.2,False,29.1,False,22.2,False,2.4,False,23.6
77,0.925,0.2,41.1,0.427,19.5,False,,False,22.6,False,11.6,False,44.7,False,2.4,False,24.6
77,0.95,0.0,43.0,0.309,19.1,False,,False,25.6,False,5.9,False,54.5,False,2.5,False,25.0
78,0.975,0.0,43.1,0.389,19.4,False,,False,28.8,False,12.5,False,67.9,False,2.6,False,26.4
78,0.0,0.8,41.0,0.194,22.0,False,,False,65.8,False,43.9,True,80.2,False,0.8,False,26.4
78,0.025,16.4,43.7,0.558,20.9,False,,False,44.8,False,4.3,False,40.6,False,0.5,False,25.0
78,0.05,30.3,44.4,0.41,22.2,False,,False,34.8,False,9.5,False,39.9,False,0.3,False,23.7
78,0.075,42.7,46.4,0.392,21.2,False,,False,26.7,False,10.0,False,57.1,False,0.2,False,22.3
78,0.1,52.5,45.9,0.471,19.7,False,,False,27.5,False,7.0,False,42.3,False,0.1,False,21.0
78,0.125,61.8,46.2,0.537,21.8,False,,False,29.2,False,2.1,False,45.8,False,0.1,False,19.6
78,0.15,68.3,46.2,0.526,22.3,False,,False,26.6,False,7.7,False,46.9,False,0.0,False,18.3
78,0.175,75.6,47.8,0.396,21.9,False,,False,11.0,False,5.2,False,47.6,False,0.0,False,16.9
78,0.2,79.6,47.1,0.572,21.5,False,,False,23.7,False,4.8,False,41.8,False,0.0,False,15.6
78,0.225,83.1,48.5,0.421,21.1,False,,False,8.6,False,5.2,False,38.4,False,0.0,False,14.2
78,0.25,87.2,48.3,0.496,22.3,False,,False,10.5,False,4.6,False,34.8,False,0.0,False,12.9
78,0.275,89.5,48.5,0.171,20.1,False,,False,25.6,False,9.6,False,30.6,False,0.0,False,11.5
78,0.3,93.0,48.6,0.297,23.4,False,,False,10.6,False,14.7,False,31.1,False,0.0,False,11.5
78,0.325,93.7,48.7,0.321,19.8,False,,False,10.8,False,18.9,False,22.4,False,0.0,False,11.7
78,0.35,96.9,49.5,0.345,21.1,False,,False,3.7,False,10.6,False,23.3,False,0.0,False,15.6
78,0.375,99.1,47.9,0.454,22.2,False,,False,5.9,False,6.2,False,25.4,False,0.0,False,13.7
78,0.4,99.2,49.2,0.425,21.4,False,,False,1.2,False,4.6,False,13.8,False,0.0,False,14.1
78,0.425,99.8,49.8,0.498,25.1,False,,False,21.9,False,22.9,False,29.5,False,0.0,False,17.0
78,0.45,101.8,49.4,0.417,21.7,False,,False,0.0,False,2.3,False,13.5,False,0.0,False,15.1
78,0.475,102.5,49.3,0.384,21.3,False,,False,0.0,False,2.1,False,13.2,False,0.0,False,14.8
78,0.5,103.7,48.9,0.467,22.2,False,,False,0.4,False,5.0,False,16.5,False,0.0,False,15.3
78,0.525,103.9,50.3,0.295,25.1,False,,False,25.7,False,26.0,False,38.7,False,0.0,False,19.4
78,0.55,104.2,49.5,0.291,22.8,False,,False,5.8,False,7.6,False,22.1,False,0.0,False,15.6
78,0.575,104.2,50.3,0.397,22.2,False,,False,4.6,False,7.8,False,32.1,False,0.0,False,19.4
78,0.6,104.6,48.3,0.574,21.7,False,,False,16.4,False,5.6,False,35.8,False,0.0,False,15.6
78,0.625,105.5,49.5,0.576,24.5,False,,False,26.0,False,16.9,False,46.8,False,0.0,False,15.9
78,0.65,104.8,47.8,0.407,19.5,False,,False,21.7,False,50.9,False,60.4,False,0.0,False,15.7
78,0.675,105.3,50.8,0.496,21.9,False,,False,22.5,False,19.9,False,69.4,False,0.0,False,21.8
78,0.7,105.5,48.8,18.436,-24.4,False,,True,94.5,False,4.4,False,70.4,True,99.9,True,90.8
78,0.725,0.2,42.5,6.926,-14.8,False,,True,73.8,False,0.5,False,66.8,True,16.1,False,48.5
78,0.75,1.1,41.9,2.754,-2.0,False,,False,59.0,False,16.5,False,30.7,False,4.2,False,29.0
78,0.775,0.2,42.6,1.37,1.6,False,,False,40.3,False,0.3,False,42.0,False,2.7,False,23.6
78,0.8,0.0,43.2,0.782,5.8,False,,False,34.3,False,42.0,False,33.8,False,2.4,False,21.3
78,0.825,0.0,43.0,0.519,11.5,False,,False,20.8,False,9.9,False,4.6,False,2.3,False,21.3
78,0.85,0.0,41.3,0.249,12.5,False,,False,21.4,False,8.7,False,11.0,False,2.3,False,23.6
78,0.875,0.2,42.1,0.408,17.2,False,,False,14.0,False,10.7,False,9.8,False,2.3,False,21.2
78,0.9,0.7,42.8,0.278,17.5,False,,False,29.2,False,12.0,False,24.7,False,2.4,False,22.3
78,0.925,0.0,43.1,0.487,20.4,False,,False,28.6,False,23.9,False,53.2,False,2.4,False,23.7
78,0.95,0.1,43.3,0.39,17.6,False,,False,24.3,False,6.8,False,51.6,False,2.5,False,25.0
79,0.975,0.0,40.9,0.418,19.3,False,,False,28.7,False,17.6,False,65.6,False,2.6,False,26.4
79,0.0,0.0,41.9,0.545,20.3,False,,False,53.9,False,1.0,False,61.6,False,0.8,False,26.4
79,0.025,17.6,42.2,0.523,23.1,False,,False,55.1,True,61.3,False,50.5,False,0.5,False,25.0
79,0.05,32.2,42.6,0.409,22.7,False,,False,43.7,True,61.5,False,44.6,False,0.3,False,23.7
79,0.075,42.4,45.6,0.446,21.0,False,,False,25.2,False,3.0,False,43.4,False,0.2,False,22.3
79,0.1,52.3,46.0,0.438,20.3,False,,False,22.9,False,3.4,False,42.7,False,0.1,False,21.0
79,0.125,61.2,45.6,0.413,19.8,False,,False,22.7,False,10.1,False,42.5,False,0.1,False,19.6
79,0.15,68.2,48.2,0.406,21.0,False,,False,17.3,False,18.4,False,56.5,False,0.0,False,18.3
79,0.175,75.1,47.7,0.376,23.6,False,,False,17.3,False,15.0,False,52.9,False,0.0,False,16.9
79,0.2,79.5,48.2,0.276,21.7,False,,False,13.5,False,6.2,False,43.4,False,0.0,False,15.6
79,0.225,84.3,48.2,0.416,22.7,False,,False,10.2,False,7.5,False,41.2,False,0.0,False,14.2
79,0.25,87.8,47.0,0.466,20.1,False,,False,14.8,False,12.3,False,42.1,False,0.0,False,12.9
79,0.275,89.5,48.5,0.425,22.3,False,,False,6.5,False,5.8,False,29.4,False,0.0,False,11.5
79,0.3,94.0,49.7,0.243,21.4,False,,False,15.3,False,4.3,False,37.3,False,0.0,False,16.5
79,0.325,94.5,50.9,0.51,22.0,False,,False,22.2,False,33.4,False,56.5,False,0.0,False,22.2
79,0.35,96.4,48.9,0.693,20.0,False,,False,33.6,False,21.9,False,21.5,False,0.0,False,12.7
79,0.375,97.7,49.9,0.435,21.8,False,,False,5.8,False,2.5,False,22.9,False,0.0,False,17.5
79,0.4,99.8,51.1,0.216,24.3,False,,False,35.9,False,52.3,False,55.9,False,0.0,False,23.2
79,0.425,99.8,48.0,0.49,20.3,False,,False,10.7,False,16.6,False,18.5,False,0.0,False,13.9
79,0.45,101.4,49.4,0.261,21.5,False,,False,6.6,False,5.2,False,12.9,False,0.0,False,15.1
79,0.475,101.4,47.0,0.348,23.2,False,,False,16.0,True,57.3,False,43.4,False,0.0,False,14.5
79,0.5,102.2,49.6,0.636,23.7,False,,False,24.2,False,20.8,False,19.1,False,0.0,False,16.0
79,0.525,103.3,47.6,0.227,21.9,False,,False,13.7,False,17.4,False,33.5,False,0.0,False,15.1
79,0.55,103.7,51.2,0.34,23.7,False,,False,21.8,False,36.8,False,52.3,False,0.0,False,23.7
79,0.575,103.4,50.4,0.529,23.4,False,,False,17.3,False,11.5,False,35.3,False,0.0,False,19.9
79,0.6,103.9,49.6,0.539,20.7,False,,False,11.2,False,10.2,False,29.7,False,0.0,False,16.0
79,0.625,104.9,49.2,0.393,24.3,False,,False,12.9,False,8.2,False,43.9,False,0.0,False,15.7
79,0.65,104.7,49.6,0.37,21.1,False,,False,6.8,False,2.4,False,44.0,False,0.0,False,16.0
79,0.675,105.1,49.3,0.323,21.9,False,,False,9.7,False,9.6,False,52.5,False,0.0,False,15.8
79,0.7,103.9,50.9,18.455,-23.8,False,,True,100.0,True,77.8,True,95.4,True,100.0,True,90.9
79,0.725,0.0,42.5,7.047,-15.0,False,,True,71.2,False,3.4,False,70.9,True,16.6,False,48.8
79,0.75,0.0,43.7,2.839,-3.1,False,,False,59.8,False,36.8,False,55.4,False,4.4,False,30.7
79,0.775,0.0,42.1,1.318,0.5,False,,False,40.2,False,14.1,False,51.7,False,2.8,False,25.2
79,0.8,0.4,40.1,0.552,8.2,False,,False,37.4,False,24.9,False,44.3,False,2.3,False,29.4
79,0.825,0.0,42.1,0.34,12.3,False,,False,15.3,False,6.8,False,0.0,False,2.3,False,21.3
79,0.85,0.0,41.1,0.362,11.7,False,,False,18.8,False,17.0,False,14.1,False,2.3,False,24.6
79,0.875,0.0,42.0,0.431,17.3,False,,False,12.4,False,9.3,False,10.1,False,2.3,False,21.3
79,0.9,0.9,41.1,0.509,15.4,False,,False,36.9,False,9.5,False,19.2,False,2.4,False,24.6
79,0.925,0.0,44.4,0.426,17.1,False,,False,30.9,False,30.3,False,68.4,False,2.5,False,23.7
79,0.95,0.2,40.9,0.415,20.6,False,,False,30.9,False,30.5,False,65.1,False,2.5,False,25.6
80,0.975,8.0,42.3,0.273,17.9,True,OVERPRESSURE,False,40.7,True,98.0,False,48.4,False,2.3,False,26.4
80,0.0,11.1,41.3,0.602,21.5,True,OVERPRESSURE,False,66.6,False,31.9,False,63.9,False,0.6,False,26.4
80,0.025,28.6,41.2,0.53,21.8,True,OVERPRESSURE,False,59.8,True,67.2,False,69.5,False,0.3,False,25.0
80,0.05,39.1,42.5,0.517,19.0,True,OVERPRESSURE,False,49.8,False,39.9,False,47.7,False,0.2,False,23.7
80,0.075,53.3,43.7,0.507,20.4,True,OVERPRESSURE,False,38.2,False,17.8,False,56.0,False,0.1,False,22.3
80,0.1,52.9,46.1,0.465,21.0,True,,False,22.4,False,4.2,False,44.6,False,0.1,False,21.0
80,0.125,61.5,45.7,0.44,20.2,False,,False,20.0,False,6.2,False,42.7,False,0.1,False,19.6
80,0.15,69.4,46.7,0.429,22.4,False,,False,16.7,False,5.0,False,48.4,False,0.0,False,18.3
80,0.175,74.6,48.4,0.414,25.2,False,,False,29.7,False,51.1,False,69.3,False,0.0,False,16.9
80,0.2,79.9,47.1,0.453,22.1,False,,False,10.7,False,4.0,False,43.4,False,0.0,False,15.6
80,0.225,83.4,47.0,0.304,20.6,False,,False,14.5,False,7.3,False,40.3,False,0.0,False,14.2
80,0.25,87.0,48.6,0.397,23.7,False,,False,13.0,False,17.0,False,40.8,False,0.0,False,12.9
80,0.275,89.3,48.4,0.19,21.8,False,,False,22.1,False,2.2,False,28.8,False,0.0,False,11.5
80,0.3,93.1,48.2,0.45,22.8,False,,False,4.7,False,3.9,False,29.5,False,0.0,False,11.5
80,0.325,92.9,50.3,0.596,22.9,False,,False,32.9,False,18.4,False,40.5,False,0.0,False,19.4
80,0.35,97.4,49.3,0.488,23.3,False,,False,7.5,False,13.5,False,26.0,False,0.0,False,14.6
80,0.375,98.7,47.3,0.433,23.4,False,,False,12.8,False,23.5,False,38.2,False,0.0,False,13.5
80,0.4,98.4,48.1,0.301,23.5,False,,False,9.9,False,10.7,False,21.2,False,0.0,False,13.4
80,0.425,101.3,49.2,0.28,22.4,False,,False,4.9,False,4.8,False,15.6,False,0.0,False,14.4
80,0.45,101.7,50.5,0.522,24.3,False,,False,25.1,False,29.4,False,35.3,False,0.0,False,20.3
80,0.475,102.5,48.3,0.32,21.6,False,,False,2.3,False,5.2,False,17.7,False,0.0,False,14.8
80,0.5,102.7,49.2,0.444,22.5,False,,False,0.0,False,6.1,False,14.0,False,0.0,False,14.9
80,0.525,102.5,49.3,0.531,23.7,False,,False,12.3,False,11.8,False,19.0,False,0.0,False,14.8
80,0.55,103.7,49.3,0.449,23.1,False,,False,1.5,False,6.6,False,21.3,False,0.0,False,15.3
80,0.575,104.0,50.6,0.461,23.1,False,,False,11.2,False,12.2,False,38.9,False,0.0,False,20.8
80,0.6,103.7,49.8,0.352,21.1,False,,False,3.4,False,7.6,False,29.9,False,0.0,False,17.0
80,0.625,103.8,49.7,0.589,22.8,False,,False,17.7,False,7.3,False,36.9,False,0.0,False,16.5
80,0.65,103.8,49.6,0.301,21.5,False,,False,8.8,False,1.0,False,42.0,False,0.0,False,16.0
80,0.675,104.5,49.2,0.502,20.3,False,,False,16.5,False,12.1,False,52.7,False,0.0,False,15.6
80,0.7,106.1,49.2,18.614,-23.8,False,,True,98.2,False,7.8,False,70.9,True,100.0,True,91.8
80,0.725,0.6,42.5,7.35,-13.5,False,,True,74.2,False,4.1,False,70.5,True,17.7,False,46.5
80,0.75,0.6,42.6,2.89,-3.8,False,,False,54.8,False,1.2,False,38.4,False,4.5,False,31.8
80,0.775,0.0,41.6,1.24,1.4,False,,False,36.9,False,11.1,False,48.3,False,2.7,False,23.9
80,0.8,0.8,42.1,0.751,7.2,False,,False,36.1,False,1.9,False,12.8,False,2.3,False,21.0
80,0.825,0.1,42.5,0.379,10.6,False,,False,16.7,False,3.7,False,6.5,False,2.3,False,21.2
80,0.85,0.1,40.9,0.298,13.7,False,,False,22.6,False,9.4,False,13.3,False,2.3,False,25.6
80,0.875,0.1,41.4,0.356,18.7,False,,False,18.9,False,27.3,False,21.1,False,2.3,False,23.2
80,0.9,0.0,44.3,0.319,14.9,False,,False,34.0,False,49.9,False,54.7,False,2.4,False,22.3
80,0.925,0.0,42.2,0.425,19.6,False,,False,17.6,False,14.8,False,39.3,False,2.4,False,23.7
80,0.95,0.3,42.7,0.425,17.8,False,,False,23.5,False,2.5,False,42.5,False,2.5,False,25.0
81,0.975,0.3,42.8,0.422,17.9,False,,False,27.7,False,7.4,False,55.2,False,2.5,False,26.4
81,0.0,0.4,42.8,0.247,18.2,False,,False,52.9,False,15.7,False,61.9,False,0.8,False,26.4
81,0.025,17.2,42.6,0.477,23.8,False,,False,53.2,True,80.3,False,53.5,False,0.5,False,25.0
81,0.05,30.9,44.9,0.423,18.4,False,,False,40.2,False,22.5,False,42.6,False,0.3,False,23.7
81,0.075,43.4,46.2,0.365,21.3,False,,False,28.1,False,4.9,False,53.6,False,0.2,False,22.3
81,0.1,53.5,45.7,0.459,22.6,False,,False,25.5,False,9.2,False,47.3,False,0.1,False,21.0
81,0.125,61.3,46.4,0.512,20.2,False,,False,23.1,False,5.7,False,44.1,False,0.1,False,19.6
81,0.15,68.9,47.5,0.342,22.6,False,,False,18.0,False,9.6,False,52.0,False,0.0,False,18.3
81,0.175,74.3,48.3,0.362,22.3,False,,False,16.4,False,9.8,False,51.6,False,0.0,False,16.9
81,0.2,79.7,46.4,0.355,21.0,False,,False,15.1,False,7.0,False,46.7,False,0.0,False,15.6
81,0.225,83.9,47.3,0.298,21.2,False,,False,11.0,False,4.2,False,39.2,False,0.0,False,14.2
81,0.25,87.6,47.6,0.481,5.7,True,UNDERCOOLING,False,34.9,True,100.0,True,100.0,False,0.3,False,17.3
81,0.275,90.3,49.5,0.226,1.8,True,UNDERCOOLING,False,49.8,True,100.0,True,100.0,False,0.5,False,23.3
81,0.3,92.6,46.8,0.598,10.9,True,UNDERCOOLING,False,46.7,True,100.0,True,100.0,False,0.2,False,11.4
81,0.325,94.5,49.0,0.486,3.7,True,UNDERCOOLING,False,35.6,True,100.0,True,100.0,False,0.4,False,20.4
81,0.35,97.6,47.2,0.346,7.5,True,UNDERCOOLING,False,35.8,True,100.0,True,100.0,False,0.3,False,14.6
81,0.375,97.3,48.0,0.303,1.2,True,UNDERCOOLING,False,41.4,True,100.0,True,100.0,False,0.5,False,24.2
81,0.4,98.5,48.8,0.249,3.4,True,UNDERCOOLING,False,39.6,True,100.0,True,100.0,False,0.4,False,20.8
81,0.425,100.0,49.0,0.492,8.2,True,UNDERCOOLING,False,29.0,True,100.0,True,100.0,False,0.2,False,14.0
81,0.45,101.3,46.6,0.377,3.5,True,UNDERCOOLING,False,40.1,True,100.0,True,100.0,False,0.5,False,20.7
81,0.475,101.4,49.0,0.361,6.7,True,UNDERCOOLING,False,27.1,True,100.0,True,100.0,False,0.3,False,15.8
81,0.5,102.6,48.2,0.481,22.7,True,,False,3.7,False,9.0,False,21.0,False,0.0,False,14.9
81,0.525,103.1,48.4,0.49,19.9,False,,False,9.3,False,21.5,False,21.9,False,0.0,False,15.1
81,0.55,104.7,49.1,0.655,20.0,False,,False,27.5,False,22.4,False,24.6,False,0.0,False,15.6
81,0.575,104.4,48.5,0.358,20.3,False,,False,4.4,False,10.1,False,29.3,False,0.0,False,15.5
81,0.6,104.1,50.1,0.319,23.9,False,,False,12.8,False,11.3,False,38.8,False,0.0,False,18.4
81,0.625,104.9,51.8,0.271,21.3,False,,False,33.4,False,27.5,True,83.7,False,0.0,False,26.5
81,0.65,106.0,49.4,0.583,20.3,False,,False,24.8,False,8.2,False,48.1,False,0.0,False,16.1
81,0.675,105.4,50.7,0.403,18.6,False,,False,31.4,True,65.8,True,77.9,False,0.0,False,21.3
81,0.7,104.5,47.6,18.462,-26.3,False,,True,100.0,True,62.9,True,94.7,True,100.0,True,91.0
81,0.725,0.0,41.8,6.952,-12.7,False,,True,71.2,False,3.6,False,57.1,True,16.0,False,45.3
81,0.75,0.0,39.8,2.912,-3.7,False,,False,63.1,True,91.1,True,85.8,False,4.6,False,31.6
81,0.775,0.0,43.7,1.211,4.4,False,,False,42.7,False,38.5,False,41.3,False,2.6,False,21.3
81,0.8,0.0,41.0,0.515,5.9,False,,False,26.9,False,21.9,False,40.9,False,2.4,False,25.1
81,0.825,0.0,41.4,0.202,9.9,False,,False,27.5,False,29.4,False,18.1,False,2.3,False,23.2
81,0.85,0.2,43.6,0.276,15.9,False,,False,24.7,False,14.1,False,19.3,False,2.3,False,21.2
81,0.875,0.0,40.8,0.346,13.3,False,,False,24.4,False,15.8,False,21.6,False,2.4,False,26.0
81,0.9,0.0,41.1,0.361,17.6,False,,False,19.3,False,7.4,False,27.1,False,2.4,False,24.6
81,0.925,0.0,41.6,0.319,18.5,False,,False,19.0,False,11.6,False,34.9,False,2.4,False,23.7
81,0.95,0.0,40.7,0.523,19.0,False,,False,32.0,False,14.6,False,56.7,False,2.5,False,26.5
82,0.975,0.5,42.2,0.244,21.6,False,,False,42.8,False,48.1,True,76.9,False,2.6,False,26.4
82,0.0,0.2,41.6,0.33,21.4,False,,False,49.1,False,12.1,False,67.8,False,0.8,False,26.4
82,0.025,16.4,41.8,0.237,19.7,False,,False,52.6,False,27.7,False,42.0,False,0.5,False,25.0
82,0.05,30.8,44.2,0.266,20.0,False,,False,35.6,False,0.0,False,32.6,False,0.3,False,23.7
82,0.075,42.7,46.6,0.266,21.0,False,,False,33.9,False,16.1,False,61.2,False,0.2,False,22.3
82,0.1,54.1,44.2,0.421,21.1,False,,False,27.4,False,13.5,False,44.8,False,0.1,False,21.0
82,0.125,60.9,47.6,0.257,20.2,False,,False,27.1,False,28.4,False,57.0,False,0.1,False,19.6
82,0.15,70.0,45.6,0.413,22.9,False,,False,23.2,False,12.6,False,56.5,False,0.0,False,18.3
82,0.175,73.9,46.2,0.276,17.9,False,,False,36.8,False,51.1,False,52.7,False,0.0,False,16.9
82,0.2,79.9,47.7,0.377,22.7,False,,False,10.4,False,4.8,False,44.2,False,0.0,False,15.6
82,0.225,83.2,46.9,0.386,22.9,False,,False,13.8,False,8.8,False,44.6,False,0.0,False,14.2
82,0.25,87.9,47.8,0.505,2.3,True,UNDERCOOLING,False,39.8,True,100.0,True,100.0,False,0.5,False,22.5
82,0.275,90.5,48.2,0.332,8.0,True,UNDERCOOLING,False,29.8,True,100.0,True,100.0,False,0.2,False,13.8
82,0.3,92.7,48.7,0.361,5.2,True,UNDERCOOLING,False,31.7,True,100.0,True,100.0,False,0.3,False,18.1
82,0.325,95.5,50.7,0.502,9.4,True,UNDERCOOLING,False,44.5,True,100.0,True,100.0,False,0.2,False,21.3
82,0.35,96.5,49.2,0.395,3.5,True,UNDERCOOLING,False,34.3,True,100.0,True,100.0,False,0.4,False,20.7
82,0.375,99.1,48.0,0.33,3.3,True,UNDERCOOLING,False,37.9,True,100.0,True,100.0,False,0.4,False,21.0
82,0.4,99.7,49.9,0.373,7.2,True,UNDERCOOLING,False,29.5,True,100.0,True,100.0,False,0.3,False,17.5
82,0.425,100.8,47.9,0.302,3.9,True,UNDERCOOLING,False,39.6,True,100.0,True,100.0,False,0.4,False,20.1
82,0.45,100.3,49.0,0.428,4.3,True,UNDERCOOLING,False,30.3,True,100.0,True,100.0,False,0.4,False,19.5
82,0.475,101.3,48.7,0.561,3.9,True,UNDERCOOLING,False,39.6,True,100.0,True,100.0,False,0.4,False,20.1
82,0.5,103.1,48.0,0.338,2.0,True,UNDERCOOLING,False,39.2,True,100.0,True,100.0,False,0.5,False,23.0
82,0.525,104.0,49.1,0.404,24.0,True,,False,7.6,False,10.0,False,23.8,False,0.0,False,15.4
82,0.55,103.4,49.5,0.404,21.8,False,,False,0.0,False,3.5,False,18.7,False,0.0,False,15.6
82,0.575,104.0,49.2,0.59,22.3,False,,False,13.0,False,6.9,False,23.9,False,0.0,False,15.4
82,0.6,104.0,48.7,0.288,25.7,False,,False,27.3,True,55.8,False,49.0,False,0.0,False,15.4
82,0.625,105.4,50.1,0.428,23.0,False,,False,10.9,False,3.0,False,43.8,False,0.0,False,18.4
82,0.65,105.8,48.5,0.405,24.9,False,,False,24.5,False,21.8,False,61.7,False,0.0,False,16.0
82,0.675,105.8,50.5,0.468,21.0,False,,False,20.7,False,26.3,False,65.0,False,0.0,False,20.3
82,0.7,105.4,51.4,18.371,-22.8,False,,True,100.0,True,100.0,True,100.0,True,99.0,True,90.5
82,0.725,0.0,40.9,7.081,-14.7,False,,True,75.6,False,21.5,True,85.6,True,16.7,False,48.4
82,0.75,0.0,42.5,2.823,-2.2,False,,False,50.0,False,7.2,False,31.2,False,4.3,False,29.4
82,0.775,0.0,41.7,1.508,3.6,False,,False,38.3,False,15.1,False,22.3,False,2.8,False,21.7
82,0.8,0.0,40.1,0.817,6.5,False,,False,43.1,False,22.4,False,50.7,False,2.4,False,29.4
82,0.825,0.0,42.3,0.385,13.0,False,,False,13.7,False,9.3,False,0.0,False,2.2,False,21.3
82,0.85,0.1,42.1,0.396,15.5,False,,False,11.6,False,6.4,False,0.0,False,2.3,False,21.2
82,0.875,0.2,42.4,0.353,15.2,False,,False,15.6,False,4.2,False,7.8,False,2.3,False,21.2
82,0.9,0.6,42.2,0.314,17.0,False,,False,24.7,False,5.4,False,18.3,False,2.4,False,22.3
82,0.925,0.6,43.1,0.336,17.9,False,,False,28.4,False,6.3,False,39.0,False,2.4,False,23.7
82,0.95,0.3,43.8,0.65,18.9,False,,False,42.2,False,20.5,False,66.5,False,2.5,False,25.0
83,0.975,0.0,41.6,0.408,18.4,False,,False,23.4,False,5.6,False,53.2,False,2.6,False,26.4
83,0.0,0.0,42.4,0.368,17.6,False,,False,48.3,False,23.5,False,62.2,False,0.8,False,26.4
83,0.025,16.8,44.6,0.49,20.7,False,,False,36.8,False,21.9,False,53.8,False,0.5,False,25.0
83,0.05,31.3,44.0,0.309,22.0,False,,False,37.0,False,10.4,False,36.4,False,0.3,False,23.7
83,0.075,42.9,43.8,0.319,20.8,False,,False,33.4,False,4.9,False,34.6,False,0.2,False,22.3
83,0.1,53.3,47.3,0.46,21.2,False,,False,23.5,False,23.8,False,62.1,False,0.1,False,21.0
83,0.125,61.7,45.3,0.428,20.5,False,,False,22.6,False,7.9,False,44.0,False,0.1,False,19.6
83,0.15,68.0,46.9,0.471,20.6,False,,False,16.9,False,2.2,False,43.7,False,0.0,False,18.3
83,0.175,75.1,47.8,0.304,21.0,False,,False,12.1,False,4.3,False,46.2,False,0.0,False,16.9
83,0.2,79.8,46.2,0.333,22.5,False,,False,20.9,False,9.5,False,52.5,False,0.0,False,15.6
83,0.225,83.4,47.8,0.304,21.4,False,,False,8.4,False,4.4,False,36.7,False,0.0,False,14.2
83,0.25,88.8,49.1,0.514,22.7,False,,False,15.7,False,8.2,False,43.4,False,0.0,False,13.6
83,0.275,90.5,47.2,0.361,22.2,False,,False,8.3,False,6.3,False,38.8,False,0.0,False,11.5
83,0.3,93.2,47.1,0.432,19.3,False,,False,19.7,False,27.9,False,41.6,False,0.0,False,11.6
83,0.325,95.9,50.5,0.322,22.1,False,,False,17.4,False,16.2,False,47.2,False,0.0,False,20.3
83,0.35,95.8,49.6,0.631,23.6,False,,False,30.0,False,18.3,False,27.7,False,0.0,False,16.0
83,0.375,98.1,49.1,0.415,20.8,False,,False,3.3,False,7.9,False,16.8,False,0.0,False,13.6
83,0.4,98.7,48.0,0.262,24.6,False,,False,22.2,False,23.7,False,29.9,False,0.0,False,13.5
83,0.425,101.7,51.5,0.381,21.2,False,,False,21.5,False,31.9,False,60.2,False,0.0,False,25.1
83,0.45,101.2,48.9,0.347,20.8,False,,False,2.2,False,6.2,False,12.1,False,0.0,False,14.4
83,0.475,103.4,47.8,0.46,21.5,False,,False,7.7,False,16.0,False,27.5,False,0.0,False,15.2
83,0.5,102.6,50.3,0.299,24.0,False,,False,13.7,False,9.8,False,28.8,False,0.0,False,19.4
83,0.525,81.9,50.3,0.288,24.4,True,PRESSURE_DROP,False,32.9,True,100.0,False,16.4,False,0.1,False,19.4
83,0.55,64.5,49.8,0.482,21.9,True,PRESSURE_DROP,False,26.6,True,100.0,False,13.2,False,0.3,False,17.0
83,0.575,82.9,49.5,0.329,24.3,True,PRESSURE_DROP,False,26.5,True,100.0,False,8.0,False,0.1,False,15.6
83,0.6,66.5,50.3,0.254,19.1,True,PRESSURE_DROP,False,39.9,True,100.0,False,38.5,False,0.3,False,19.4
83,0.625,80.0,49.8,0.411,20.0,True,PRESSURE_DROP,False,23.6,True,100.0,False,16.6,False,0.1,False,17.0
83,0.65,66.2,47.5,0.45,21.1,True,PRESSURE_DROP,False,27.1,True,100.0,False,3.0,False,0.3,False,8.8
83,0.675,89.2,48.6,0.335,22.8,True,PRESSURE_DROP,False,19.3,True,100.0,False,28.8,False,0.1,False,11.3
83,0.7,82.9,49.9,18.431,-27.4,True,PRESSURE_DROP,True,100.0,True,100.0,True,100.0,True,100.0,True,90.8
83,0.725,0.0,43.4,7.035,-14.9,True,PRESSURE_DROP,True,76.2,False,38.8,True,82.4,True,16.5,False,48.7
83,0.75,0.0,41.7,3.001,-1.6,True,PRESSURE_DROP,False,50.1,False,31.4,False,26.7,False,4.6,False,28.4
83,0.775,0.0,42.6,1.312,2.1,True,PRESSURE_DROP,False,37.7,False,0.0,False,39.5,False,2.7,False,22.8
83,0.8,0.0,40.8,0.824,10.1,True,,False,35.7,False,30.2,False,8.2,False,2.3,False,26.0
83,0.825,0.0,42.9,0.572,10.6,False,,False,21.6,False,10.2,False,6.2,False,2.3,False,21.3
83,0.85,0.0,41.2,0.392,15.7,False,,False,14.1,False,16.5,False,6.1,False,2.3,False,24.1
83,0.875,0.6,41.5,0.357,15.3,False,,False,23.7,False,11.1,False,9.0,False,2.3,False,22.7
83,0.9,0.0,42.1,0.4,15.6,False,,False,15.1,False,6.0,False,14.7,False,2.4,False,22.3
83,0.925,0.1,42.4,0.319,22.1,False,,False,29.8,True,61.8,False,62.9,False,2.4,False,23.7
83,0.95,0.0,42.8,0.393,15.1,False,,False,24.2,False,30.1,False,39.0,False,2.5,False,25.0
84,0.975,0.0,42.0,0.599,18.5,False,,False,33.0,False,7.7,False,51.3,False,2.6,False,26.4
84,0.0,0.0,40.6,0.306,18.0,False,,False,55.4,False,21.7,True,84.0,False,0.8,False,27.0
84,0.025,16.9,43.4,0.339,18.2,False,,False,43.2,False,25.5,False,37.8,False,0.5,False,25.0
84,0.05,30.3,46.1,0.507,20.3,False,,False,39.9,False,46.5,False,66.0,False,0.3,False,23.7
84,0.075,42.3,45.3,0.318,21.8,False,,False,30.8,False,8.4,False,42.2,False,0.2,False,22.3
84,0.1,53.3,45.5,0.318,20.6,False,,False,25.0,False,0.8,False,40.8,False,0.1,False,21.0
84,0.125,60.4,47.2,0.496,19.5,False,,False,25.4,False,21.1,False,51.6,False,0.1,False,19.6
84,0.15,69.4,46.8,0.482,17.6,False,,False,31.7,False,27.3,False,55.0,False,0.0,False,18.3
84,0.175,74.2,48.2,0.319,21.3,False,,False,14.3,False,7.4,False,48.8,False,0.0,False,16.9
84,0.2,79.1,47.2,0.463,23.5,False,,False,15.7,False,11.4,False,47.1,False,0.0,False,15.6
84,0.225,84.5,48.4,0.173,18.8,False,,False,34.0,False,29.3,False,46.8,False,0.0,False,14.2
84,0.25,87.3,48.6,0.278,23.2,False,,False,14.2,False,14.3,False,39.1,False,0.0,False,12.9
84,0.275,90.7,47.6,0.336,25.3,False,,False,25.2,False,48.4,False,52.2,False,0.0,False,12.5
84,0.3,92.8,48.8,0.332,22.3,False,,False,5.3,False,5.0,False,27.4,False,0.0,False,12.2
84,0.325,95.1,49.4,0.405,21.5,False,,False,3.4,False,6.9,False,26.3,False,0.0,False,15.1
84,0.35,97.2,50.8,0.358,22.7,False,,False,16.9,False,26.4,False,49.8,False,0.0,False,21.8
84,0.375,97.7,49.0,0.487,19.6,False,,False,11.6,False,18.0,False,19.0,False,0.0,False,13.2
84,0.4,99.5,47.8,0.41,22.7,False,,False,6.0,False,10.7,False,24.8,False,0.0,False,13.8
84,0.425,101.1,49.9,0.339,23.1,False,,False,4.2,False,6.0,False,21.9,False,0.0,False,17.5
84,0.45,101.6,49.9,0.388,25.0,False,,False,18.3,False,17.4,False,30.0,False,0.0,False,17.5
84,0.475,101.7,49.7,0.53,23.1,False,,False,7.9,False,9.1,False,16.3,False,0.0,False,16.5
84,0.5,103.5,48.6,0.315,21.0,False,,False,2.2,False,2.8,False,17.7,False,0.0,False,15.2
84,0.525,104.2,49.2,0.424,20.2,False,,False,4.2,False,14.9,False,19.7,False,0.0,False,15.4
84,0.55,103.8,50.4,0.345,21.4,False,,False,7.4,False,7.0,False,29.6,False,0.0,False,19.9
84,0.575,74.9,49.5,0.602,22.5,True,PRESSURE_DROP,False,35.7,True,100.0,False,1.3,False,0.2,False,15.6
84,0.6,68.2,49.9,0.389,22.9,True,PRESSURE_DROP,False,28.2,True,100.0,False,23.2,False,0.3,False,17.5
84,0.625,70.0,49.0,0.378,20.4,True,PRESSURE_DROP,False,23.2,True,100.0,False,6.5,False,0.2,False,13.2
84,0.65,79.9,47.5,0.341,22.2,True,PRESSURE_DROP,False,23.2,True,100.0,False,14.1,False,0.1,False,8.8
84,0.675,75.2,49.1,0.502,21.9,True,PRESSURE_DROP,False,28.0,True,100.0,False,23.1,False,0.2,False,13.6
84,0.7,72.1,49.5,18.334,-23.9,True,PRESSURE_DROP,True,100.0,True,100.0,True,100.0,True,98.8,True,90.3
84,0.725,0.0,40.5,7.215,-11.3,True,PRESSURE_DROP,True,78.0,False,48.5,True,87.9,True,17.0,False,43.2
84,0.75,0.0,41.5,2.87,-2.8,True,,False,50.8,False,3.5,False,36.2,False,4.4,False,30.3
84,0.775,0.0,42.3,1.335,2.4,False,,False,37.0,False,0.0,False,34.6,False,2.7,False,22.3
84,0.8,0.0,42.1,0.699,7.5,False,,False,24.8,False,1.2,False,12.5,False,2.3,False,21.3
84,0.825,0.5,42.9,0.441,8.4,False,,False,25.9,False,22.9,False,22.6,False,2.3,False,21.1
84,0.85,0.0,43.2,0.493,14.3,False,,False,20.2,False,8.6,False,7.8,False,2.3,False,21.3
84,0.875,0.1,40.5,0.284,14.7,False,,False,27.3,False,13.6,False,27.9,False,2.3,False,27.5
84,0.9,0.3,42.1,0.43,15.2,False,,False,19.7,False,7.5,False,13.6,False,2.4,False,22.3
84,0.925,0.0,43.1,0.182,17.5,False,,False,31.5,False,10.0,False,40.6,False,2.5,False,23.7
84,0.95,0.0,43.3,0.363,16.2,False,,False,25.8,False,21.3,False,48.6,False,2.5,False,25.0
85,0.975,0.4,41.6,0.452,18.5,False,,False,27.8,False,5.7,False,52.9,False,2.5,False,26.4
85,0.0,0.0,42.6,0.411,20.4,False,,False,43.5,False,0.0,False,60.5,False,0.8,False,26.4
85,0.025,17.5,42.9,0.267,19.6,False,,False,41.4,False,8.1,False,34.3,False,0.5,False,25.0
85,0.05,30.2,44.4,0.334,20.1,False,,False,33.9,False,0.0,False,34.1,False,0.3,False,23.7
85,0.075,42.9,46.1,0.529,22.3,False,,False,37.2,False,10.6,False,55.1,False,0.2,False,22.3
85,0.1,53.1,46.1,0.368,19.4,False,,False,26.1,False,17.0,False,45.4,False,0.1,False,21.0
85,0.125,61.7,46.2,0.49,20.8,False,,False,21.3,False,2.9,False,43.8,False,0.1,False,19.6
85,0.15,69.0,47.3,0.357,22.4,False,,False,17.8,False,6.2,False,50.0,False,0.0,False,18.3
85,0.175,74.7,47.5,0.511,22.0,False,,False,15.7,False,5.9,False,45.2,False,0.0,False,16.9
85,0.2,79.5,47.6,0.25,22.7,False,,False,18.1,False,6.1,False,43.9,False,0.0,False,15.6
85,0.225,85.9,48.9,0.378,19.7,False,,False,15.3,False,24.9,False,48.6,False,0.0,False,14.2
85,0.25,88.3,47.3,0.374,21.7,False,,False,7.0,False,2.8,False,39.9,False,0.0,False,12.9
85,0.275,90.8,47.8,0.48,20.9,False,,False,8.3,False,9.3,False,32.4,False,0.0,False,11.5
85,0.3,91.7,48.4,12.395,21.5,True,FLOW_SPIKE,False,57.8,True,100.0,True,100.0,True,42.9,True,59.2
85,0.325,94.2,49.6,19.895,19.4,True,FLOW_SPIKE,False,69.0,True,100.0,True,100.0,True,100.0,True,98.5
85,0.35,97.0,49.8,16.919,18.0,True,FLOW_SPIKE,True,76.5,True,100.0,True,100.0,True,81.4,True,82.9
85,0.375,98.0,49.3,16.888,23.8,True,FLOW_SPIKE,False,65.8,True,100.0,True,100.0,True,81.0,True,82.7
85,0.4,99.1,48.6,8.705,21.2,True,FLOW_SPIKE,False,50.7,True,100.0,True,100.0,True,20.6,False,39.8
85,0.425,99.7,48.1,21.65,22.7,True,FLOW_SPIKE,False,65.4,True,100.0,True,100.0,True,100.0,True,100.0
85,0.45,101.1,48.2,18.038,23.4,True,FLOW_SPIKE,False,67.2,True,100.0,True,100.0,True,92.7,True,88.8
85,0.475,101.6,49.9,19.832,20.0,True,FLOW_SPIKE,False,67.0,True,100.0,True,100.0,True,100.0,True,98.2
85,0.5,102.9,48.8,9.787,22.3,True,FLOW_SPIKE,False,49.2,True,100.0,True,100.0,True,26.3,False,45.5
85,0.525,102.6,47.5,0.483,21.4,True,,False,10.6,False,23.6,False,32.6,False,0.0,False,14.9
85,0.55,104.2,49.8,0.446,21.0,False,,False,3.2,False,5.0,False,22.8,False,0.0,False,17.0
85,0.575,104.5,48.2,0.476,23.0,False,,False,7.2,False,6.5,False,34.4,False,0.0,False,15.6
85,0.6,105.0,48.7,0.486,21.1,False,,False,6.7,False,5.4,False,32.6,False,0.0,False,15.7
85,0.625,104.5,49.6,0.349,22.2,False,,False,4.6,False,1.8,False,36.3,False,0.0,False,16.0
85,0.65,104.9,49.0,0.502,23.0,False,,False,12.5,False,7.3,False,46.1,False,0.0,False,15.7
85,0.675,106.0,50.1,0.262,26.1,False,,False,46.5,True,79.8,True,78.8,False,0.0,False,18.4
85,0.7,105.6,49.7,18.408,-26.0,False,,True,96.0,False,10.6,False,68.8,True,99.7,True,90.7
85,0.725,0.1,42.5,6.886,-13.2,False,,True,72.0,False,4.2,False,56.6,True,15.8,False,46.1
85,0.75,0.1,43.1,2.943,-3.8,False,,False,55.5,False,5.3,False,43.6,False,4.6,False,31.8
85,0.775,0.6,43.2,1.269,0.4,False,,False,48.9,False,32.8,False,63.4,False,2.7,False,25.4
85,0.8,0.0,43.0,0.607,8.5,False,,False,25.2,False,19.0,False,14.1,False,2.3,False,21.3
85,0.825,0.9,41.9,0.355,11.9,False,,False,26.8,False,8.4,False,0.0,False,2.2,False,21.0
85,0.85,0.5,40.8,0.511,14.2,False,,False,27.8,False,9.8,False,10.7,False,2.3,False,26.0
85,0.875,0.0,40.1,0.586,18.0,False,,False,39.5,False,41.8,False,42.9,False,2.3,False,29.4
85,0.9,1.2,42.3,0.556,18.2,False,,False,31.9,False,13.1,False,20.0,False,2.3,False,22.3
85,0.925,0.1,42.4,0.476,16.6,False,,False,18.3,False,2.7,False,25.6,False,2.4,False,23.7
85,0.95,0.1,43.0,0.451,20.9,False,,False,31.0,False,24.3,False,65.9,False,2.5,False,25.0
86,0.975,0.7,41.8,0.385,21.8,False,,False,40.8,True,59.5,True,77.2,False,2.5,False,26.4
86,0.0,0.0,42.1,0.644,22.7,False,,False,65.0,False,29.2,False,71.2,False,0.8,False,26.4
86,0.025,16.7,43.8,0.424,18.5,False,,False,40.7,False,9.5,False,40.8,False,0.5,False,25.0
86,0.05,31.0,43.2,0.369,19.3,False,,False,35.8,False,20.4,False,29.2,False,0.3,False,23.7
86,0.075,43.4,45.4,0.367,21.8,False,,False,27.8,False,14.3,False,43.8,False,0.2,False,22.3
86,0.1,53.3,43.9,0.36,21.2,False,,False,29.4,False,14.4,False,46.0,False,0.1,False,21.0
86,0.125,61.2,46.2,0.53,22.0,False,,False,28.5,False,1.9,False,45.5,False,0.1,False,19.6
86,0.15,68.4,47.5,0.477,22.4,False,,False,18.9,False,9.9,False,50.7,False,0.0,False,18.3
86,0.175,74.2,46.1,0.426,22.4,False,,False,18.2,False,9.4,False,49.4,False,0.0,False,16.9
86,0.2,79.0,48.3,0.282,5.8,True,UNDERCOOLING,False,40.0,True,100.0,True,100.0,False,0.3,False,17.2
86,0.225,84.0,47.6,0.344,9.3,True,UNDERCOOLING,False,32.1,True,100.0,True,100.0,False,0.2,False,14.2
86,0.25,87.8,49.0,0.356,8.8,True,UNDERCOOLING,False,33.0,True,100.0,True,100.0,False,0.2,False,13.2
86,0.275,91.4,48.6,0.404,4.8,True,UNDERCOOLING,False,32.6,True,100.0,True,100.0,False,0.4,False,18.7
86,0.3,92.3,49.1,0.377,7.6,True,UNDERCOOLING,False,30.2,True,100.0,True,100.0,False,0.3,False,14.4
86,0.325,93.7,50.6,0.444,7.7,True,UNDERCOOLING,False,43.1,True,100.0,True,100.0,False,0.3,False,20.8
86,0.35,96.5,47.7,0.391,4.3,True,UNDERCOOLING,False,35.3,True,100.0,True,100.0,False,0.4,False,19.5
86,0.375,98.4,50.2,0.243,10.2,True,UNDERCOOLING,False,40.5,True,100.0,True,100.0,False,0.2,False,18.9
86,0.4,100.5,47.8,0.481,4.9,True,UNDERCOOLING,False,34.7,True,100.0,True,100.0,False,0.4,False,18.5
86,0.425,100.6,48.8,0.358,23.0,True,,False,3.4,False,7.6,False,15.6,False,0.0,False,14.2
86,0.45,101.6,49.6,0.033,23.1,False,,False,20.7,False,23.0,False,18.8,False,0.0,False,16.0
86,0.475,103.1,49.1,0.405,23.9,False,,False,6.8,False,8.8,False,20.5,False,0.0,False,15.1
86,0.5,103.3,49.4,0.325,22.7,False,,False,0.7,False,8.4,False,16.3,False,0.0,False,15.1
86,0.525,103.2,50.4,0.463,22.0,False,,False,5.4,False,5.4,False,26.5,False,0.0,False,19.9
86,0.55,103.4,50.8,0.438,21.1,False,,False,12.5,False,19.0,False,37.6,False,0.0,False,21.8
86,0.575,105.3,50.1,0.509,20.6,False,,False,13.0,False,13.5,False,32.7,False,0.0,False,18.4
86,0.6,105.6,49.2,0.689,21.6,False,,False,24.0,False,14.9,False,32.6,False,0.0,False,15.9
86,0.625,104.8,50.3,0.282,25.1,False,,False,29.5,False,20.3,False,55.8,False,0.0,False,19.4
86,0.65,105.9,48.3,0.269,21.7,False,,False,18.9,False,8.9,False,52.6,False,0.0,False,16.0
86,0.675,105.6,50.1,0.278,21.9,False,,False,20.0,False,9.5,False,58.4,False,0.0,False,18.4
86,0.7,105.3,48.8,18.379,-24.6,False,,True,94.2,False,1.9,False,69.8,True,99.3,True,90.5
86,0.725,0.0,42.5,7.086,-15.0,False,,True,71.4,False,3.4,False,71.8,True,16.7,False,48.8
86,0.75,0.0,42.9,2.822,-3.5,False,,False,52.1,False,3.5,False,41.8,False,4.4,False,31.3
86,0.775,0.4,42.6,1.363,2.3,False,,False,41.2,False,0.0,False,36.1,False,2.7,False,22.5
86,0.8,0.8,42.3,1.007,9.5,False,,False,41.3,False,32.8,False,0.0,False,2.3,False,21.0
86,0.825,0.0,42.0,0.356,12.4,False,,False,14.8,False,8.6,False,0.0,False,2.3,False,21.3
86,0.85,0.0,41.7,0.426,12.3,False,,False,13.6,False,8.5,False,3.9,False,2.3,False,21.7
86,0.875,0.3,42.9,0.359,15.3,False,,False,19.8,False,4.9,False,12.4,False,2.3,False,21.2
86,0.9,0.0,42.7,0.302,17.9,False,,False,21.1,False,13.1,False,25.6,False,2.4,False,22.3
86,0.925,0.0,40.7,0.471,18.1,False,,False,24.2,False,10.9,False,43.4,False,2.4,False,26.5
86,0.95,0.0,43.4,0.496,17.7,False,,False,29.3,False,4.7,False,53.0,False,2.5,False,25.0
87,0.975,0.3,41.1,0.272,18.3,False,,False,33.8,False,9.0,False,58.7,False,2.6,False,26.4
87,0.0,0.4,43.0,0.327,20.4,False,,False,46.7,False,3.9,False,62.4,False,0.8,False,26.4
87,0.025,28.8,42.0,0.523,17.4,True,OVERPRESSURE,False,58.7,False,51.9,False,51.6,False,0.3,False,25.0
87,0.05,37.6,43.6,0.358,20.6,True,OVERPRESSURE,False,33.3,False,7.6,False,36.8,False,0.2,False,23.7
87,0.075,52.5,43.6,0.471,21.5,True,OVERPRESSURE,False,35.9,False,13.4,False,57.4,False,0.1,False,22.3
87,0.1,63.8,44.5,0.462,22.0,True,OVERPRESSURE,False,29.1,False,18.6,False,68.4,False,0.0,False,21.0
87,0.125,73.9,47.7,0.51,20.0,True,OVERPRESSURE,False,23.1,False,26.7,False,69.7,False,0.0,False,19.6
87,0.15,68.3,49.4,0.471,23.7,True,,False,33.4,True,86.0,True,88.7,False,0.1,False,18.3
87,0.175,73.9,48.1,0.273,20.0,False,,False,19.6,False,8.1,False,48.5,False,0.0,False,16.9
87,0.2,79.0,46.7,0.343,20.0,False,,False,17.3,False,9.9,False,43.0,False,0.0,False,15.6
87,0.225,84.1,49.0,0.26,21.1,False,,False,14.3,False,9.2,False,45.2,False,0.0,False,14.2
87,0.25,87.6,46.3,0.332,20.9,False,,False,16.3,False,15.8,False,51.6,False,0.0,False,12.9
87,0.275,90.6,49.3,0.499,22.3,False,,False,11.5,False,3.3,False,36.8,False,0.0,False,14.6
87,0.3,93.9,47.9,0.388,19.8,False,,False,10.0,False,10.5,False,32.8,False,0.0,False,11.8
87,0.325,95.3,49.3,0.375,20.7,False,,False,6.2,False,8.1,False,26.4,False,0.0,False,14.6
87,0.35,96.5,49.6,0.239,21.6,False,,False,12.2,False,9.6,False,23.8,False,0.0,False,16.0
87,0.375,98.7,48.2,0.485,21.0,False,,False,4.7,False,8.2,False,20.4,False,0.0,False,13.5
87,0.4,99.6,48.4,0.378,21.9,False,,False,0.3,False,5.0,False,16.5,False,0.0,False,13.8
87,0.425,100.9,51.4,0.363,22.5,False,,False,22.5,False,28.9,False,55.7,False,0.0,False,24.6
87,0.45,101.2,50.3,0.33,22.9,False,,False,9.6,False,13.3,False,24.5,False,0.0,False,19.4
87,0.475,101.5,48.3,0.382,23.1,False,,False,4.4,False,9.1,False,18.1,False,0.0,False,14.5
87,0.5,103.6,48.9,0.308,23.1,False,,False,2.3,False,5.5,False,18.6,False,0.0,False,15.2
87,0.525,102.4,48.7,0.717,20.2,False,,False,29.1,False,33.2,False,17.8,False,0.0,False,14.8
87,0.55,103.9,49.3,0.422,22.4,False,,False,0.2,False,4.7,False,19.9,False,0.0,False,15.3
87,0.575,102.7,49.1,0.288,23.5,False,,False,7.7,False,9.8,False,24.5,False,0.0,False,14.9
87,0.6,104.3,49.7,0.592,22.6,False,,False,17.0,False,9.5,False,31.4,False,0.0,False,16.5
87,0.625,104.0,46.2,0.454,22.1,False,,False,23.4,True,91.3,True,91.2,False,0.0,False,15.4
87,0.65,105.2,48.8,0.391,21.6,False,,False,8.2,False,6.8,False,45.5,False,0.0,False,15.8
87,0.675,106.3,49.1,0.453,21.2,False,,False,15.2,False,14.1,False,55.4,False,0.0,False,16.2
87,0.7,105.3,49.4,18.458,-26.9,False,,True,96.0,False,16.9,False,69.0,True,100.0,True,91.0
87,0.725,0.0,42.6,6.937,-12.6,False,,True,71.6,False,10.1,False,56.1,True,16.0,False,45.2
87,0.75,0.0,41.7,2.824,-2.5,False,,False,49.4,False,9.6,False,33.5,False,4.4,False,29.8
87,0.775,0.3,42.2,1.13,2.9,False,,False,38.5,False,2.1,False,35.6,False,2.6,False,21.6
87,0.8,0.3,40.9,0.734,8.0,False,,False,32.4,False,11.1,False,20.0,False,2.3,False,25.6
87,0.825,0.2,42.0,0.414,9.9,False,,False,17.7,False,4.3,False,8.2,False,2.3,False,21.2
87,0.85,0.0,41.4,0.588,16.9,False,,False,23.7,False,38.6,False,3.9,False,2.3,False,23.2
87,0.875,0.6,43.6,0.611,13.6,False,,False,36.4,False,17.9,False,22.2,False,2.3,False,21.1
87,0.9,0.2,43.3,0.283,16.9,False,,False,26.7,False,12.0,False,31.1,False,2.4,False,22.3
87,0.925,0.1,42.5,0.266,16.0,False,,False,22.3,False,7.0,False,28.2,False,2.4,False,23.7
87,0.95,0.0,42.7,0.372,17.1,False,,False,22.5,False,2.7,False,41.1,False,2.5,False,25.0
88,0.975,0.0,43.2,0.443,19.5,False,,False,30.4,False,12.8,False,69.7,False,2.6,False,26.4
88,0.0,0.0,44.4,0.473,9.1,True,UNDERCOOLING,False,58.4,True,100.0,True,100.0,False,0.9,False,26.4
88,0.025,16.9,44.7,0.566,1.0,True,UNDERCOOLING,False,68.3,True,100.0,True,100.0,False,0.9,False,25.0
88,0.05,30.7,44.7,0.355,3.3,True,UNDERCOOLING,False,56.3,True,100.0,True,100.0,False,0.7,False,23.7
88,0.075,43.4,45.0,0.544,7.2,True,UNDERCOOLING,False,53.5,True,100.0,True,100.0,False,0.4,False,22.3
88,0.1,52.4,46.7,0.212,4.5,True,UNDERCOOLING,False,59.3,True,100.0,True,100.0,False,0.4,False,21.0
88,0.125,60.9,45.3,0.456,7.7,True,UNDERCOOLING,False,47.2,True,100.0,True,100.0,False,0.3,False,19.6
88,0.15,68.8,46.3,0.275,20.4,True,,False,21.5,False,10.6,False,44.8,False,0.0,False,18.3
88,0.175,74.5,48.0,0.246,20.6,False,,False,19.6,False,5.9,False,47.4,False,0.0,False,16.9
88,0.2,79.5,47.3,0.492,20.7,False,,False,13.4,False,5.8,False,40.5,False,0.0,False,15.6
88,0.225,84.5,47.1,0.571,22.4,False,,False,24.9,False,8.3,False,44.1,False,0.0,False,14.2
88,0.25,87.4,49.0,0.273,22.8,False,,False,15.3,False,8.9,False,40.8,False,0.0,False,13.2
88,0.275,90.6,47.2,0.391,23.0,False,,False,11.2,False,8.1,False,41.6,False,0.0,False,11.5
88,0.3,93.3,46.8,0.432,22.2,False,,False,11.2,False,12.4,False,45.3,False,0.0,False,11.6
88,0.325,95.4,49.5,0.376,20.5,False,,False,7.7,False,12.7,False,29.0,False,0.0,False,15.6
88,0.35,96.8,50.5,0.513,22.2,False,,False,17.9,False,18.3,False,40.6,False,0.0,False,20.3
88,0.375,97.9,48.4,0.341,20.6,False,,False,5.0,False,8.5,False,17.5,False,0.0,False,13.2
88,0.4,99.9,47.6,0.377,22.7,False,,False,6.1,False,13.3,False,29.2,False,0.0,False,13.9
88,0.425,100.0,49.9,0.407,21.8,False,,False,2.0,False,7.1,False,17.3,False,0.0,False,17.5
88,0.45,101.5,48.8,0.296,25.1,False,,False,23.4,False,26.5,False,27.2,False,0.0,False,14.5
88,0.475,103.0,48.4,0.601,17.8,False,,False,33.0,True,98.7,False,32.5,False,0.0,False,15.0
88,0.5,102.3,50.4,0.357,20.6,False,,False,8.9,False,5.3,False,25.4,False,0.0,False,19.9
88,0.525,104.2,48.1,0.461,20.4,False,,False,9.1,False,19.7,False,27.3,False,0.0,False,15.4
88,0.55,103.6,48.1,0.421,22.7,False,,False,6.3,False,3.2,False,28.8,False,0.0,False,15.2
88,0.575,104.2,49.6,0.307,20.8,False,,False,4.8,False,9.2,False,25.3,False,0.0,False,16.0
88,0.6,105.4,48.5,0.311,22.3,False,,False,7.4,False,4.6,False,36.1,False,0.0,False,15.9
88,0.625,104.7,50.6,0.391,21.7,False,,False,11.7,False,5.2,False,48.7,False,0.0,False,20.8
88,0.65,105.7,48.2,0.401,21.7,False,,False,12.4,False,9.6,False,53.1,False,0.0,False,16.0
88,0.675,106.0,49.3,0.435,24.6,False,,False,23.0,False,16.2,False,63.5,False,0.0,False,16.1
88,0.7,104.2,50.1,18.445,-26.3,False,,True,100.0,False,25.0,True,74.1,True,100.0,True,90.9
88,0.725,0.0,42.0,7.157,-13.5,False,,True,70.2,False,1.7,False,64.6,True,16.9,False,46.5
88,0.75,0.0,42.3,2.756,-3.9,False,,False,49.7,False,2.0,False,40.9,False,4.3,False,31.9
88,0.775,0.0,43.4,1.177,1.9,False,,False,43.5,False,27.8,False,56.8,False,2.6,False,23.1
88,0.8,0.3,42.6,0.75,8.2,False,,False,28.0,False,14.9,False,8.0,False,2.3,False,21.2
88,0.825,0.0,42.2,0.639,12.6,False,,False,19.8,False,11.6,False,0.0,False,2.3,False,21.3
88,0.85,0.5,41.5,0.377,14.2,False,,False,18.8,False,4.4,False,2.0,False,2.3,False,22.7
88,0.875,0.0,42.1,0.255,14.5,False,,False,20.5,False,6.2,False,9.0,False,2.4,False,21.3
88,0.9,0.0,42.2,0.392,17.6,False,,False,14.8,False,6.6,False,19.9,False,2.4,False,22.3
88,0.925,0.5,42.2,0.349,15.5,False,,False,24.7,False,18.4,False,24.2,False,2.4,False,23.7
88,0.95,0.0,40.8,0.403,19.2,False,,False,24.6,False,11.2,False,57.0,False,2.5,False,26.0
89,0.975,0.3,42.9,0.468,17.8,False,,False,29.9,False,5.6,False,55.7,False,2.5,False,26.4
89,0.0,0.0,43.1,0.429,21.1,False,,False,45.6,False,8.7,False,65.6,False,0.8,False,26.4
89,0.025,16.9,88.6,0.443,18.1,True,THERMAL,True,70.3,True,100.0,True,100.0,True,6.6,True,100.0
89,0.05,30.0,76.1,0.266,20.8,True,THERMAL,False,61.7,True,100.0,True,100.0,False,3.4,True,100.0
89,0.075,43.9,89.0,0.534,20.4,True,THERMAL,False,57.4,True,100.0,True,100.0,True,5.9,True,100.0
89,0.1,53.1,76.8,0.378,21.0,True,THERMAL,False,47.3,True,100.0,True,100.0,False,3.0,True,100.0
89,0.125,61.6,75.3,0.402,21.7,True,THERMAL,False,45.7,True,100.0,True,100.0,False,2.6,True,100.0
89,0.15,68.2,81.0,0.396,18.9,True,THERMAL,False,52.6,True,100.0,True,100.0,False,3.5,True,100.0
89,0.175,73.6,85.7,0.414,21.8,True,THERMAL,False,41.9,True,100.0,True,100.0,False,4.5,True,100.0
89,0.2,79.6,77.6,0.332,20.6,True,THERMAL,False,39.3,True,100.0,True,100.0,False,2.7,True,100.0
89,0.225,83.7,86.6,0.596,21.3,True,THERMAL,False,48.4,True,100.0,True,100.0,False,4.5,True,100.0
89,0.25,87.3,91.2,0.518,22.6,True,THERMAL,False,40.6,True,100.0,True,100.0,True,5.6,True,100.0
89,0.275,91.2,94.0,0.513,22.8,True,THERMAL,False,38.1,True,100.0,True,100.0,True,6.2,True,100.0
89,0.3,93.2,48.2,0.449,22.0,True,,False,2.8,False,3.6,False,27.8,False,0.0,False,11.6
89,0.325,95.5,48.5,0.297,20.9,False,,False,8.0,False,8.2,False,24.0,False,0.0,False,12.4
89,0.35,97.0,50.2,0.314,22.4,False,,False,10.4,False,10.6,False,34.6,False,0.0,False,18.9
89,0.375,98.2,48.5,0.433,25.0,False,,False,16.2,False,26.4,False,31.4,False,0.0,False,13.3
89,0.4,100.0,50.0,0.301,22.1,False,,False,5.4,False,5.3,False,23.5,False,0.0,False,17.9
89,0.425,99.5,47.5,0.377,20.0,False,,False,11.7,False,44.2,False,26.1,False,0.0,False,13.8
89,0.45,102.4,49.9,0.534,23.3,False,,False,12.6,False,8.8,False,22.3,False,0.0,False,17.5
89,0.475,102.2,50.0,0.46,21.8,False,,False,1.7,False,11.1,False,18.0,False,0.0,False,17.9
89,0.5,103.5,49.4,0.386,22.8,False,,False,0.0,False,6.5,False,16.9,False,0.0,False,15.2
89,0.525,103.2,50.6,0.326,20.4,False,,False,12.2,False,13.2,False,32.4,False,0.0,False,20.8
89,0.55,105.4,48.2,0.386,21.7,False,,False,7.1,False,1.0,False,30.7,False,0.0,False,15.9
89,0.575,102.8,51.1,0.393,22.3,False,,False,17.4,False,25.2,False,47.5,False,0.0,False,23.2
89,0.6,104.2,48.9,0.425,25.3,False,,False,20.6,False,24.8,False,44.4,False,0.0,False,15.4
89,0.625,105.2,48.0,0.383,22.1,False,,False,10.6,False,12.8,False,48.2,False,0.0,False,15.8
89,0.65,105.7,49.9,0.52,23.3,False,,False,17.7,False,6.3,False,50.7,False,0.0,False,17.5
89,0.675,103.8,48.7,0.385,21.7,False,,False,11.1,False,8.3,False,51.4,False,0.0,False,15.3
89,0.7,105.6,48.8,18.496,-24.8,False,,True,96.0,False,3.4,False,69.8,True,100.0,True,91.2
89,0.725,0.6,41.4,7.158,-16.5,False,,True,80.7,True,54.2,True,91.7,True,17.2,True,51.1
89,0.75,0.0,41.6,2.86,-3.1,False,,False,50.1,False,1.4,False,36.8,False,4.4,False,30.7
89,0.775,0.3,41.9,1.25,1.7,False,,False,39.5,False,4.3,False,43.2,False,2.7,False,23.4
89,0.8,0.2,40.8,0.741,8.6,False,,False,32.0,False,13.6,False,18.0,False,2.3,False,26.0
89,0.825,0.0,42.6,0.368,10.5,False,,False,17.8,False,5.2,False,8.2,False,2.3,False,21.3
89,0.85,0.1,44.2,0.36,11.4,False,,False,31.1,False,33.7,False,43.0,False,2.3,False,21.2
89,0.875,0.5,43.6,0.356,15.2,False,,False,25.6,False,9.2,False,24.9,False,2.3,False,21.1
89,0.9,0.0,42.9,0.556,16.7,False,,False,23.7,False,10.7,False,20.8,False,2.4,False,22.3
89,0.925,0.0,42.0,0.494,18.2,False,,False,19.4,False,3.5,False,30.1,False,2.4,False,23.7
89,0.95,0.3,43.0,0.515,19.4,False,,False,31.6,False,10.6,False,54.0,False,2.5,False,25.0
90,0.975,0.0,41.3,0.382,17.3,False,,False,25.9,False,9.3,False,51.3,False,2.6,False,26.4
90,0.0,0.1,42.0,0.456,18.5,False,,False,46.6,False,9.8,False,60.5,False,0.8,False,26.4
90,0.025,16.3,43.2,0.506,21.5,False,,False,41.6,False,7.8,False,38.8,False,0.5,False,25.0
90,0.05,32.0,44.7,0.563,19.5,False,,False,41.9,False,8.0,False,37.9,False,0.3,False,23.7
90,0.075,43.6,45.1,0.169,22.2,False,,False,48.5,False,13.8,False,43.8,False,0.2,False,22.3
90,0.1,53.1,45.4,0.245,21.4,False,,False,30.7,False,2.3,False,41.8,False,0.1,False,21.0
90,0.125,62.7,47.0,0.503,21.0,False,,False,21.2,False,6.3,False,50.1,False,0.0,False,19.6
90,0.15,67.9,47.6,0.269,20.2,False,,False,22.9,False,12.4,False,49.3,False,0.0,False,18.3
90,0.175,75.3,48.0,0.345,20.1,False,,False,14.7,False,6.0,False,48.6,False,0.0,False,16.9
90,0.2,79.9,45.2,0.482,23.5,False,,False,32.6,True,55.3,True,74.3,False,0.0,False,15.6
90,0.225,84.7,48.2,0.392,20.5,False,,False,9.4,False,7.1,False,39.7,False,0.0,False,14.2
90,0.25,86.6,48.9,0.305,24.6,False,,False,25.3,False,39.1,False,48.0,False,0.0,False,12.9
90,0.275,90.3,45.9,0.438,22.6,False,,False,21.2,False,50.3,False,64.2,False,0.0,False,11.5
90,0.3,93.2,49.1,0.307,22.7,False,,False,8.5,False,7.3,False,30.8,False,0.0,False,13.6
90,0.325,95.1,47.9,0.373,22.6,False,,False,6.8,False,4.7,False,28.1,False,0.0,False,12.2
90,0.35,96.9,49.5,0.489,22.8,False,,False,6.6,False,9.7,False,25.0,False,0.0,False,15.6
90,0.375,97.8,48.3,0.342,21.3,False,,False,2.9,False,5.1,False,17.2,False,0.0,False,13.2
90,0.4,99.2,49.4,0.355,20.3,False,,False,4.4,False,13.9,False,16.6,False,0.0,False,15.1
90,0.425,100.7,49.2,0.334,20.3,False,,False,5.1,False,18.1,False,14.9,False,0.0,False,14.2
90,0.45,102.7,49.3,0.475,23.4,False,,False,4.3,False,5.5,False,19.0,False,0.0,False,14.9
90,0.475,101.5,49.4,0.422,19.5,False,,False,6.4,False,25.2,False,16.0,False,0.0,False,15.1
90,0.5,103.4,49.8,0.429,21.8,False,,False,0.6,False,5.9,False,17.7,False,0.0,False,17.0
90,0.525,102.7,49.3,0.436,22.6,False,,False,0.0,False,7.3,False,15.3,False,0.0,False,14.9
90,0.55,104.1,49.0,0.511,20.1,False,,False,9.1,False,11.7,False,22.4,False,0.0,False,15.4
90,0.575,104.1,49.1,0.524,9.9,True,UNDERCOOLING,False,28.3,True,100.0,True,100.0,False,0.2,False,15.4
90,0.6,103.3,48.7,0.536,8.8,True,UNDERCOOLING,False,34.5,True,100.0,True,100.0,False,0.2,False,15.1
90,0.625,104.2,50.0,0.325,6.8,True,UNDERCOOLING,False,35.6,True,100.0,True,100.0,False,0.3,False,17.9
90,0.65,104.1,49.1,0.42,6.4,True,UNDERCOOLING,False,33.9,True,100.0,True,100.0,False,0.3,False,16.3
90,0.675,104.0,48.2,0.196,1.3,True,UNDERCOOLING,False,55.2,True,100.0,True,100.0,False,0.6,False,24.0
90,0.7,105.3,49.2,18.383,-45.0,True,UNDERCOOLING,True,97.3,True,100.0,True,100.0,True,100.0,True,94.5
90,0.725,0.0,42.0,7.045,-26.3,True,UNDERCOOLING,True,78.5,True,100.0,True,100.0,True,17.7,True,66.0
90,0.75,0.2,42.8,2.84,-5.2,True,,False,54.6,False,5.2,False,49.9,False,4.5,False,33.9
90,0.775,0.1,43.0,1.238,-0.6,False,,False,43.0,False,49.9,False,71.1,False,2.8,False,26.9
90,0.8,0.1,43.4,0.719,9.6,False,,False,31.0,False,14.8,False,11.5,False,2.3,False,21.2
90,0.825,0.2,43.3,0.365,11.6,False,,False,23.4,False,11.0,False,12.2,False,2.3,False,21.2
90,0.85,0.0,42.5,0.431,9.7,False,,False,18.7,False,8.8,False,16.8,False,2.4,False,21.3
90,0.875,0.1,41.8,0.48,17.6,False,,False,16.0,False,15.0,False,11.2,False,2.3,False,21.3
90,0.9,0.0,42.8,0.316,14.8,False,,False,22.1,False,7.0,False,20.6,False,2.4,False,22.3
90,0.925,0.4,41.8,0.304,16.4,False,,False,24.9,False,2.8,False,26.2,False,2.4,False,23.7
90,0.95,0.1,42.1,0.345,16.9,False,,False,20.0,False,13.3,False,36.7,False,2.5,False,25.0
91,0.975,0.0,42.1,0.292,21.3,False,,False,35.0,False,36.5,True,73.9,False,2.6,False,26.4
91,0.0,0.4,41.5,0.423,20.9,False,,False,47.4,False,7.2,False,66.6,False,0.8,False,26.4
91,0.025,17.4,43.6,0.376,18.8,False,,False,38.4,False,7.5,False,37.9,False,0.5,False,25.0
91,0.05,31.6,45.0,0.522,20.5,False,,False,38.5,False,6.2,False,42.5,False,0.3,False,23.7
91,0.075,43.2,45.6,0.563,21.9,False,,False,36.6,False,11.3,False,46.4,False,0.2,False,22.3
91,0.1,53.0,45.6,0.594,22.6,False,,False,38.6,False,13.1,False,46.5,False,0.1,False,21.0
91,0.125,61.1,45.2,0.541,21.0,False,,False,31.4,False,7.7,False,43.8,False,0.1,False,19.6
91,0.15,68.7,46.7,0.367,23.4,False,,False,21.1,False,14.5,False,52.1,False,0.0,False,18.3
91,0.175,73.8,47.7,0.498,20.8,False,,False,15.2,False,3.6,False,43.7,False,0.0,False,16.9
91,0.2,79.3,46.8,0.544,21.5,False,,False,21.4,False,5.4,False,42.8,False,0.0,False,15.6
91,0.225,82.6,45.8,9.009,22.4,True,FLOW_SPIKE,False,63.2,True,100.0,True,100.0,True,22.1,False,41.4
91,0.25,87.3,47.9,8.793,22.4,True,FLOW_SPIKE,False,54.1,True,100.0,True,100.0,True,21.0,False,40.3
91,0.275,89.6,49.6,15.0,22.7,True,FLOW_SPIKE,False,64.2,True,100.0,True,100.0,True,63.5,True,72.8
91,0.3,92.2,48.8,9.332,19.8,True,FLOW_SPIKE,False,56.4,True,100.0,True,100.0,True,23.8,False,43.1
91,0.325,95.5,49.0,11.396,23.7,True,FLOW_SPIKE,False,60.7,True,100.0,True,100.0,True,36.0,True,53.9
91,0.35,96.1,48.7,0.34,22.5,True,,False,2.2,False,2.8,False,19.0,False,0.0,False,12.6
91,0.375,98.0,46.8,0.44,22.0,False,,False,13.1,False,29.8,False,42.5,False,0.0,False,13.3
91,0.4,100.6,48.4,0.612,22.6,False,,False,19.6,False,9.1,False,20.9,False,0.0,False,14.2
91,0.425,100.9,48.9,0.293,21.5,False,,False,4.9,False,5.2,False,13.6,False,0.0,False,14.3
91,0.45,101.8,49.9,0.562,22.5,False,,False,13.8,False,9.3,False,18.9,False,0.0,False,17.5
91,0.475,102.0,50.6,0.331,23.4,False,,False,12.7,False,19.2,False,31.5,False,0.0,False,20.8
91,0.5,104.5,50.7,0.454,23.3,False,,False,16.7,False,15.7,False,37.0,False,0.0,False,21.3
91,0.525,102.9,47.3,0.363,22.0,False,,False,9.1,False,23.3,False,38.7,False,0.0,False,15.0
91,0.55,104.0,50.9,0.459,21.8,False,,False,13.6,False,24.8,False,40.7,False,0.0,False,22.2
91,0.575,104.8,49.8,0.318,21.9,False,,False,4.4,False,5.4,False,27.2,False,0.0,False,17.0
91,0.6,104.1,49.9,0.234,20.4,False,,False,15.4,False,15.6,False,33.5,False,0.0,False,17.5
91,0.625,103.5,48.3,0.506,20.9,False,,False,12.7,False,11.9,False,39.0,False,0.0,False,15.2
91,0.65,105.5,49.2,0.499,22.2,False,,False,9.3,False,5.5,False,45.2,False,0.0,False,15.9
91,0.675,104.9,49.3,0.402,21.0,False,,False,10.5,False,11.5,False,52.2,False,0.0,False,15.7
91,0.7,103.9,50.1,18.306,-25.5,False,,True,100.0,False,17.0,True,73.4,True,98.6,True,90.2
91,0.725,0.0,42.6,7.077,-14.8,False,,True,71.6,False,2.5,False,70.9,True,16.7,False,48.5
91,0.75,0.0,41.9,2.8,-3.0,False,,False,50.2,False,6.5,False,35.3,False,4.4,False,30.6
91,0.775,0.0,42.8,1.303,0.8,False,,False,41.4,False,14.7,False,53.2,False,2.7,False,24.8
91,0.8,0.0,41.1,0.825,7.1,False,,False,33.2,False,15.8,False,20.9,False,2.4,False,24.6
91,0.825,0.6,41.1,0.329,10.9,False,,False,28.4,False,21.6,False,12.5,False,2.3,False,24.6
91,0.85,0.0,41.6,0.329,16.2,False,,False,13.7,False,23.5,False,3.4,False,2.3,False,22.2
91,0.875,0.0,42.9,0.405,15.3,False,,False,15.1,False,3.8,False,12.0,False,2.3,False,21.3
91,0.9,0.0,43.1,0.333,14.4,False,,False,25.0,False,8.8,False,24.9,False,2.4,False,22.3
91,0.925,0.0,42.6,0.473,18.8,False,,False,19.3,False,10.1,False,36.2,False,2.4,False,23.7
91,0.95,0.3,41.9,0.438,16.0,False,,False,22.7,False,13.0,False,33.3,False,2.5,False,25.0
92,0.975,0.5,42.5,0.378,16.8,False,,False,29.0,False,21.7,False,48.8,False,2.5,False,26.4
92,0.0,0.2,41.6,0.358,18.7,False,,False,47.5,False,10.6,False,63.7,False,0.8,False,26.4
92,0.025,17.2,41.7,0.322,20.0,False,,False,47.3,False,29.1,False,43.5,False,0.5,False,25.0
92,0.05,31.1,44.7,0.437,22.8,False,,False,37.4,False,23.7,False,46.7,False,0.3,False,23.7
92,0.075,43.6,47.3,0.491,19.2,False,,False,36.8,False,40.1,True,77.9,False,0.2,False,22.3
92,0.1,52.4,44.5,0.276,19.1,False,,False,37.1,False,15.9,False,39.7,False,0.1,False,21.0
92,0.125,62.3,48.6,0.267,18.6,False,,False,39.0,True,68.0,True,81.6,False,0.1,False,19.6
92,0.15,69.5,46.2,0.472,23.1,False,,False,23.6,False,12.7,False,52.5,False,0.0,False,18.3
92,0.175,75.5,47.9,0.548,20.5,False,,False,21.4,False,4.2,False,47.5,False,0.0,False,16.9
92,0.2,80.2,48.7,0.38,21.3,False,,False,9.7,False,7.9,False,48.4,False,0.0,False,15.6
92,0.225,83.7,48.5,0.42,18.6,False,,False,19.8,False,30.7,False,46.3,False,0.0,False,14.2
92,0.25,87.1,49.5,0.489,23.2,False,,False,19.4,False,18.3,False,48.2,False,0.0,False,15.6
92,0.275,90.1,48.8,0.498,21.4,False,,False,10.9,False,5.3,False,30.6,False,0.0,False,12.2
92,0.3,93.7,49.7,0.509,21.3,False,,False,11.5,False,4.9,False,36.6,False,0.0,False,16.5
92,0.325,95.8,48.6,0.537,19.5,False,,False,17.7,False,20.0,False,28.0,False,0.0,False,12.5
92,0.35,97.0,47.7,0.368,24.3,False,,False,15.6,False,27.4,False,37.0,False,0.0,False,12.9
92,0.375,98.9,50.6,0.314,22.8,False,,False,17.2,False,17.6,False,40.4,False,0.0,False,20.8
92,0.4,99.9,85.3,0.505,22.2,True,THERMAL,False,30.9,True,100.0,True,100.0,False,4.0,True,100.0
92,0.425,100.2,78.8,0.389,22.4,True,THERMAL,False,27.1,True,100.0,True,100.0,False,2.7,True,100.0
92,0.45,101.4,91.7,0.464,22.0,True,THERMAL,False,27.2,True,100.0,True,100.0,False,5.4,True,100.0
92,0.475,101.3,92.9,0.359,21.3,True,THERMAL,False,26.5,True,100.0,True,100.0,True,5.8,True,100.0
92,0.5,103.6,95.8,0.197,17.4,True,THERMAL,False,52.9,True,100.0,True,100.0,True,6.5,True,100.0
92,0.525,103.4,95.3,0.286,21.7,True,THERMAL,False,28.9,True,100.0,True,100.0,True,6.4,True,100.0
92,0.55,103.6,49.1,0.395,23.8,True,,False,6.2,False,10.2,False,24.1,False,0.0,False,15.2
92,0.575,103.7,49.7,0.265,20.3,False,,False,11.1,False,15.4,False,26.3,False,0.0,False,16.5
92,0.6,103.4,49.8,0.354,22.6,False,,False,3.1,False,6.2,False,29.9,False,0.0,False,17.0
92,0.625,104.8,48.4,0.495,24.8,False,,False,22.1,False,35.0,False,52.7,False,0.0,False,15.7
92,0.65,104.4,49.6,0.386,21.0,False,,False,7.9,False,2.4,False,43.5,False,0.0,False,16.0
92,0.675,105.0,48.1,0.377,23.1,False,,False,15.3,False,9.5,False,64.0,False,0.0,False,15.7
92,0.7,105.1,48.7,18.644,-24.2,False,,True,96.8,False,7.1,False,72.9,True,100.0,True,91.9
92,0.725,0.0,43.5,7.146,-12.4,False,,True,76.0,True,70.1,True,75.6,True,16.8,False,44.9
92,0.75,0.1,42.6,2.736,-7.3,False,,False,57.1,False,43.7,False,66.2,False,4.5,False,37.1
92,0.775,0.0,41.3,1.317,4.3,False,,False,37.0,False,8.1,False,25.1,False,2.6,False,23.6
92,0.8,0.6,43.2,0.812,8.9,False,,False,39.7,False,20.4,False,9.6,False,2.3,False,21.1
92,0.825,0.2,44.2,0.523,8.2,False,,False,38.4,False,43.5,False,51.6,False,2.4,False,21.2
92,0.85,0.6,42.6,0.403,13.4,False,,False,21.0,False,8.2,False,2.0,False,2.3,False,21.1
92,0.875,0.1,42.3,0.283,15.1,False,,False,17.6,False,4.3,False,8.7,False,2.3,False,21.2
92,0.9,0.0,40.6,0.404,15.5,False,,False,21.6,False,10.6,False,30.9,False,2.4,False,27.0
92,0.925,0.0,40.2,0.475,16.0,False,,False,30.1,False,23.7,False,49.1,False,2.5,False,28.9
92,0.95,0.0,42.4,0.275,18.7,False,,False,23.7,False,7.8,False,46.3,False,2.5,False,25.0
93,0.975,0.2,42.1,0.34,19.5,False,,False,26.3,False,12.7,False,59.2,False,2.5,False,26.4
93,0.0,0.0,43.0,0.531,20.6,False,,False,52.8,False,4.1,False,63.3,False,0.8,False,26.4
93,0.025,17.3,44.5,0.452,19.8,False,,False,37.9,False,19.4,False,50.3,False,0.5,False,25.0
93,0.05,31.5,45.4,0.515,20.7,False,,False,38.2,False,15.1,False,49.8,False,0.3,False,23.7
93,0.075,43.3,44.7,0.374,19.6,False,,False,28.4,False,3.8,False,34.9,False,0.2,False,22.3
93,0.1,53.3,45.9,0.475,22.4,False,,False,25.2,False,8.7,False,47.4,False,0.1,False,21.0
93,0.125,61.3,45.1,0.619,21.4,False,,False,40.4,False,8.6,False,45.7,False,0.1,False,19.6
93,0.15,68.4,46.9,0.399,20.6,False,,False,15.3,False,1.8,False,44.3,False,0.0,False,18.3
93,0.175,74.6,48.1,0.415,22.9,False,,False,16.5,False,15.9,False,51.7,False,0.0,False,16.9
93,0.2,80.0,47.3,0.241,22.9,False,,False,21.9,False,10.0,False,46.0,False,0.0,False,15.6
93,0.225,83.8,46.6,0.492,23.1,False,,False,18.9,False,7.3,False,50.4,False,0.0,False,14.2
93,0.25,87.3,47.6,0.42,23.1,False,,False,8.4,False,6.0,False,39.2,False,0.0,False,12.9
93,0.275,89.6,47.2,0.655,21.6,False,,False,33.2,False,7.3,False,35.9,False,0.0,False,11.5
93,0.3,92.6,47.5,0.302,20.1,False,,False,13.9,False,14.4,False,32.6,False,0.0,False,11.4
93,0.325,94.7,47.8,0.408,10.6,True,UNDERCOOLING,False,29.5,True,100.0,True,100.0,False,0.2,False,12.1
93,0.35,96.3,48.3,0.153,6.4,True,UNDERCOOLING,False,43.8,True,100.0,True,100.0,False,0.3,False,16.3
93,0.375,97.5,49.5,0.387,6.8,True,UNDERCOOLING,False,30.6,True,100.0,True,100.0,False,0.3,False,15.7
93,0.4,99.4,47.2,0.332,12.4,True,UNDERCOOLING,False,34.3,True,100.0,True,100.0,False,0.1,False,13.8
93,0.425,101.5,48.0,0.402,10.0,True,UNDERCOOLING,False,28.6,True,100.0,True,100.0,False,0.2,False,14.5
93,0.45,100.7,47.8,0.357,10.2,True,UNDERCOOLING,False,27.6,True,100.0,True,100.0,False,0.2,False,14.2
93,0.475,103.1,48.8,0.374,8.0,True,UNDERCOOLING,False,25.4,True,100.0,True,100.0,False,0.2,False,15.1
93,0.5,102.6,49.6,0.362,20.8,True,,False,0.2,False,11.5,False,15.1,False,0.0,False,16.0
93,0.525,103.3,51.5,0.397,23.9,False,,False,26.2,False,36.5,False,60.3,False,0.0,False,25.1
93,0.55,102.7,48.8,0.377,22.6,False,,False,0.9,False,6.9,False,18.8,False,0.0,False,14.9
93,0.575,104.1,47.2,0.196,22.0,False,,False,21.7,False,26.4,False,51.9,False,0.0,False,15.4
93,0.6,105.1,47.8,0.342,22.6,False,,False,9.2,False,13.6,False,46.7,False,0.0,False,15.8
93,0.625,104.9,49.5,0.292,21.8,False,,False,7.0,False,3.5,False,36.6,False,0.0,False,15.7
93,0.65,105.4,49.9,0.291,24.4,False,,False,22.7,False,13.9,False,55.0,False,0.0,False,17.5
93,0.675,104.8,48.3,0.442,23.6,False,,False,17.1,False,17.0,False,62.5,False,0.0,False,15.7
93,0.7,104.4,49.2,18.494,-22.3,False,,True,96.6,False,30.4,True,78.1,True,100.0,True,91.1
93,0.725,0.0,42.5,7.024,-11.1,False,,True,69.7,False,35.8,False,54.6,True,16.2,False,42.9
93,0.75,0.0,42.0,2.957,-5.9,False,,False,53.0,False,19.8,False,47.6,False,4.8,False,35.0
93,0.775,0.5,42.4,1.34,0.5,False,,False,43.4,False,13.2,False,51.3,False,2.8,False,25.2
93,0.8,0.2,41.0,0.707,4.7,False,,False,34.2,False,14.4,False,45.7,False,2.4,False,25.1
93,0.825,0.0,41.0,0.303,12.0,False,,False,21.1,False,18.9,False,10.5,False,2.3,False,25.1
93,0.85,0.1,42.8,0.45,13.8,False,,False,15.4,False,9.6,False,3.1,False,2.3,False,21.2
93,0.875,0.0,43.2,0.507,16.6,False,,False,21.6,False,9.3,False,17.2,False,2.3,False,21.3
93,0.9,0.0,41.0,0.617,16.7,False,,False,27.8,False,6.9,False,22.9,False,2.4,False,25.1
93,0.925,0.5,41.6,0.486,16.3,False,,False,25.5,False,2.8,False,24.4,False,2.4,False,23.7
93,0.95,0.1,42.1,0.612,18.8,False,,False,30.4,False,2.7,False,42.3,False,2.5,False,25.0
94,0.975,0.7,42.6,0.375,18.1,False,,False,31.1,False,16.2,False,53.9,False,2.5,False,26.4
94,0.0,0.0,41.4,0.29,18.6,False,,False,51.2,False,15.0,False,67.0,False,0.8,False,26.4
94,0.025,17.1,44.2,0.503,21.6,False,,False,40.2,False,17.7,False,49.0,False,0.5,False,25.0
94,0.05,31.2,46.0,0.347,19.5,False,,False,36.5,False,38.7,False,63.3,False,0.3,False,23.7
94,0.075,42.8,45.9,0.445,20.4,False,,False,27.5,False,3.3,False,47.2,False,0.2,False,22.3
94,0.1,53.1,45.4,0.342,23.5,False,,False,33.1,False,28.3,False,51.1,False,0.1,False,21.0
94,0.125,62.1,46.4,0.38,21.1,False,,False,15.5,False,3.0,False,45.5,False,0.0,False,19.6
94,0.15,69.0,45.9,0.334,22.4,False,,False,22.2,False,9.3,False,50.0,False,0.0,False,18.3
94,0.175,73.6,47.6,0.525,21.9,False,,False,19.3,False,4.6,False,44.0,False,0.0,False,16.9
94,0.2,80.7,46.6,0.287,21.5,False,,False,17.2,False,5.0,False,47.8,False,0.0,False,15.6
94,0.225,82.7,47.7,0.296,18.0,False,,False,25.9,False,35.1,False,45.2,False,0.0,False,14.2
94,0.25,88.3,49.5,0.414,22.3,False,,False,13.6,False,12.3,False,46.9,False,0.0,False,15.6
94,0.275,90.4,49.2,0.394,21.4,False,,False,7.5,False,4.0,False,34.4,False,0.0,False,14.1
94,0.3,92.1,47.9,0.222,20.7,False,,False,17.4,False,11.1,False,27.1,False,0.0,False,11.2
94,0.325,94.7,48.8,9.221,21.7,True,FLOW_SPIKE,False,50.8,True,100.0,True,100.0,True,23.2,False,42.5
94,0.35,97.8,49.5,8.772,19.2,True,FLOW_SPIKE,False,60.2,True,100.0,True,100.0,True,20.9,False,40.2
94,0.375,97.7,47.6,8.443,23.3,True,FLOW_SPIKE,False,58.0,True,100.0,True,100.0,True,19.3,False,38.5
94,0.4,99.6,48.6,9.799,23.0,True,FLOW_SPIKE,False,52.3,True,100.0,True,100.0,True,26.3,False,45.6
94,0.425,100.5,49.8,16.445,23.5,True,FLOW_SPIKE,False,64.6,True,100.0,True,100.0,True,76.7,True,80.4
94,0.45,101.0,50.5,15.768,22.1,True,FLOW_SPIKE,False,64.0,True,100.0,True,100.0,True,70.4,True,76.9
94,0.475,102.3,47.8,19.61,23.1,True,FLOW_SPIKE,False,68.0,True,100.0,True,100.0,True,100.0,True,97.0
94,0.5,102.2,49.3,21.319,22.2,True,FLOW_SPIKE,False,58.9,True,100.0,True,100.0,True,100.0,True,100.0
94,0.525,102.5,49.3,0.497,20.1,True,,False,6.7,False,17.9,False,16.2,False,0.0,False,14.8
94,0.55,104.0,50.8,0.221,24.6,False,,False,31.1,False,35.6,False,47.2,False,0.0,False,21.8
94,0.575,104.6,48.4,0.52,21.8,False,,False,7.5,False,0.9,False,29.6,False,0.0,False,15.6
94,0.6,104.4,49.8,0.257,19.5,False,,False,16.7,False,31.2,False,36.5,False,0.0,False,17.0
94,0.625,105.0,49.7,0.252,22.8,False,,False,13.8,False,4.3,False,39.2,False,0.0,False,16.5
94,0.65,103.8,49.7,0.33,18.8,False,,False,21.0,False,36.7,False,51.2,False,0.0,False,16.5
94,0.675,105.9,48.8,0.419,25.0,False,,False,28.9,False,19.1,False,68.1,False,0.0,False,16.0
94,0.7,104.1,50.8,18.351,-23.4,False,,True,100.0,True,70.2,True,93.9,True,98.8,True,90.4
94,0.725,0.0,41.4,6.919,-16.1,False,,True,77.7,False,39.8,True,83.0,True,16.2,True,50.5
94,0.75,0.0,43.0,2.818,-6.8,False,,False,58.8,False,35.4,False,64.0,False,4.6,False,36.4
94,0.775,0.1,42.8,1.355,3.6,False,,False,38.6,False,3.7,False,27.8,False,2.7,False,21.2
94,0.8,0.2,43.7,0.747,9.1,False,,False,36.8,False,23.0,False,20.7,False,2.3,False,21.2
94,0.825,0.1,41.8,0.39,12.0,False,,False,15.3,False,9.2,False,0.0,False,2.3,False,21.3
94,0.85,0.6,42.0,0.361,14.6,False,,False,20.0,False,0.6,False,0.0,False,2.3,False,21.1
94,0.875,0.0,40.0,0.269,17.5,False,,False,30.8,False,43.5,False,47.5,False,2.3,False,29.9
94,0.9,0.0,42.6,0.454,17.3,False,,False,15.1,False,5.2,False,20.4,False,2.4,False,22.3
94,0.925,0.1,43.1,0.345,16.7,False,,False,23.1,False,9.4,False,35.7,False,2.4,False,23.7
94,0.95,0.5,40.7,0.537,19.0,False,,False,37.5,False,15.0,False,56.3,False,2.5,False,26.5
95,0.975,0.2,41.6,0.343,16.9,False,,False,25.8,False,12.9,False,48.2,False,2.6,False,26.4
95,0.0,0.0,42.4,0.338,21.0,False,,False,46.0,False,0.0,False,62.0,False,0.8,False,26.4
95,0.025,17.1,41.2,0.409,22.6,False,,False,51.9,True,68.9,False,63.2,False,0.5,False,25.0
95,0.05,30.5,44.1,0.577,22.3,False,,False,47.6,False,14.2,False,38.0,False,0.3,False,23.7
95,0.075,43.2,45.2,0.436,20.4,False,,False,27.2,False,2.4,False,38.5,False,0.2,False,22.3
95,0.1,52.6,45.4,0.382,18.6,False,,False,34.0,False,19.5,False,41.6,False,0.1,False,21.0
95,0.125,62.2,46.5,0.315,21.4,False,,False,19.5,False,2.5,False,46.7,False,0.0,False,19.6
95,0.15,69.4,46.2,0.463,22.6,False,,False,20.8,False,10.7,False,50.0,False,0.0,False,18.3
95,0.175,75.1,46.2,0.551,24.2,False,,False,36.5,False,34.8,False,60.5,False,0.0,False,16.9
95,0.2,80.1,47.0,0.494,20.8,False,,False,14.2,False,4.9,False,42.7,False,0.0,False,15.6
95,0.225,82.6,48.2,0.348,20.3,False,,False,11.6,False,8.4,False,36.7,False,0.0,False,14.2
95,0.25,87.0,47.9,0.371,21.8,False,,False,5.7,False,3.7,False,33.5,False,0.0,False,12.9
95,0.275,91.2,47.2,0.386,23.8,False,,False,16.1,False,14.0,False,47.1,False,0.0,False,11.5
95,0.3,92.9,49.5,0.292,20.7,False,,False,12.2,False,7.8,False,33.1,False,0.0,False,15.6
95,0.325,95.4,47.8,0.53,21.7,False,,False,12.2,False,4.4,False,28.1,False,0.0,False,12.3
95,0.35,96.1,48.9,0.412,26.1,False,,False,25.8,False,47.3,False,41.9,False,0.0,False,13.7
95,0.375,99.1,49.3,0.505,21.9,False,,False,4.2,False,6.5,False,19.6,False,0.0,False,14.6
95,0.4,99.4,48.5,0.392,23.5,False,,False,4.5,False,6.1,False,19.9,False,0.0,False,13.8
95,0.425,100.0,50.2,0.485,20.8,False,,False,10.6,False,17.2,False,22.8,False,0.0,False,18.9
95,0.45,101.6,49.3,0.262,20.5,False,,False,8.7,False,12.4,False,14.2,False,0.0,False,14.6
95,0.475,101.6,49.7,0.386,20.2,False,,False,4.4,False,21.9,False,15.7,False,0.0,False,16.5
95,0.5,102.2,49.4,0.34,20.9,False,,False,0.3,False,6.5,False,13.0,False,0.0,False,15.1
95,0.525,104.2,48.8,0.51,20.6,False,,False,8.7,False,7.6,False,19.8,False,0.0,False,15.4
95,0.55,105.9,49.1,0.303,22.3,False,,False,10.1,False,3.2,False,24.9,False,0.0,False,16.0
95,0.575,103.5,49.8,0.359,22.3,False,,False,1.4,False,3.7,False,24.8,False,0.0,False,17.0
95,0.6,103.4,51.8,0.324,22.8,False,,False,28.2,False,26.7,True,76.5,False,0.0,False,26.5
95,0.625,105.3,50.9,0.415,23.9,False,,False,24.0,False,12.5,False,60.8,False,0.0,False,22.2
95,0.65,104.4,49.6,0.286,22.8,False,,False,10.6,False,2.5,False,44.7,False,0.0,False,16.0
95,0.675,105.0,49.6,0.359,22.0,False,,False,9.9,False,5.3,False,53.0,False,0.0,False,16.0
95,0.7,103.2,49.9,18.428,-26.6,False,,True,100.0,False,22.6,False,71.9,True,100.0,True,90.8
95,0.725,0.2,41.8,7.055,-14.1,False,,True,71.7,False,4.5,False,66.2,True,16.5,False,47.5
95,0.75,0.3,41.0,2.854,-3.8,False,,False,54.7,False,6.8,False,50.1,False,4.5,False,31.8
95,0.775,0.0,41.6,1.063,2.4,False,,False,35.8,False,10.1,False,44.6,False,2.6,False,22.3
95,0.8,0.5,42.8,0.661,8.5,False,,False,27.6,False,17.7,False,9.7,False,2.3,False,21.1
95,0.825,0.3,43.2,0.41,11.0,False,,False,23.3,False,9.4,False,12.1,False,2.3,False,21.2
95,0.85,0.0,43.3,0.466,12.5,False,,False,20.5,False,9.7,False,13.7,False,2.3,False,21.3
95,0.875,1.4,41.2,0.342,15.2,False,,False,33.4,False,10.2,False,12.1,False,2.3,False,24.1
95,0.9,0.3,40.9,0.468,16.4,False,,False,24.8,False,5.3,False,25.1,False,2.4,False,25.6
95,0.925,0.7,42.7,0.521,17.6,False,,False,29.9,False,5.4,False,30.2,False,2.4,False,23.7
95,0.95,0.0,41.6,0.28,20.4,False,,False,30.1,False,17.9,False,57.1,False,2.5,False,25.0
96,0.975,0.0,41.9,0.35,18.3,False,,False,22.6,False,5.1,False,52.5,False,2.6,False,26.4
96,0.0,0.2,43.5,0.469,20.1,False,,False,46.3,False,13.9,False,67.9,False,0.8,False,26.4
96,0.025,16.9,44.2,0.503,20.4,False,,False,37.9,False,10.9,False,45.8,False,0.5,False,25.0
96,0.05,31.3,44.0,0.237,24.2,False,,False,57.0,True,66.4,False,52.0,False,0.3,False,23.7
96,0.075,42.6,45.4,0.405,20.2,False,,False,26.9,False,4.3,False,40.1,False,0.2,False,22.3
96,0.1,52.8,74.2,0.214,20.5,True,THERMAL,False,59.5,True,100.0,True,100.0,False,2.5,True,100.0
96,0.125,61.3,89.8,0.548,21.5,True,THERMAL,False,52.8,True,100.0,True,100.0,True,5.7,True,100.0
96,0.15,68.2,86.9,0.231,23.0,True,THERMAL,False,54.7,True,100.0,True,100.0,False,4.9,True,100.0
96,0.175,75.3,83.4,0.455,22.8,True,THERMAL,False,45.3,True,100.0,True,100.0,False,3.9,True,100.0
96,0.2,80.0,96.0,0.373,24.3,True,THERMAL,False,48.2,True,100.0,True,100.0,True,7.0,True,100.0
96,0.225,84.3,93.9,0.228,22.3,True,THERMAL,False,43.6,True,100.0,True,100.0,True,6.4,True,100.0
96,0.25,87.4,90.7,0.487,22.1,True,THERMAL,False,36.1,True,100.0,True,100.0,False,5.4,True,100.0
96,0.275,90.1,89.7,0.372,23.3,True,THERMAL,False,36.3,True,100.0,True,100.0,False,5.1,True,100.0
96,0.3,93.0,85.1,0.37,22.7,True,THERMAL,False,33.2,True,100.0,True,100.0,False,4.0,True,100.0
96,0.325,94.8,82.5,0.492,21.6,True,THERMAL,False,31.9,True,100.0,True,100.0,False,3.4,True,100.0
96,0.35,96.0,45.8,0.522,24.5,True,,False,37.7,True,100.0,True,80.0,False,0.0,False,12.6
96,0.375,97.2,47.9,0.451,18.3,False,,False,22.0,True,55.5,False,28.9,False,0.0,False,13.0
96,0.4,99.0,48.1,0.227,22.8,False,,False,14.6,False,6.6,False,20.3,False,0.0,False,13.6
96,0.425,102.0,46.8,0.384,22.4,False,,False,13.2,False,40.4,False,50.2,False,0.0,False,14.7
96,0.45,100.8,47.2,0.635,21.8,False,,False,31.1,False,42.8,False,33.7,False,0.0,False,14.3
96,0.475,102.7,48.9,0.187,20.8,False,,False,15.1,False,6.5,False,15.0,False,0.0,False,14.9
96,0.5,103.3,49.9,0.401,20.5,False,,False,3.0,False,8.5,False,20.0,False,0.0,False,17.5
96,0.525,103.9,48.4,0.465,21.8,False,,False,3.2,False,3.1,False,21.6,False,0.0,False,15.3
96,0.55,104.4,49.9,0.345,24.3,False,,False,12.8,False,18.1,False,31.3,False,0.0,False,17.5
96,0.575,103.6,49.4,0.397,20.5,False,,False,1.7,False,10.8,False,23.6,False,0.0,False,15.2
96,0.6,104.3,49.7,0.49,22.1,False,,False,3.6,False,5.9,False,30.3,False,0.0,False,16.5
96,0.625,105.4,48.2,0.583,24.3,False,,False,29.2,False,35.0,False,54.1,False,0.0,False,15.9
96,0.65,104.9,48.9,0.445,21.4,False,,False,6.8,False,8.6,False,44.2,False,0.0,False,15.7
96,0.675,106.0,48.7,0.248,21.0,False,,False,23.0,False,10.8,False,57.4,False,0.0,False,16.1
96,0.7,106.1,48.3,18.445,-25.5,False,,True,100.0,False,22.0,True,76.3,True,100.0,True,90.9
96,0.725,0.5,41.8,6.931,-10.7,False,,True,74.3,False,33.5,False,52.3,True,15.8,False,42.3
96,0.75,0.0,40.4,2.799,-4.6,False,,False,57.8,False,37.2,False,71.9,False,4.5,False,33.0
96,0.775,0.0,41.7,1.237,3.1,False,,False,34.9,False,7.7,False,32.5,False,2.6,False,21.7
96,0.8,0.0,41.9,0.587,6.7,False,,False,23.6,False,4.9,False,22.2,False,2.3,False,21.3
96,0.825,0.4,43.0,0.346,11.8,False,,False,22.8,False,10.1,False,6.6,False,2.3,False,21.1
96,0.85,0.2,40.9,0.455,12.2,False,,False,20.0,False,14.7,False,13.8,False,2.3,False,25.6
96,0.875,0.2,42.1,0.391,16.0,False,,False,13.8,False,4.3,False,7.0,False,2.3,False,21.2
96,0.9,0.0,42.2,0.431,17.0,False,,False,14.5,False,4.0,False,17.3,False,2.4,False,22.3
96,0.925,0.3,42.8,0.44,17.7,False,,False,21.5,False,3.6,False,33.0,False,2.4,False,23.7
96,0.95,0.6,41.8,0.374,19.6,False,,False,28.4,False,7.5,False,48.8,False,2.5,False,25.0
97,0.975,0.0,42.4,0.469,19.3,False,,False,25.9,False,17.5,False,58.3,False,2.6,False,26.4
97,0.0,0.3,41.4,0.336,20.7,False,,False,49.7,False,8.2,False,67.8,False,0.8,False,26.4
97,0.025,16.5,43.4,0.411,21.6,False,,False,36.3,False,11.8,False,40.3,False,0.5,False,25.0
97,0.05,31.5,42.9,0.411,20.3,False,,False,35.1,False,25.0,False,31.5,False,0.3,False,23.7
97,0.075,43.2,96.9,0.348,21.8,True,THERMAL,False,53.3,True,100.0,True,100.0,True,8.2,True,100.0
97,0.1,52.9,81.9,0.356,21.9,True,THERMAL,False,50.5,True,100.0,True,100.0,False,4.0,True,100.0
97,0.125,61.1,78.8,0.549,18.5,True,THERMAL,False,62.8,True,100.0,True,100.0,False,3.2,True,100.0
97,0.15,68.1,86.1,0.374,22.4,True,THERMAL,False,44.4,True,100.0,True,100.0,False,4.7,True,100.0
97,0.175,74.1,90.1,0.45,22.4,True,THERMAL,False,43.8,True,100.0,True,100.0,True,5.5,True,100.0
97,0.2,80.8,95.3,0.609,20.6,True,THERMAL,False,53.5,True,100.0,True,100.0,True,6.8,True,100.0
97,0.225,82.8,90.4,0.343,22.5,True,THERMAL,False,38.3,True,100.0,True,100.0,False,5.4,True,100.0
97,0.25,87.8,47.7,0.505,22.3,True,,False,9.9,False,5.3,False,37.0,False,0.0,False,12.9
97,0.275,89.8,47.6,0.386,21.0,False,,False,5.1,False,9.0,False,31.5,False,0.0,False,11.5
97,0.3,92.8,48.3,0.276,20.1,False,,False,12.3,False,12.8,False,27.8,False,0.0,False,11.4
97,0.325,95.3,47.2,0.357,20.9,False,,False,12.1,False,14.9,False,35.9,False,0.0,False,12.3
97,0.35,96.0,48.9,0.43,22.1,False,,False,2.1,False,4.1,False,18.0,False,0.0,False,12.7
97,0.375,98.3,50.0,0.322,22.6,False,,False,7.2,False,9.5,False,26.8,False,0.0,False,17.9
97,0.4,99.7,49.6,0.465,24.2,False,,False,11.2,False,21.1,False,25.4,False,0.0,False,16.0
97,0.425,100.6,48.1,0.332,21.3,False,,False,4.0,False,5.3,False,18.4,False,0.0,False,14.2
97,0.45,102.4,49.3,0.309,22.7,False,,False,2.6,False,4.5,False,16.1,False,0.0,False,14.8
97,0.475,101.2,48.8,0.497,22.8,False,,False,5.2,False,7.2,False,12.4,False,0.0,False,14.4
97,0.5,103.5,48.1,0.509,25.5,False,,False,29.7,False,52.6,False,41.4,False,0.0,False,15.2
97,0.525,103.6,49.6,0.531,22.4,False,,False,7.1,False,10.9,False,18.2,False,0.0,False,16.0
97,0.55,103.8,50.0,0.464,19.9,False,,False,8.9,False,11.3,False,27.1,False,0.0,False,17.9
97,0.575,106.0,49.7,0.496,20.8,False,,False,12.8,False,10.3,False,30.0,False,0.0,False,16.5
97,0.6,104.9,50.6,0.319,20.1,False,,False,17.5,False,25.9,False,46.3,False,0.0,False,20.8
97,0.625,104.6,48.2,0.593,21.3,False,,False,21.5,False,16.7,False,43.2,False,0.0,False,15.6
97,0.65,104.7,51.8,0.431,24.0,False,,False,34.8,False,42.7,True,93.8,False,0.0,False,26.5
97,0.675,105.2,49.5,0.236,22.5,False,,False,18.4,False,11.5,False,54.0,False,0.0,False,15.8
97,0.7,104.5,48.6,18.458,-23.7,False,,True,98.6,False,10.9,True,74.8,True,100.0,True,91.0
97,0.725,0.6,42.4,6.98,-13.8,False,,True,72.7,False,0.1,False,61.3,True,16.2,False,47.0
97,0.75,0.1,41.2,2.676,-3.5,False,,False,52.1,False,1.3,False,48.8,False,4.2,False,31.3
97,0.775,0.1,41.5,1.401,1.5,False,,False,40.0,False,11.5,False,43.5,False,2.8,False,23.7
97,0.8,0.0,42.7,0.732,7.2,False,,False,27.2,False,22.9,False,16.9,False,2.4,False,21.3
97,0.825,0.0,41.9,0.314,13.4,False,,False,16.3,False,6.6,False,0.0,False,2.2,False,21.3
97,0.85,0.0,41.9,0.31,13.8,False,,False,15.7,False,0.5,False,1.8,False,2.3,False,21.3
97,0.875,0.2,42.9,0.12,15.4,False,,False,27.4,False,5.3,False,17.3,False,2.4,False,21.2
97,0.9,0.0,41.2,0.281,17.4,False,,False,21.5,False,8.1,False,26.1,False,2.4,False,24.1
97,0.925,0.0,41.3,0.529,16.0,False,,False,23.9,False,5.4,False,26.3,False,2.5,False,23.7
97,0.95,0.5,41.6,0.379,19.3,False,,False,25.0,False,4.9,False,47.8,False,2.5,False,25.0
98,0.975,0.0,42.0,0.476,18.6,False,,False,24.4,False,3.7,False,52.7,False,2.6,False,26.4
98,0.0,0.0,42.3,0.402,16.2,False,,False,48.5,True,70.5,False,68.7,False,0.8,False,26.4
98,0.025,16.9,43.0,0.532,21.9,False,,False,47.2,False,11.8,False,39.9,False,0.5,False,25.0
98,0.05,31.4,44.2,0.538,19.8,False,,False,39.6,False,0.4,False,32.2,False,0.3,False,23.7
98,0.075,42.7,44.0,0.335,21.3,False,,False,31.8,False,3.5,False,35.0,False,0.2,False,22.3
98,0.1,52.6,46.4,0.279,21.6,False,,False,27.6,False,16.6,False,49.2,False,0.1,False,21.0
98,0.125,61.5,44.6,0.35,20.2,False,,False,27.0,False,11.5,False,48.5,False,0.1,False,19.6
98,0.15,68.4,46.7,0.358,20.7,False,,False,15.2,False,3.1,False,43.8,False,0.0,False,18.3
98,0.175,75.6,48.8,0.267,21.8,False,,False,20.8,False,15.1,False,58.8,False,0.0,False,16.9
98,0.2,79.7,47.1,0.41,21.1,False,,False,9.5,False,4.6,False,41.5,False,0.0,False,15.6
98,0.225,83.2,47.5,0.354,25.0,False,,False,24.3,False,48.4,False,53.5,False,0.0,False,14.2
98,0.25,86.9,49.0,0.44,22.6,False,,False,10.8,False,7.6,False,39.2,False,0.0,False,13.2
98,0.275,91.2,49.2,0.41,22.2,False,,False,6.8,False,3.0,False,36.4,False,0.0,False,14.1
98,0.3,93.7,46.6,0.448,22.7,False,,False,14.8,False,19.9,False,52.2,False,0.0,False,11.7
98,0.325,94.9,47.9,0.281,21.9,False,,False,10.4,False,3.1,False,26.3,False,0.0,False,12.2
98,0.35,97.6,49.7,0.415,21.3,False,,False,4.7,False,7.1,False,26.7,False,0.0,False,16.5
98,0.375,97.3,49.1,0.5,20.9,False,,False,7.8,False,7.3,False,15.0,False,0.0,False,13.6
98,0.4,100.1,50.5,0.384,20.2,False,,False,14.5,False,23.6,False,35.0,False,0.0,False,20.3
98,0.425,100.3,48.5,0.309,20.3,False,,False,7.3,False,9.0,False,15.2,False,0.0,False,14.1
98,0.45,62.9,47.6,0.457,22.1,True,PRESSURE_DROP,False,22.3,True,100.0,False,0.0,False,0.2,False,7.6
98,0.475,64.7,48.7,0.452,23.0,True,PRESSURE_DROP,False,27.4,True,100.0,False,0.0,False,0.2,False,11.7
98,0.5,87.0,48.6,0.404,24.1,True,PRESSURE_DROP,False,16.5,True,100.0,False,0.0,False,0.0,False,11.3
98,0.525,75.6,48.1,0.27,20.3,True,PRESSURE_DROP,False,21.0,True,100.0,False,0.0,False,0.1,False,8.9
98,0.55,71.4,48.8,0.454,21.9,True,PRESSURE_DROP,False,19.4,True,100.0,False,0.0,False,0.2,False,12.2
98,0.575,77.6,49.0,0.297,23.2,True,PRESSURE_DROP,False,21.7,True,100.0,False,0.0,False,0.1,False,13.2
98,0.6,62.8,48.9,0.173,23.0,True,PRESSURE_DROP,False,38.9,True,100.0,False,11.4,False,0.3,False,12.7
98,0.625,104.8,47.8,0.408,21.3,True,,False,11.8,False,15.5,False,50.0,False,0.0,False,15.7
98,0.65,105.0,50.0,0.184,21.5,False,,False,21.9,False,7.6,False,48.1,False,0.0,False,17.9
98,0.675,105.5,50.1,0.293,22.8,False,,False,18.3,False,5.5,False,59.3,False,0.0,False,18.4
98,0.7,104.4,48.6,18.231,-23.3,False,,True,100.0,False,23.5,True,76.5,True,97.5,True,89.8
98,0.725,0.0,41.7,6.998,-12.7,False,,True,70.2,False,2.8,False,59.2,True,16.2,False,45.3
98,0.75,0.0,42.1,2.894,-3.2,False,,False,50.3,False,5.3,False,33.7,False,4.5,False,30.9
98,0.775,0.4,42.3,1.322,3.1,False,,False,39.2,False,3.0,False,28.8,False,2.6,False,21.3
98,0.8,0.3,41.1,0.688,8.4,False,,False,30.8,False,15.1,False,14.5,False,2.3,False,24.6
98,0.825,0.0,42.6,0.311,9.2,False,,False,21.1,False,14.0,False,17.9,False,2.3,False,21.3
98,0.85,1.2,42.6,0.566,13.7,False,,False,31.4,False,11.4,False,0.0,False,2.3,False,20.9
98,0.875,0.0,40.7,0.591,16.3,False,,False,28.5,False,9.4,False,20.5,False,2.3,False,26.5
98,0.9,0.0,40.8,0.477,16.3,False,,False,21.6,False,6.3,False,26.9,False,2.4,False,26.0
98,0.925,0.0,41.7,0.499,18.2,False,,False,21.0,False,6.9,False,30.8,False,2.4,False,23.7
98,0.95,0.1,40.8,0.469,20.1,False,,False,29.7,False,21.9,False,62.6,False,2.5,False,26.0
99,0.975,0.0,40.8,0.226,19.3,False,,False,37.3,False,20.3,False,69.5,False,2.6,False,26.4
99,0.0,0.3,41.8,0.406,20.5,False,,False,46.1,False,1.2,False,62.5,False,0.8,False,26.4
99,0.025,16.4,44.3,0.502,19.1,False,,False,42.3,False,16.0,False,47.6,False,0.5,False,25.0
99,0.05,31.9,46.0,0.479,17.5,False,,False,48.9,True,70.2,False,68.6,False,0.3,False,23.7
99,0.075,43.3,44.4,0.293,20.3,False,,False,32.9,False,0.4,False,34.2,False,0.2,False,22.3
99,0.1,53.1,45.8,0.235,21.9,False,,False,34.7,False,5.0,False,45.3,False,0.1,False,21.0
99,0.125,60.8,46.0,0.411,19.6,False,,False,21.2,False,6.7,False,42.5,False,0.1,False,19.6
99,0.15,69.0,46.4,0.429,22.1,False,,False,17.2,False,7.1,False,46.9,False,0.0,False,18.3
99,0.175,74.4,47.5,0.451,23.1,False,,False,16.1,False,10.8,False,48.6,False,0.0,False,16.9
99,0.2,79.5,47.7,0.284,22.8,False,,False,15.2,False,5.6,False,44.2,False,0.0,False,15.6
99,0.225,84.2,46.5,0.404,24.2,False,,False,24.8,False,21.8,False,59.1,False,0.0,False,14.2
99,0.25,87.4,48.1,0.276,22.2,False,,False,9.3,False,3.6,False,35.0,False,0.0,False,12.9
99,0.275,89.7,49.7,0.413,17.7,False,,False,28.8,True,58.9,False,55.2,False,0.0,False,16.5
99,0.3,92.6,48.6,0.341,22.1,False,,False,3.9,False,4.4,False,26.1,False,0.0,False,11.4
99,0.325,95.2,47.9,0.405,23.3,False,,False,9.9,False,6.7,False,30.9,False,0.0,False,12.3
99,0.35,97.2,46.7,0.232,23.4,False,,False,28.2,False,39.9,False,52.4,False,0.0,False,13.0
99,0.375,99.7,51.0,0.495,22.6,False,,False,22.1,False,28.3,False,52.0,False,0.0,False,22.7
99,0.4,99.3,49.7,0.577,22.9,False,,False,16.0,False,5.3,False,20.1,False,0.0,False,16.5
99,0.425,100.0,49.5,0.308,19.9,False,,False,9.2,False,23.6,False,16.4,False,0.0,False,15.6
99,0.45,101.7,49.4,0.388,22.2,False,,False,0.0,False,3.8,False,13.7,False,0.0,False,15.1
99,0.475,103.4,49.6,0.445,21.9,False,,False,0.0,False,5.8,False,16.6,False,0.0,False,16.0
99,0.5,102.8,49.0,0.428,20.8,False,,False,0.0,False,5.1,False,14.0,False,0.0,False,15.0
99,0.525,103.0,48.9,0.368,24.9,False,,False,14.4,False,31.7,False,28.0,False,0.0,False,15.0
99,0.55,104.4,50.6,0.597,21.6,False,,False,24.3,False,16.5,False,35.0,False,0.0,False,20.8
99,0.575,103.7,49.8,0.491,23.6,False,,False,7.6,False,11.7,False,28.9,False,0.0,False,17.0
99,0.6,104.8,50.1,0.477,20.8,False,,False,9.3,False,10.7,False,35.8,False,0.0,False,18.4
99,0.625,105.2,48.6,0.499,21.5,False,,False,10.4,False,7.1,False,39.8,False,0.0,False,15.8
99,0.65,105.9,48.4,0.465,23.6,False,,False,17.6,False,17.3,False,55.8,False,0.0,False,16.0
99,0.675,104.9,49.3,0.282,24.8,False,,False,26.9,False,15.5,False,62.7,False,0.0,False,15.7
99,0.7,105.7,47.4,18.183,-24.3,False,,True,100.0,True,96.7,True,100.0,True,97.2,True,89.5
99,0.725,0.0,42.8,6.892,-14.2,False,,True,74.0,False,2.6,False,64.6,True,15.9,False,47.6
99,0.75,0.0,42.9,2.919,-4.2,False,,False,53.3,False,4.9,False,43.3,False,4.6,False,32.4
99,0.775,0.0,41.6,1.409,5.3,False,,False,36.2,False,30.4,False,12.6,False,2.6,False,22.2
99,0.8,0.0,41.5,0.57,6.0,False,,False,24.8,False,16.8,False,31.3,False,2.4,False,22.7
99,0.825,0.2,41.7,0.347,10.1,False,,False,18.9,False,9.3,False,9.9,False,2.3,False,21.7
99,0.85,0.3,73.2,0.453,12.0,True,THERMAL,False,58.8,True,100.0,True,100.0,False,5.2,True,100.0
99,0.875,0.1,81.4,0.327,14.0,True,THERMAL,False,55.1,True,100.0,True,100.0,True,7.0,True,100.0
99,0.9,0.4,91.2,0.367,16.3,True,THERMAL,False,56.6,True,100.0,True,100.0,True,9.6,True,100.0
99,0.925,0.0,80.6,0.475,15.9,True,THERMAL,False,58.2,True,100.0,True,100.0,True,6.9,True,100.0
99,0.95,0.0,70.1,0.554,20.3,True,THERMAL,False,63.9,True,100.0,True,100.0,False,4.9,True,100.0
100,0.975,0.0,41.6,0.349,17.0,True,,False,24.5,False,11.8,False,48.5,False,2.6,False,26.4
